stem,mIoU,edge_precision,edge_recall,edge_f1,type_accuracy,ged,frobenius,frob_normalized,n_rooms_pred,n_rooms_gt,n_edges_pred,n_edges_gt
16649,0.9989,0.7,0.7,0.7,1.0,1.0,3.0757,0.4394,7,7,10,10
5674,0.9989,0.4545,0.4545,0.4545,0.8,4.0,4.1085,0.5869,7,7,11,11
9470,0.9981,0.4545,0.4545,0.4545,0.6,3.0,4.7392,0.5924,8,8,11,11
15266,0.9991,0.6154,0.6154,0.6154,1.0,1.0,4.2638,0.533,8,8,13,13
7876,0.9991,0.5714,0.5714,0.5714,0.75,1.0,5.006,0.5562,9,9,14,14
13135,0.9991,0.5,0.5,0.5,1.0,0.0,4.0,0.6667,6,6,8,8
13109,0.9993,0.6,0.6,0.6,0.6667,3.0,3.8026,0.5432,7,7,10,10
9271,0.9988,0.6471,0.6471,0.6471,0.7273,6.0,4.4766,0.4477,10,10,17,17
3675,0.999,0.75,0.75,0.75,0.8333,2.0,2.6758,0.446,6,6,8,8
6293,0.9989,0.8333,0.8333,0.8333,0.8,2.0,1.4,0.28,5,5,6,6
13388,0.9991,0.7222,0.7222,0.7222,0.7692,6.0,3.7895,0.3789,10,10,18,18
15441,0.9992,0.7692,0.8333,0.8,0.7,4.0,3.1113,0.3889,8,8,13,12
456,0.9996,1.0,1.0,1.0,1.0,0.0,0.0,0.0,5,5,8,8
7057,0.9994,0.8571,0.8571,0.8571,1.0,0.0,2.0,0.4,5,5,7,7
6863,0.9993,0.5455,0.5455,0.5455,0.6667,1.0,4.5891,0.6556,7,7,11,11
5049,0.9983,0.5714,0.5714,0.5714,0.75,4.0,4.5166,0.5646,8,8,14,14
15389,0.9988,0.875,0.875,0.875,1.0,0.0,2.0,0.3333,6,6,8,8
11855,0.9997,0.7778,0.7778,0.7778,0.7143,2.0,3.079,0.5132,6,6,9,9
2104,0.9992,0.6364,0.6364,0.6364,0.5714,3.0,3.8756,0.5537,7,7,11,11
1867,0.9992,0.5,0.5,0.5,1.0,2.0,4.3497,0.5437,8,8,12,12
4058,0.999,0.6111,0.6111,0.6111,0.8182,7.0,4.352,0.4352,10,10,18,18
6702,0.9967,0.5455,0.5455,0.5455,1.0,1.0,4.1785,0.5223,8,8,11,11
4858,0.9991,0.6154,0.6154,0.6154,1.0,0.0,4.4721,0.559,8,8,13,13
14448,0.9971,0.7333,0.7333,0.7333,0.9091,2.0,3.7363,0.3736,10,10,15,15
7022,0.9989,0.5455,0.5455,0.5455,0.8333,4.0,3.5889,0.5127,7,7,11,11
10980,0.9995,0.8889,0.8889,0.8889,0.625,3.0,2.5417,0.4236,6,6,9,9
476,0.9941,0.8235,0.8235,0.8235,0.8571,1.0,3.6139,0.3614,10,10,17,17
16391,0.9989,0.6667,0.6667,0.6667,0.8,2.0,4.6347,0.515,9,9,15,15
7463,0.9992,0.8333,0.8333,0.8333,0.9,2.0,2.6758,0.3345,8,8,12,12
5421,0.999,0.9333,0.9333,0.9333,0.6429,5.0,2.2847,0.2539,9,9,15,15
6608,0.9996,0.8889,0.8889,0.8889,0.875,1.0,2.1213,0.3536,6,6,9,9
3084,0.9993,0.6667,0.6667,0.6667,0.5833,6.0,4.6347,0.4635,10,10,18,18
6901,0.9991,0.5,0.5,0.5,1.0,0.0,4.0,0.6667,6,6,8,8
12206,0.9989,0.9091,0.9091,0.9091,0.6,3.0,2.4617,0.3517,7,7,11,11
8835,0.9986,0.8,0.8,0.8,0.8333,4.0,2.8142,0.3127,9,9,15,15
7505,0.999,0.5455,0.5455,0.5455,0.8333,1.0,4.5804,0.5725,8,8,11,11
5311,0.9993,0.8462,0.8462,0.8462,0.7273,2.0,3.1686,0.3961,8,8,13,13
9901,0.9967,0.4,0.4,0.4,0.75,26.0,7.9498,0.5678,14,14,30,30
10037,0.9993,0.8,0.8,0.8,0.1667,8.0,3.8262,0.4251,9,9,15,15
12686,0.9974,0.6316,0.6316,0.6316,0.5,8.0,5.1614,0.5161,10,10,19,19
11774,0.9998,0.8571,0.8571,0.8571,1.0,0.0,2.0,0.3333,6,6,7,7
16184,0.9991,0.5,0.5,0.5,1.0,0.0,4.0,0.6667,6,6,8,8
8812,0.9974,0.5,0.5,0.5,1.0,5.0,5.4277,0.5428,10,10,16,16
14447,0.9991,0.7143,0.7143,0.7143,1.0,1.0,3.6688,0.4076,9,9,14,14
14167,0.9988,0.6667,0.6667,0.6667,0.7,5.0,3.891,0.4323,9,9,15,15
14330,0.9987,0.7778,0.7778,0.7778,0.7143,3.0,2.1679,0.3613,6,6,9,9
12750,0.9985,0.8571,0.8571,0.8571,1.0,0.0,2.0,0.4,5,5,7,7
14651,0.9976,0.6316,0.6316,0.6316,0.5,9.0,4.9092,0.4909,10,10,19,19
11467,0.9992,0.8182,0.8182,0.8182,1.0,1.0,2.486,0.3551,7,7,11,11
15797,0.9989,0.4286,0.4286,0.4286,1.0,2.0,3.3045,0.5508,6,6,7,7
11490,0.9991,0.5,0.5,0.5,1.0,0.0,4.0,0.6667,6,6,8,8
11211,0.9988,0.9167,0.9167,0.9167,1.0,0.0,2.0,0.25,8,8,12,12
10431,0.9989,0.9091,0.9091,0.9091,0.7,3.0,2.3452,0.335,7,7,11,11
5179,0.9993,0.8889,0.8889,0.8889,1.0,0.0,2.0,0.3333,6,6,9,9
8090,0.9983,0.8571,0.8571,0.8571,0.6667,2.0,2.4413,0.4883,5,5,7,7
6460,0.9982,0.9286,0.9286,0.9286,0.6923,5.0,1.8601,0.2325,8,8,14,14
12321,0.9982,0.8889,0.8889,0.8889,0.625,3.0,2.3452,0.3909,6,6,9,9
15674,0.9987,0.7143,0.7143,0.7143,0.5333,16.0,4.1713,0.3476,12,12,21,21
6321,0.9979,1.0,1.0,1.0,0.9,1.0,0.7071,0.0884,8,8,10,10
12107,0.9978,0.7692,0.7692,0.7692,0.4,4.0,3.8884,0.4861,8,8,13,13
7313,0.9993,0.5385,0.5385,0.5385,0.8571,2.0,4.6861,0.5858,8,8,13,13
14945,0.9994,0.6,0.6,0.6,1.0,0.0,4.0,0.5714,7,7,10,10
10868,0.999,0.8182,0.8182,0.8182,0.7778,2.0,2.5534,0.3648,7,7,11,11
1511,0.9986,0.6923,0.6923,0.6923,0.7778,4.0,3.4525,0.4316,8,8,13,13
13492,0.9976,0.5294,0.5294,0.5294,1.0,12.0,5.2574,0.5257,10,10,17,17
12459,0.9988,0.7273,0.7273,0.7273,1.0,2.0,2.6306,0.3288,8,8,11,11
16332,0.9987,0.8182,0.8182,0.8182,0.7778,2.0,3.079,0.4399,7,7,11,11
1727,0.9992,0.75,0.75,0.75,0.8333,1.0,2.9155,0.4859,6,6,8,8
15479,0.9988,0.9167,0.9167,0.9167,0.7273,4.0,1.9799,0.22,9,9,12,12
3645,0.9965,0.4375,0.4375,0.4375,0.8571,2.0,5.889,0.5889,10,10,16,16
959,0.9991,0.7,0.7,0.7,0.7143,1.0,3.6139,0.5163,7,7,10,10
7462,0.9993,0.7273,0.7273,0.7273,0.875,2.0,3.1559,0.3945,8,8,11,11
3685,0.9937,0.6875,0.6875,0.6875,1.0,0.0,4.4721,0.4472,10,10,16,16
367,0.9994,0.75,0.75,0.75,0.6667,3.0,3.6742,0.4593,8,8,12,12
2382,0.999,0.7333,0.7333,0.7333,0.5455,8.0,3.0199,0.3355,9,9,15,15
2441,0.9962,0.2,0.1765,0.1875,0.6667,8.0,5.3104,0.531,9,10,15,17
13441,0.9994,0.6667,0.6667,0.6667,1.0,2.0,3.3045,0.4131,8,8,12,12
9187,0.9991,0.5,0.5,0.5,1.0,0.0,4.0,0.6667,6,6,8,8
12935,0.999,0.875,0.875,0.875,1.0,1.0,1.2083,0.2014,6,6,8,8
12279,0.9996,0.8182,0.8182,0.8182,0.7778,2.0,3.079,0.4399,7,7,11,11
6492,0.9989,0.6,0.6,0.6,0.8333,2.0,3.8,0.5429,7,7,10,10
2504,0.9988,1.0,1.0,1.0,0.9,1.0,0.7071,0.101,7,7,10,10
2562,0.9984,0.7692,0.7692,0.7692,0.7,4.0,2.912,0.364,8,8,13,13
1978,0.9985,0.8235,0.8235,0.8235,0.8571,5.0,2.4207,0.2421,10,10,17,17
9057,0.9981,0.6923,0.6923,0.6923,1.0,0.0,4.0,0.4444,9,9,13,13
6659,0.9984,0.8333,0.8333,0.8333,0.8,1.0,3.01,0.3762,8,8,12,12
6000,0.9186,0.3421,0.5417,0.4194,0.6923,39.0,6.6242,0.414,16,12,38,24
4877,0.9996,0.7,0.7,0.7,0.7143,3.0,3.3076,0.4725,7,7,10,10
2747,0.9983,0.7143,0.7143,0.7143,0.9,3.0,3.4496,0.4312,8,8,14,14
10655,0.9995,0.7143,0.7143,0.7143,0.8,6.0,2.7056,0.3382,8,8,14,14
7658,0.9991,0.8,0.8,0.8,1.0,0.0,2.8284,0.4041,7,7,10,10
984,0.9984,0.4167,0.4167,0.4167,1.0,2.0,4.8621,0.5402,9,9,12,12
16859,0.9991,0.5,0.5,0.5,1.0,0.0,4.0,0.6667,6,6,8,8
2939,0.9988,0.625,0.625,0.625,0.6,12.0,4.9659,0.4966,10,10,16,16
7700,0.9992,0.8333,0.8333,0.8333,0.5,5.0,2.9155,0.4165,7,7,12,12
13914,0.999,0.5882,0.5882,0.5882,0.6,7.0,4.1737,0.4174,10,10,17,17
453,0.9975,0.5625,0.5625,0.5625,0.8889,4.0,4.5695,0.4569,10,10,16,16
10192,0.9996,0.7143,0.7143,0.7143,1.0,0.0,2.8284,0.5657,5,5,7,7
9131,0.9918,0.5556,0.5556,0.5556,0.5,7.0,5.1245,0.4659,11,11,18,18
3420,0.9981,0.5,0.5,0.5,0.5714,4.0,4.9477,0.5497,9,9,14,14
3343,0.9976,0.1111,0.0909,0.1,0.0,4.0,5.7289,0.7161,7,8,9,11
2480,0.9993,0.5833,0.5833,0.5833,0.8571,3.0,4.0175,0.5022,8,8,12,12
12006,0.9993,0.6364,0.6364,0.6364,0.7143,3.0,3.8026,0.5432,7,7,11,11
3202,0.9988,0.6154,0.6154,0.6154,0.875,3.0,4.0175,0.5022,8,8,13,13
8661,0.9989,0.6429,0.6429,0.6429,0.7778,5.0,3.6579,0.4064,9,9,14,14
10217,0.9881,0.4,0.4,0.4,0.0,6.0,4.2942,0.5368,8,8,10,10
3334,0.9771,0.5789,0.6111,0.5946,0.8182,14.0,5.0299,0.4573,11,11,19,18
7758,0.999,0.7273,0.7273,0.7273,0.875,2.0,3.1559,0.4508,7,7,11,11
7944,0.9994,0.5333,0.5333,0.5333,0.625,5.0,4.8104,0.5345,9,9,15,15
11152,0.9967,0.8571,0.8571,0.8571,0.8333,1.0,2.2316,0.3719,6,6,7,7
9430,0.9992,0.8,0.8,0.8,0.875,2.0,2.4413,0.3488,7,7,10,10
7563,0.9989,0.5455,0.5455,0.5455,0.6667,3.0,4.2965,0.6138,7,7,11,11
7095,0.9994,0.4118,0.4118,0.4118,1.0,3.0,5.6903,0.569,10,10,17,17
1761,0.9992,0.5,0.5,0.5,0.5556,8.0,5.4553,0.5455,10,10,18,18
12610,0.9977,0.8824,0.9375,0.9091,0.4667,10.0,2.7495,0.3055,9,9,17,16
14580,0.9954,0.6154,0.64,0.6275,0.6875,21.0,5.1556,0.3437,15,15,26,25
1410,0.9961,0.5185,0.5185,0.5185,0.9286,23.0,5.51,0.3673,15,15,27,27
6195,0.9978,0.6667,0.75,0.7059,0.6667,3.0,3.1081,0.518,6,6,9,8
16236,0.9993,0.9,0.9,0.9,0.6667,4.0,1.9183,0.3197,6,6,10,10
845,0.9993,0.7273,0.7273,0.7273,0.75,4.0,2.8142,0.402,7,7,11,11
999,0.9991,0.5882,0.5882,0.5882,0.7,11.0,5.2383,0.5238,10,10,17,17
1962,0.9979,0.5556,0.5556,0.5556,1.0,10.0,4.6733,0.4248,11,11,18,18
4127,0.9966,0.5652,0.5652,0.5652,0.6923,14.0,5.9245,0.4557,13,13,23,23
3968,0.9991,0.8,0.8,0.8,0.75,6.0,2.4249,0.2694,9,9,15,15
6238,0.9996,0.8889,0.8889,0.8889,0.875,1.0,2.1213,0.3536,6,6,9,9
3117,0.9994,0.6154,0.6154,0.6154,0.875,2.0,4.2379,0.5297,8,8,13,13
2193,0.9992,0.7857,0.8462,0.8148,0.7273,3.0,3.1209,0.3468,9,9,14,13
14461,0.9994,0.5,0.5,0.5,1.0,0.0,3.4641,0.6928,5,5,6,6
14161,0.9991,0.5625,0.5625,0.5625,1.0,1.0,5.1166,0.5685,9,9,16,16
207,0.9989,0.5,0.5,0.5,0.7778,5.0,5.4203,0.542,10,10,18,18
9770,0.9973,0.5882,0.5882,0.5882,0.7,4.0,4.996,0.4996,10,10,17,17
12772,0.9994,0.6,0.6,0.6,0.7778,3.0,4.7896,0.5322,9,9,15,15
6479,0.9994,0.6667,0.6667,0.6667,0.6667,3.0,3.4147,0.5691,6,6,9,9
9694,0.9991,0.5,0.5,0.5,1.0,0.0,4.0,0.6667,6,6,8,8
7561,0.9994,0.6875,0.6875,0.6875,1.0,2.0,3.8626,0.3863,10,10,16,16
7752,0.999,0.4667,0.4667,0.4667,1.0,1.0,5.4277,0.6031,9,9,15,15
13932,0.9993,0.8,0.8,0.8,0.875,1.0,2.9155,0.4165,7,7,10,10
13569,0.9994,0.75,0.75,0.75,1.0,0.0,2.8284,0.4714,6,6,8,8
13964,0.9987,0.5,0.5,0.5,0.4444,10.0,5.3329,0.5333,10,10,18,18
14539,0.9989,0.7778,0.7778,0.7778,1.0,1.0,2.3367,0.3894,6,6,9,9
11007,0.9997,0.625,0.625,0.625,1.0,1.0,3.0757,0.4394,7,7,8,8
16875,0.9983,0.5417,0.5417,0.5417,0.6154,8.0,6.0663,0.5055,12,12,24,24
13439,0.9826,0.6,0.6207,0.6102,0.5,23.0,6.1612,0.4739,13,13,30,29
6139,0.998,0.8667,0.8667,0.8667,0.5385,8.0,2.623,0.2623,10,10,15,15
6676,0.9992,0.7,0.7,0.7,1.0,1.0,3.0757,0.4394,7,7,10,10
3283,0.9991,0.5,0.5,0.5,1.0,0.0,4.0,0.6667,6,6,8,8
14451,0.9984,0.8571,0.8571,0.8571,0.75,3.0,3.0822,0.3853,8,8,14,14
1254,0.9968,0.35,0.35,0.35,0.7143,23.0,6.5498,0.5038,13,13,20,20
1248,0.998,0.5455,0.5455,0.5455,1.0,0.0,4.4721,0.559,8,8,11,11
3220,0.996,0.6364,0.6364,0.6364,1.0,1.0,3.6688,0.4586,8,8,11,11
1223,0.9992,0.8,0.8,0.8,0.5,1.0,3.3196,0.4742,7,7,10,10
16645,0.9993,0.875,0.875,0.875,0.7143,2.0,2.2361,0.3727,6,6,8,8
6539,0.9991,0.4444,0.4444,0.4444,1.0,1.0,4.1785,0.6964,6,6,9,9
5625,0.9976,0.8182,0.8182,0.8182,0.8889,2.0,2.4413,0.3488,7,7,11,11
2077,0.9987,0.7692,0.7692,0.7692,0.8,2.0,3.2435,0.4054,8,8,13,13
4151,0.9991,0.9231,0.9231,0.9231,0.6667,5.0,2.1587,0.2698,8,8,13,13
331,0.9991,0.7333,0.7333,0.7333,0.7273,4.0,3.8678,0.4298,9,9,15,15
16152,0.9984,0.8182,0.8182,0.8182,1.0,1.0,2.3367,0.3338,7,7,11,11
13661,0.999,0.8889,0.8889,0.8889,0.875,1.0,2.1213,0.3536,6,6,9,9
15007,0.999,0.8889,0.8889,0.8889,1.0,1.0,1.4765,0.2109,7,7,9,9
1397,0.9984,0.3913,0.4091,0.4,0.7778,21.0,6.8381,0.526,13,13,23,22
62,0.9981,0.6,0.6,0.6,0.6667,15.0,4.3382,0.3944,11,11,20,20
1968,0.9977,0.55,0.55,0.55,0.6364,3.0,5.9649,0.5423,11,11,20,20
153,0.9989,0.3913,0.3913,0.3913,0.6667,7.0,7.0185,0.5399,13,13,23,23
5186,0.9341,0.4118,0.4667,0.4375,0.7143,9.0,4.8662,0.4055,12,11,17,15
9996,0.9992,0.7692,0.7692,0.7692,1.0,1.0,3.0757,0.3845,8,8,13,13
10564,0.9981,0.5294,0.5294,0.5294,0.8889,5.0,4.8765,0.4876,10,10,17,17
8762,0.9997,0.6667,0.6667,0.6667,0.75,3.0,3.4612,0.4327,8,8,12,12
15398,0.9991,0.5,0.5,0.5,1.0,0.0,4.0,0.6667,6,6,8,8
15292,0.9991,0.5,0.5,0.5,1.0,0.0,4.0,0.6667,6,6,8,8
10798,0.9977,0.7273,0.7273,0.7273,0.625,3.0,3.739,0.5341,7,7,11,11
15177,0.9985,0.7,0.7,0.7,0.4286,3.0,3.8131,0.5447,7,7,10,10
12788,0.9983,0.6111,0.6111,0.6111,0.7273,4.0,5.1923,0.472,11,11,18,18
10795,0.999,0.5294,0.5294,0.5294,0.6667,5.0,5.0931,0.5093,10,10,17,17
9907,0.9992,0.6364,0.6364,0.6364,1.0,2.0,3.3045,0.4721,7,7,11,11
13140,0.9987,0.8333,0.8333,0.8333,0.9,1.0,2.9155,0.3644,8,8,12,12
16451,0.9964,0.7,0.7,0.7,1.0,0.0,3.4641,0.4949,7,7,10,10
11161,0.9981,0.8571,0.8571,0.8571,1.0,1.0,2.3367,0.2596,9,9,14,14
5907,0.9993,0.7778,0.7778,0.7778,0.8571,1.0,2.9155,0.4859,6,6,9,9
3224,0.9993,0.6667,0.6667,0.6667,0.5,6.0,4.2942,0.4771,9,9,15,15
12082,0.9973,0.4211,0.4211,0.4211,1.0,14.0,6.2386,0.6239,10,10,19,19
14225,0.9979,0.5385,0.5385,0.5385,0.7143,4.0,4.5431,0.5679,8,8,13,13
1306,0.9956,0.25,0.25,0.25,0.0,13.0,6.5864,0.5988,11,11,20,20
15481,0.9982,0.6,0.6,0.6,0.7778,2.0,5.0951,0.5095,10,10,15,15
4487,0.9987,0.7647,0.7647,0.7647,0.6923,3.0,4.2497,0.4722,9,9,17,17
15167,0.9987,0.5,0.5,0.5,0.875,3.0,5.2364,0.5818,9,9,16,16
14273,0.9997,0.875,0.875,0.875,1.0,0.0,2.0,0.3333,6,6,8,8
413,0.9995,0.9,0.9,0.9,0.5556,4.0,1.8762,0.268,7,7,10,10
12816,0.999,0.8182,0.8182,0.8182,0.6667,4.0,2.6382,0.3769,7,7,11,11
9483,0.9967,0.7273,0.7273,0.7273,0.25,7.0,3.5299,0.5043,7,7,11,11
4446,0.9979,0.6667,0.6667,0.6667,0.9167,2.0,4.7624,0.4762,10,10,18,18
2612,0.9989,0.8571,0.8571,0.8571,0.9167,2.0,2.5377,0.282,9,9,14,14
15698,0.9989,0.6923,0.6923,0.6923,0.6667,4.0,3.8678,0.4835,8,8,13,13
14390,0.9993,0.5556,0.5556,0.5556,1.0,2.0,3.4117,0.5686,6,6,9,9
7182,0.9991,0.6364,0.6364,0.6364,0.8571,2.0,3.7363,0.5338,7,7,11,11
967,0.9965,0.6429,0.6923,0.6667,0.7778,3.0,4.1158,0.4573,9,9,14,13
8000,0.9993,0.6667,0.6667,0.6667,1.0,1.0,3.0757,0.5126,6,6,9,9
12044,0.9987,0.5556,0.5556,0.5556,0.4,3.0,3.8756,0.6459,6,6,9,9
14801,0.9975,0.625,0.625,0.625,0.7,7.0,4.0669,0.4067,10,10,16,16
13705,0.9989,0.8,0.8,0.8,0.75,3.0,2.6344,0.3763,7,7,10,10
6710,0.9965,0.7333,0.7333,0.7333,0.7273,2.0,4.1905,0.4656,9,9,15,15
8102,0.9974,0.8333,0.8333,0.8333,0.8,3.0,2.6344,0.3293,8,8,12,12
8013,0.9982,0.5333,0.5333,0.5333,0.75,3.0,5.1439,0.5715,9,9,15,15
5163,0.9185,0.3913,0.6429,0.4865,0.6667,16.0,5.2154,0.4346,12,9,23,14
11045,0.999,0.5455,0.5455,0.5455,1.0,1.0,4.2638,0.6091,7,7,11,11
1651,0.9991,0.4706,0.4706,0.4706,0.5,8.0,5.3217,0.5322,10,10,17,17
12227,0.9997,0.5455,0.5455,0.5455,1.0,0.0,4.4721,0.6389,7,7,11,11
6925,0.9985,0.7,0.7,0.7,0.8571,2.0,3.1559,0.4508,7,7,10,10
8518,0.9984,0.6364,0.6364,0.6364,0.8571,3.0,3.3793,0.4828,7,7,11,11
8943,0.9986,0.8,0.8,0.8,0.6667,6.0,3.3645,0.3738,9,9,15,15
681,0.9978,0.4375,0.4375,0.4375,0.8571,2.0,5.5714,0.5571,10,10,16,16
10651,0.9996,0.8571,0.8571,0.8571,0.8333,1.0,2.1213,0.4243,5,5,7,7
6974,0.9991,0.75,0.75,0.75,0.5556,4.0,3.3941,0.4243,8,8,12,12
7998,0.9994,0.5,0.5,0.5,0.5,7.0,4.1545,0.5935,7,7,12,12
8474,0.9956,0.6154,0.6667,0.64,0.625,5.0,3.8601,0.4825,8,8,13,12
952,0.9993,0.8182,0.8182,0.8182,0.8889,2.0,2.4413,0.3488,7,7,11,11
3217,0.9994,0.7,0.7,0.7,0.7143,3.0,3.3076,0.4725,7,7,10,10
1931,0.9989,0.8667,0.8667,0.8667,0.7692,5.0,2.1024,0.2336,9,9,15,15
16435,0.9996,0.8,0.8,0.8,0.75,3.0,2.6796,0.3828,7,7,10,10
9148,0.9971,0.7368,0.7368,0.7368,0.5714,8.0,4.3451,0.4345,10,10,19,19
4238,0.9982,0.7778,0.7778,0.7778,0.8571,2.0,2.4413,0.4069,6,6,9,9
9579,0.9858,0.6667,0.6667,0.6667,0.5,4.0,4.0,0.5,8,8,12,12
13228,0.9994,0.875,0.875,0.875,0.8571,1.0,2.1213,0.3536,6,6,8,8
9998,0.9923,0.9048,0.95,0.9268,0.8421,4.0,2.3833,0.1986,12,12,21,20
10944,0.9548,0.4444,0.5333,0.4848,0.375,18.0,3.5553,0.3232,11,9,18,15
14256,0.9999,0.875,0.875,0.875,0.8571,1.0,2.2316,0.3719,6,6,8,8
15501,0.9987,0.75,0.75,0.75,1.0,1.0,3.0757,0.3845,8,8,12,12
16309,0.9995,0.6667,0.6667,0.6667,0.75,2.0,2.4413,0.4883,5,5,6,6
5069,0.9997,0.6667,0.6667,0.6667,1.0,1.0,3.0757,0.5126,6,6,9,9
15680,0.9964,0.4,0.4,0.4,0.4,30.0,6.9671,0.4976,14,14,25,25
14141,0.9987,0.5294,0.5294,0.5294,0.4444,8.0,4.8083,0.4808,10,10,17,17
10462,0.9997,0.7273,0.7273,0.7273,0.625,3.0,3.739,0.5341,7,7,11,11
11273,0.9996,0.7,0.7,0.7,0.4286,3.0,3.7497,0.5357,7,7,10,10
16212,0.9921,0.4,0.4,0.4,0.5,12.0,6.5146,0.5011,13,13,20,20
13477,0.998,0.9091,0.9091,0.9091,0.9,2.0,1.4,0.2,7,7,11,11
1446,0.996,0.4118,0.4118,0.4118,1.0,3.0,5.8155,0.5816,10,10,17,17
15480,0.9988,0.8333,0.8333,0.8333,0.6667,6.0,3.3407,0.3037,11,11,18,18
10274,0.9971,0.6,0.6,0.6,0.5833,15.0,4.7582,0.4326,11,11,20,20
5,0.9982,0.6,0.6,0.6,0.7778,4.0,4.6476,0.5164,9,9,15,15
9288,0.9983,0.5,0.5,0.5,0.5556,11.0,4.4967,0.4497,10,10,18,18
14420,0.9995,0.8333,0.8333,0.8333,0.8,2.0,3.0,0.375,8,8,12,12
11370,0.997,0.4706,0.4706,0.4706,0.75,8.0,5.4736,0.5474,10,10,17,17
9672,0.9973,0.5882,0.5882,0.5882,0.9,3.0,4.8394,0.4839,10,10,17,17
14711,0.9972,1.0,1.0,1.0,0.9,1.0,0.7071,0.101,7,7,10,10
6786,0.9991,0.5385,0.5385,0.5385,0.7143,3.0,4.8394,0.5377,9,9,13,13
2598,0.9987,0.45,0.45,0.45,0.7778,15.0,6.1188,0.5563,11,11,20,20
13383,0.9986,0.75,0.75,0.75,1.0,1.0,3.0757,0.3845,8,8,12,12
12695,0.999,0.6,0.6,0.6,0.6667,3.0,3.8652,0.5522,7,7,10,10
14838,0.9987,0.6667,0.6667,0.6667,0.5,5.0,4.1881,0.4653,9,9,15,15
3261,0.998,0.7368,0.7368,0.7368,0.9286,4.0,3.6551,0.3323,11,11,19,19
14864,0.9983,0.4706,0.5,0.4848,0.625,6.0,5.4369,0.5437,10,10,17,16
13904,0.9988,0.65,0.65,0.65,0.8462,8.0,4.6303,0.3859,12,12,20,20
1570,0.9957,0.5882,0.5882,0.5882,0.7,7.0,4.5585,0.4559,10,10,17,17
10357,0.9971,0.45,0.45,0.45,1.0,10.0,6.4389,0.5854,11,11,20,20
138,0.996,0.619,0.619,0.619,0.5385,18.0,5.244,0.4767,11,11,21,21
5804,0.9982,0.8889,0.8889,0.8889,1.0,1.0,1.4765,0.2461,6,6,9,9
6645,0.9991,0.5,0.5,0.5,1.0,0.0,4.0,0.6667,6,6,8,8
5507,0.9991,0.75,0.75,0.75,0.8333,2.0,2.4413,0.4069,6,6,8,8
5178,0.998,0.6667,0.6667,0.6667,0.4167,6.0,5.008,0.5564,9,9,18,18
16934,0.9993,0.6667,0.6667,0.6667,0.75,2.0,3.9038,0.5577,7,7,12,12
9373,0.9991,0.5,0.5,0.5,1.0,0.0,4.0,0.6667,6,6,8,8
4473,0.9983,0.4,0.4,0.4,1.0,4.0,5.1536,0.5726,9,9,15,15
11429,0.9989,0.6667,0.6667,0.6667,0.875,3.0,3.3793,0.4224,8,8,12,12
2994,0.9985,0.375,0.4,0.3871,1.0,1.0,6.015,0.6015,10,10,16,15
7575,0.9993,0.8333,0.8333,0.8333,0.6,4.0,3.2373,0.4047,8,8,12,12
9715,0.9993,0.6429,0.6429,0.6429,0.7778,2.0,4.3035,0.5379,8,8,14,14
10138,0.9954,0.7,0.7,0.7,1.0,0.0,3.4641,0.433,8,8,10,10
10912,0.9992,0.8333,0.8333,0.8333,0.5,5.0,3.4554,0.4319,8,8,12,12
1000,0.9982,0.55,0.55,0.55,0.7273,14.0,5.6991,0.4749,12,12,20,20
9444,0.9977,0.6364,0.6364,0.6364,0.7143,1.0,4.1304,0.5163,8,8,11,11
5162,0.9974,0.7143,0.7143,0.7143,0.8,1.0,2.9155,0.4859,6,6,7,7
12888,0.9988,0.6429,0.6429,0.6429,0.5556,5.0,4.5978,0.5747,8,8,14,14
5043,0.9988,0.8889,0.8889,0.8889,0.75,2.0,2.3409,0.3902,6,6,9,9
12942,0.9988,0.7333,0.7333,0.7333,0.6364,3.0,3.9472,0.4386,9,9,15,15
2312,0.9985,0.7273,0.7273,0.7273,1.0,0.0,3.4641,0.4949,7,7,11,11
10023,0.9978,0.6667,0.6667,0.6667,0.875,3.0,3.3793,0.4224,8,8,12,12
774,0.9985,0.5556,0.5556,0.5556,1.0,0.0,4.0,0.5714,7,7,9,9
864,0.9952,0.6667,0.7059,0.6857,0.9167,8.0,4.01,0.3645,11,11,18,17
9462,0.9986,0.8333,0.8333,0.8333,1.0,0.0,2.8284,0.3536,8,8,12,12
8048,0.9973,0.625,0.625,0.625,1.0,0.0,3.4641,0.4949,7,7,8,8
1073,0.9979,0.7647,0.7647,0.7647,0.6154,6.0,3.7363,0.3397,11,11,17,17
7371,0.9961,0.2308,0.2308,0.2308,0.6667,51.0,9.3349,0.4667,20,20,39,39
12222,0.9991,0.5294,0.5294,0.5294,0.6667,7.0,4.6454,0.4645,10,10,17,17
13486,0.9984,0.5789,0.5789,0.5789,0.6364,7.0,5.0813,0.4619,11,11,19,19
13164,0.9995,0.7,0.7,0.7,0.5714,3.0,3.3196,0.4742,7,7,10,10
3796,0.9982,0.7143,0.7143,0.7143,0.7,5.0,3.1528,0.3503,9,9,14,14
3339,0.9986,0.45,0.45,0.45,0.6667,13.0,5.8924,0.5357,11,11,20,20
13681,0.9985,0.8571,0.8571,0.8571,0.8333,1.0,2.1213,0.4243,5,5,7,7
8404,0.9991,0.875,0.875,0.875,0.7143,2.0,2.2361,0.3727,6,6,8,8
11431,0.9934,0.5652,0.5652,0.5652,0.4615,18.0,6.1806,0.5151,12,12,23,23
2831,0.9986,0.6,0.6,0.6,0.7778,4.0,4.4632,0.4959,9,9,15,15
1537,0.9993,0.5385,0.5385,0.5385,0.8571,5.0,3.8807,0.4851,8,8,13,13
5534,0.9995,1.0,1.0,1.0,1.0,0.0,0.0,0.0,5,5,6,6
8410,0.999,0.6667,0.6667,0.6667,0.6667,1.0,3.6139,0.6023,6,6,9,9
1712,0.9997,0.5556,0.5556,0.5556,0.8,2.0,3.8936,0.6489,6,6,9,9
6474,0.9983,0.8571,0.8571,0.8571,1.0,0.0,2.0,0.4,5,5,7,7
2163,0.9988,0.8,0.8,0.8,0.875,3.0,2.0347,0.2907,7,7,10,10
13375,0.9987,0.8571,0.8571,0.8571,1.0,0.0,2.0,0.4,5,5,7,7
5238,0.9991,0.8,0.8,0.8,1.0,0.0,2.8284,0.4041,7,7,10,10
16183,0.9991,0.5,0.5,0.5,1.0,0.0,4.0,0.6667,6,6,8,8
15387,0.9991,0.875,0.875,0.875,0.7143,1.0,2.2494,0.3749,6,6,8,8
4531,0.9628,0.2432,0.2727,0.2571,0.2222,52.0,7.711,0.4284,18,16,37,33
12625,0.9992,0.6,0.6,0.6,0.8333,3.0,3.3793,0.4828,7,7,10,10
13610,0.9995,0.6,0.6,0.6,0.6667,3.0,3.8652,0.5522,7,7,10,10
5409,0.9994,0.8462,0.8462,0.8462,0.5455,5.0,3.0757,0.3845,8,8,13,13
15819,0.9994,1.0,1.0,1.0,1.0,0.0,0.0,0.0,5,5,6,6
13244,0.9995,0.6,0.6,0.6,1.0,2.0,3.5157,0.5022,7,7,10,10
16111,0.9992,0.8333,0.8333,0.8333,1.0,0.0,2.0,0.4,5,5,6,6
16351,0.9996,0.875,0.875,0.875,0.4286,4.0,2.0,0.3333,6,6,8,8
11384,0.9989,0.8889,0.8889,0.8889,0.625,3.0,1.7378,0.2483,7,7,9,9
1399,0.9993,0.8889,0.8889,0.8889,0.75,2.0,2.2361,0.3194,7,7,9,9
12479,0.913,0.8,0.8,0.8,0.875,1.0,2.9967,0.4281,7,7,10,10
5885,0.966,0.5789,0.5789,0.5789,0.9091,10.0,4.5188,0.3766,12,12,19,19
8650,0.9982,0.8125,0.8125,0.8125,0.7692,3.0,3.3196,0.3688,9,9,16,16
2031,0.9994,0.7857,0.7857,0.7857,0.9091,3.0,2.724,0.3027,9,9,14,14
16138,0.9987,0.4,0.4,0.4,1.0,1.0,4.7096,0.5887,8,8,10,10
11503,0.9996,0.625,0.625,0.625,0.8,3.0,2.8531,0.4755,6,6,8,8
5705,0.9981,0.8571,0.8571,0.8571,1.0,1.0,2.486,0.2762,9,9,14,14
3249,0.9993,0.7333,0.7333,0.7333,0.8182,5.0,3.4322,0.3814,9,9,15,15
3440,0.9994,0.75,0.75,0.75,0.7778,1.0,3.6139,0.5163,7,7,12,12
9777,0.9986,0.6667,0.6667,0.6667,0.9,2.0,4.322,0.4322,10,10,15,15
8443,0.9982,0.35,0.35,0.35,0.7143,19.0,6.5498,0.5458,12,12,20,20
11862,0.997,0.4706,0.4706,0.4706,1.0,6.0,5.7845,0.5784,10,10,17,17
11782,0.9989,0.875,0.875,0.875,1.0,1.0,1.2083,0.2014,6,6,8,8
14677,0.9989,0.8889,0.8889,0.8889,0.875,1.0,2.1213,0.3536,6,6,9,9
8828,0.9994,0.875,0.875,0.875,0.8571,2.0,1.7776,0.2963,6,6,8,8
4691,0.9984,0.5333,0.5333,0.5333,1.0,1.0,5.0458,0.5606,9,9,15,15
8895,0.9991,1.0,1.0,1.0,0.6,4.0,1.4142,0.202,7,7,10,10
9257,0.998,0.5882,0.5882,0.5882,0.7,5.0,4.8104,0.4373,11,11,17,17
2309,0.9997,0.8889,0.8889,0.8889,0.75,2.0,2.4413,0.4069,6,6,9,9
9311,0.9988,0.7143,0.7143,0.7143,1.0,0.0,2.8284,0.4714,6,6,7,7
10783,0.9995,0.7273,0.7273,0.7273,0.625,3.0,3.739,0.5341,7,7,11,11
2748,0.9993,0.75,0.75,0.75,1.0,1.0,2.3367,0.3894,6,6,8,8
15944,0.9987,0.5385,0.5385,0.5385,0.8571,3.0,4.4068,0.5509,8,8,13,13
7507,0.9991,0.5,0.5,0.5,1.0,2.0,4.7875,0.5984,8,8,14,14
4146,0.9985,1.0,1.0,1.0,0.6,2.0,1.456,0.208,7,7,10,10
16300,0.9979,0.7778,0.7778,0.7778,0.8571,1.0,2.9155,0.4859,6,6,9,9
11078,0.9995,0.3333,0.3333,0.3333,0.8,4.0,5.7341,0.6371,9,9,15,15
16683,0.9991,1.0,1.0,1.0,1.0,0.0,0.0,0.0,8,8,9,9
16372,0.998,0.55,0.55,0.55,0.7273,5.0,5.4314,0.4938,11,11,20,20
396,0.9993,0.8125,0.8125,0.8125,0.6154,4.0,3.4756,0.3862,9,9,16,16
6716,0.9985,0.4,0.4,0.4,0.75,3.0,4.4878,0.6411,7,7,10,10
4067,0.9993,0.5455,0.5455,0.5455,0.3333,6.0,3.8,0.5429,7,7,11,11
11038,0.9547,0.3333,0.5,0.4,1.0,1.0,2.0445,0.5111,4,4,3,2
8454,0.9995,0.7273,0.7273,0.7273,1.0,1.0,3.0757,0.4394,7,7,11,11
14404,0.9991,0.5,0.5,0.5,1.0,0.0,4.0,0.6667,6,6,8,8
5628,0.9985,0.6923,0.6923,0.6923,0.8889,1.0,4.062,0.5078,8,8,13,13
1810,0.9995,0.5714,0.5714,0.5714,1.0,0.0,3.4641,0.5774,6,6,7,7
14190,0.9991,0.8462,0.8462,0.8462,0.7273,4.0,2.6382,0.3298,8,8,13,13
230,0.9991,0.5833,0.5833,0.5833,1.0,2.0,3.8626,0.4828,8,8,12,12
5161,0.9942,0.6,0.6,0.6,1.0,1.0,3.6688,0.5241,7,7,10,10
15619,0.9986,0.8,0.8,0.8,0.875,3.0,1.8493,0.2642,7,7,10,10
1888,0.9996,0.8,0.8,0.8,0.75,2.0,2.5534,0.3648,7,7,10,10
1961,0.9992,0.625,0.625,0.625,0.7,9.0,5.0498,0.505,10,10,16,16
4538,0.9981,0.65,0.65,0.65,0.7692,12.0,4.4587,0.4053,11,11,20,20
3313,0.9813,0.7273,0.7273,0.7273,0.375,5.0,3.0887,0.3861,8,8,11,11
8691,0.9973,0.2917,0.2917,0.2917,0.7143,26.0,7.5073,0.5775,13,13,24,24
4889,0.9993,0.7857,0.7857,0.7857,0.6364,2.0,3.7577,0.4175,9,9,14,14
2040,0.9993,0.3158,0.3158,0.3158,0.5,16.0,6.6197,0.6018,11,11,19,19
14382,0.9984,0.4583,0.4583,0.4583,0.6364,18.0,6.1172,0.4706,13,13,24,24
1021,0.996,0.619,0.619,0.619,1.0,7.0,4.9376,0.4115,12,12,21,21
14535,0.9962,0.7059,0.7059,0.7059,0.9167,3.0,3.9268,0.357,11,11,17,17
1740,0.9992,0.4375,0.4375,0.4375,1.0,2.0,5.5606,0.5561,10,10,16,16
4507,0.9989,0.6875,0.6875,0.6875,0.9091,2.0,4.2379,0.4238,10,10,16,16
5494,0.9422,0.4286,0.4286,0.4286,1.0,1.0,5.4277,0.6031,9,9,14,14
5251,0.9984,0.8571,0.8571,0.8571,0.6667,2.0,2.2361,0.4472,5,5,7,7
10869,0.9988,0.6429,0.6429,0.6429,1.0,1.0,4.2638,0.4738,9,9,14,14
2453,0.9975,0.5789,0.5789,0.5789,0.6364,4.0,5.6143,0.5104,11,11,19,19
6877,0.999,0.7857,0.7857,0.7857,0.7273,4.0,3.4176,0.4272,8,8,14,14
7196,0.9951,0.5,0.5,0.5,0.2857,5.0,5.0537,0.5615,9,9,14,14
14283,0.9996,0.6923,0.6923,0.6923,0.7778,3.0,3.5637,0.4455,8,8,13,13
1096,0.9976,0.7333,0.7333,0.7333,0.6364,5.0,3.5071,0.3507,10,10,15,15
203,0.9986,0.6364,0.6364,0.6364,0.5714,2.0,4.1905,0.5986,7,7,11,11
14919,0.9987,0.8,0.8,0.8,0.625,2.0,3.0919,0.4417,7,7,10,10
6220,0.9997,0.9,1.0,0.9474,0.6667,3.0,2.1119,0.352,6,6,10,9
12541,0.999,0.8571,0.8571,0.8571,1.0,0.0,2.0,0.4,5,5,7,7
15733,0.9926,0.2703,0.2703,0.2703,0.4,39.0,9.5666,0.5315,18,18,37,37
8176,0.9993,0.7778,0.7778,0.7778,0.8571,1.0,2.9155,0.4859,6,6,9,9
15748,0.9984,0.4286,0.4286,0.4286,1.0,2.0,3.3045,0.5508,6,6,7,7
1259,0.9994,0.8333,0.8333,0.8333,0.8,2.0,3.0,0.4286,7,7,12,12
11981,0.9993,0.0909,0.0833,0.087,1.0,6.0,4.7159,0.5895,7,8,11,12
6170,0.9931,0.875,0.875,0.875,0.7143,1.0,2.2494,0.3749,6,6,8,8
5118,0.9989,0.6667,0.6667,0.6667,0.625,3.0,3.9674,0.5668,7,7,12,12
15729,0.9992,0.7,0.7,0.7,0.8571,2.0,3.2311,0.4616,7,7,10,10
8527,0.9984,1.0,1.0,1.0,0.8571,1.0,0.9899,0.165,6,6,7,7
9228,0.9941,0.8333,0.8333,0.8333,0.4,7.0,2.4454,0.3057,8,8,12,12
16002,0.9989,0.8,0.8,0.8,0.625,3.0,3.0822,0.4403,7,7,10,10
11651,0.9991,0.625,0.625,0.625,1.0,1.0,3.0757,0.5126,6,6,8,8
11916,0.9991,1.0,1.0,1.0,0.9,1.0,0.7071,0.101,7,7,10,10
2630,0.9988,0.7143,0.7143,0.7143,0.7,3.0,3.8756,0.4306,9,9,14,14
3253,0.999,0.5333,0.5333,0.5333,0.875,5.0,4.2825,0.4758,9,9,15,15
4117,0.994,0.5882,0.5882,0.5882,0.0,14.0,5.0379,0.5038,10,10,17,17
16674,0.9957,0.8571,0.8571,0.8571,1.0,0.0,2.0,0.3333,6,6,7,7
15947,0.9997,0.8182,0.8182,0.8182,1.0,1.0,2.3367,0.3338,7,7,11,11
8,0.9991,0.8182,0.8182,0.8182,0.6667,3.0,3.0822,0.3853,8,8,11,11
17101,0.9958,0.5926,0.5926,0.5926,0.625,23.0,5.9883,0.3992,15,15,27,27
1640,0.9989,0.5625,0.5625,0.5625,0.7778,2.0,5.4736,0.5474,10,10,16,16
2813,0.9947,0.875,0.875,0.875,0.8571,1.0,2.2316,0.3719,6,6,8,8
16568,0.9996,0.9091,1.0,0.9524,0.6,4.0,2.1166,0.3528,6,6,11,10
16924,0.998,0.7143,0.7143,0.7143,0.0,5.0,2.832,0.472,6,6,7,7
2989,0.9995,0.625,0.6667,0.6452,0.7,9.0,4.4362,0.4436,10,10,16,15
13726,0.9982,0.7273,0.7273,0.7273,0.875,3.0,2.724,0.3891,7,7,11,11
8801,0.9965,0.4211,0.4444,0.4324,0.75,13.0,6.1968,0.5633,11,11,19,18
13086,0.9981,0.625,0.625,0.625,0.8,1.0,3.6028,0.5147,7,7,8,8
4813,0.9994,0.9,0.9,0.9,1.0,0.0,2.0,0.25,8,8,10,10
13571,0.9988,0.6111,0.6111,0.6111,1.0,2.0,4.7875,0.4787,10,10,18,18
2102,0.9976,0.7778,0.7778,0.7778,0.5,6.0,4.02,0.4467,9,9,18,18
14811,0.9993,0.7,0.7,0.7,0.7143,2.0,3.6056,0.5151,7,7,10,10
14995,0.9981,0.6,0.6,0.6,0.5,20.0,4.99,0.4158,12,12,20,20
7811,0.9992,0.7333,0.7333,0.7333,0.8182,3.0,3.8026,0.4225,9,9,15,15
4671,0.999,0.8,0.8,0.8,0.9167,2.0,3.268,0.3631,9,9,15,15
9175,0.997,0.381,0.381,0.381,1.0,12.0,6.4389,0.5366,12,12,21,21
14337,0.9997,0.7778,0.7778,0.7778,0.5714,3.0,2.6495,0.4416,6,6,9,9
13943,0.9991,0.7143,0.7143,0.7143,0.6,4.0,1.9799,0.396,5,5,7,7
9294,0.9995,0.7273,0.7273,0.7273,0.875,3.0,2.724,0.3891,7,7,11,11
957,0.9995,0.7778,0.7778,0.7778,0.7143,3.0,2.5417,0.4236,6,6,9,9
9771,0.9967,0.3182,0.3182,0.3182,0.4286,28.0,7.4458,0.5728,13,13,22,22
1539,0.9977,0.6667,0.6667,0.6667,0.8,3.0,4.0866,0.4087,10,10,15,15
11877,0.9993,0.5455,0.5455,0.5455,0.8333,1.0,4.5804,0.6543,7,7,11,11
5816,0.9994,0.6,0.6,0.6,0.8333,2.0,3.8,0.5429,7,7,10,10
874,0.9988,0.3333,0.3333,0.3333,0.75,4.0,5.1069,0.6384,8,8,12,12
78,0.9967,0.7143,0.7143,0.7143,0.9,1.0,3.5861,0.3586,10,10,14,14
15341,0.9985,0.8,0.8,0.8,0.875,2.0,2.5846,0.3692,7,7,10,10
1683,0.9984,0.5294,0.5294,0.5294,0.8889,3.0,5.282,0.5282,10,10,17,17
1953,0.9993,0.6364,0.6364,0.6364,0.7143,3.0,3.8962,0.487,8,8,11,11
6726,0.9993,0.875,0.875,0.875,0.5714,3.0,2.3452,0.3909,6,6,8,8
272,0.9991,0.7333,0.7333,0.7333,0.9091,1.0,4.062,0.4513,9,9,15,15
8282,0.9986,0.5882,0.5882,0.5882,0.8,5.0,4.2119,0.4212,10,10,17,17
6433,0.9994,0.6471,0.6875,0.6667,0.8182,7.0,3.4264,0.3426,10,10,17,16
5841,0.9879,0.9,0.8182,0.8571,0.5556,5.0,2.7857,0.3482,8,8,10,11
14223,0.9968,0.7,0.7,0.7,1.0,0.0,3.4641,0.5774,6,6,10,10
10503,0.9985,0.6429,0.6429,0.6429,0.6667,5.0,4.14,0.46,9,9,14,14
10551,0.9969,0.3529,0.3529,0.3529,0.8333,7.0,5.6178,0.5618,10,10,17,17
9539,0.9958,0.7,0.7,0.7,0.8571,2.0,3.1559,0.4508,7,7,10,10
9894,0.9989,0.625,0.625,0.625,0.3,7.0,4.4788,0.4976,9,9,16,16
3809,0.9992,0.8571,0.8571,0.8571,0.6667,2.0,2.2361,0.4472,5,5,7,7
13095,0.996,0.4667,0.4667,0.4667,0.7143,5.0,5.3963,0.5396,10,10,15,15
14265,0.9985,0.8571,0.8571,0.8571,0.8333,1.0,2.1213,0.3536,6,6,7,7
16265,0.9994,0.5455,0.5455,0.5455,1.0,2.0,3.8626,0.5518,7,7,11,11
2687,0.9996,0.6923,0.6923,0.6923,0.6667,5.0,3.3377,0.4172,8,8,13,13
3228,0.997,0.4242,0.4375,0.4308,0.9286,17.0,7.5379,0.4711,16,16,33,32
840,0.9986,0.8462,0.8462,0.8462,0.5455,4.0,3.0463,0.3808,8,8,13,13
9994,0.9936,0.303,0.3125,0.3077,0.5,36.0,7.9246,0.4953,16,16,33,32
4752,0.9991,0.5,0.5,0.5,1.0,0.0,4.0,0.6667,6,6,8,8
2065,0.9987,0.9,0.9,0.9,0.7778,2.0,2.2361,0.3194,7,7,10,10
4849,0.9962,0.4348,0.4348,0.4348,0.8,6.0,6.7617,0.5635,12,12,23,23
10076,0.9988,0.7273,0.7273,0.7273,0.75,2.0,3.2435,0.4634,7,7,11,11
8640,0.9993,0.6429,0.6429,0.6429,0.5556,6.0,3.8,0.475,8,8,14,14
16751,0.992,0.4737,0.4737,0.4737,0.7778,3.0,6.3356,0.576,11,11,19,19
1188,0.9983,0.5882,0.5882,0.5882,1.0,11.0,4.7875,0.4787,10,10,17,17
8293,0.9994,0.5385,0.5385,0.5385,0.7143,3.0,4.7896,0.5322,9,9,13,13
11502,0.9991,0.5,0.5,0.5,1.0,0.0,4.0,0.6667,6,6,8,8
10712,0.9993,0.6923,0.6923,0.6923,0.6667,3.0,4.2403,0.53,8,8,13,13
9436,0.9971,0.8333,0.8333,0.8333,1.0,1.0,2.486,0.3107,8,8,12,12
7363,0.9993,0.6667,0.6667,0.6667,0.8333,1.0,3.5355,0.5051,7,7,9,9
15118,0.9991,0.6923,0.6923,0.6923,0.7778,3.0,4.0175,0.5022,8,8,13,13
14673,0.9978,0.6923,0.6923,0.6923,1.0,2.0,3.4117,0.3791,9,9,13,13
10730,0.9991,0.6667,0.6667,0.6667,0.625,4.0,3.5327,0.4416,8,8,12,12
12182,0.9975,0.6875,0.6875,0.6875,0.7273,5.0,4.0522,0.4052,10,10,16,16
4830,0.9983,0.4167,0.4167,0.4167,0.8,2.0,5.2115,0.6514,8,8,12,12
2373,0.996,0.8333,0.8333,0.8333,0.9,2.0,2.5846,0.3231,8,8,12,12
9190,0.9994,0.625,0.625,0.625,1.0,0.0,3.4641,0.5774,6,6,8,8
3484,0.9978,0.5333,0.5333,0.5333,0.75,6.0,4.3405,0.4341,10,10,15,15
5546,0.9971,0.5,0.5,0.5,0.8,1.0,4.5277,0.6468,7,7,10,10
7627,0.9977,0.5455,0.5455,0.5455,0.8333,4.0,3.5889,0.5127,7,7,11,11
7801,0.9993,0.7273,0.7273,0.7273,0.625,3.0,3.6742,0.5249,7,7,11,11
1304,0.9986,0.625,0.625,0.625,1.0,3.0,4.0472,0.4497,9,9,16,16
1148,0.999,0.6111,0.6111,0.6111,0.7273,13.0,4.99,0.4536,11,11,18,18
11627,0.999,0.4167,0.4167,0.4167,1.0,2.0,4.8621,0.6078,8,8,12,12
16940,0.9977,0.5,0.5,0.5,0.6,3.0,4.352,0.544,8,8,10,10
7777,0.9992,0.5833,0.5833,0.5833,0.7143,3.0,4.434,0.5542,8,8,12,12
9688,0.9988,0.4375,0.4375,0.4375,0.7143,6.0,5.2269,0.5227,10,10,16,16
8936,0.9978,0.4286,0.4286,0.4286,0.4444,21.0,6.4498,0.5863,11,11,21,21
3780,0.9953,0.6,0.6207,0.6102,0.6667,23.0,5.7044,0.3565,16,16,30,29
16648,0.9993,0.7778,0.7778,0.7778,0.7143,2.0,3.079,0.5132,6,6,9,9
9866,0.9991,0.5,0.5,0.5,1.0,0.0,4.0,0.6667,6,6,8,8
9347,0.9981,0.8182,0.8182,0.8182,0.5556,3.0,2.7532,0.3933,7,7,11,11
5821,0.9945,0.4783,0.4783,0.4783,0.9091,21.0,5.8292,0.4484,13,13,23,23
15474,0.9524,0.4,0.4762,0.4348,0.3,22.0,6.6045,0.5504,12,11,25,21
7916,0.9972,0.4737,0.5,0.4865,0.5556,14.0,5.8617,0.4885,12,12,19,18
4625,0.9989,0.875,0.875,0.875,0.8571,1.0,2.2316,0.3719,6,6,8,8
17104,0.9993,0.8,0.8,0.8,0.875,2.0,2.4413,0.3488,7,7,10,10
5259,0.9991,0.8571,0.8571,0.8571,0.5,4.0,2.0396,0.4079,5,5,7,7
14459,0.9969,0.8421,0.8421,0.8421,0.875,3.0,2.8249,0.2568,11,11,19,19
4231,0.9993,0.875,0.875,0.875,0.8571,2.0,1.4,0.2333,6,6,8,8
14721,0.9704,0.3636,0.3636,0.3636,1.0,3.0,4.5144,0.5643,8,8,11,11
15673,0.9982,0.4762,0.4762,0.4762,0.5,14.0,5.6267,0.4689,12,12,21,21
16334,0.9992,0.7143,0.7143,0.7143,0.9,1.0,4.062,0.5078,8,8,14,14
10000,0.9966,0.5556,0.6667,0.6061,0.8,9.0,3.8575,0.4286,9,8,18,15
11946,0.9991,0.6,0.6,0.6,0.6667,2.0,3.8105,0.5444,7,7,10,10
1373,0.9983,0.2353,0.2353,0.2353,1.0,17.0,6.6618,0.6056,11,11,17,17
7170,0.9987,0.7,0.7,0.7,0.7143,11.0,4.8042,0.4367,11,11,20,20
6343,0.999,0.76,0.76,0.76,0.4211,20.0,4.6368,0.3567,13,13,25,25
15299,0.999,0.5294,0.5294,0.5294,0.7778,7.0,4.5848,0.4585,10,10,17,17
15679,0.9972,0.5833,0.5833,0.5833,0.5714,20.0,6.4078,0.4272,15,15,24,24
2477,0.9995,0.75,0.75,0.75,0.5556,5.0,3.1906,0.4558,7,7,12,12
4609,0.999,0.7273,0.7273,0.7273,1.0,0.0,3.4641,0.4949,7,7,11,11
5557,0.9983,0.7273,0.7273,0.7273,0.875,3.0,2.724,0.3891,7,7,11,11
4048,0.9977,0.5833,0.5833,0.5833,0.2857,6.0,3.7202,0.5315,7,7,12,12
6383,0.9998,0.7778,0.7778,0.7778,0.8571,2.0,2.5377,0.423,6,6,9,9
5323,0.999,0.375,0.375,0.375,0.8333,7.0,5.0259,0.5584,9,9,16,16
10296,0.8608,0.3636,0.4,0.381,0.75,6.0,4.0398,0.505,8,7,11,10
11810,0.9982,0.5,0.5,0.5,1.0,3.0,4.1352,0.5169,8,8,12,12
3725,0.9964,0.5,0.5263,0.5128,0.7,12.0,4.3359,0.3613,12,12,20,19
2909,0.9977,0.2667,0.25,0.2581,0.5,8.0,5.6886,0.5689,9,10,15,16
606,0.9991,0.5,0.5,0.5,0.75,2.0,3.7363,0.6227,6,6,8,8
244,0.9926,0.44,0.44,0.44,0.6364,24.0,6.738,0.4813,14,14,25,25
16164,0.9983,0.5833,0.5833,0.5833,0.8571,2.0,4.3772,0.5472,8,8,12,12
13925,0.9996,0.7143,0.7143,0.7143,0.3,7.0,4.1833,0.5229,8,8,14,14
5481,0.9978,0.6667,0.6667,0.6667,0.8,3.0,4.352,0.4836,9,9,15,15
1144,0.9945,0.4643,0.4643,0.4643,0.5385,33.0,7.0527,0.4702,15,15,28,28
8890,0.9988,0.9167,0.9167,0.9167,0.6364,4.0,1.8762,0.2345,8,8,12,12
9050,0.9894,0.5263,0.5556,0.5405,0.7,17.0,4.7096,0.3925,12,12,19,18
15580,0.9995,0.5,0.5,0.5,0.75,2.0,3.7363,0.6227,6,6,8,8
7044,0.9984,0.3889,0.4118,0.4,0.7143,4.0,6.0729,0.6073,10,10,18,17
11517,0.9991,0.5,0.5,0.5,1.0,0.0,4.0,0.6667,6,6,8,8
10344,0.9986,0.4375,0.4375,0.4375,0.4286,7.0,5.282,0.5869,9,9,16,16
14215,0.9984,0.5789,0.5789,0.5789,0.9091,16.0,4.7265,0.4297,11,11,19,19
15455,0.9991,0.5,0.5,0.5,1.0,0.0,4.0,0.6667,6,6,8,8
2415,0.9924,0.5455,0.6,0.5714,0.8333,5.0,3.2342,0.462,7,7,11,10
5503,0.9985,0.8889,0.8889,0.8889,0.75,2.0,2.2361,0.3727,6,6,9,9
1162,0.9992,0.6923,0.6923,0.6923,0.5556,4.0,4.0596,0.5074,8,8,13,13
13102,0.9985,0.5333,0.5333,0.5333,0.875,2.0,5.0951,0.5661,9,9,15,15
261,0.9982,0.7778,0.7778,0.7778,0.8571,3.0,1.8493,0.3082,6,6,9,9
12876,0.9989,0.8182,0.8182,0.8182,0.7778,1.0,3.01,0.43,7,7,11,11
3277,0.9994,0.6923,0.6923,0.6923,0.8889,4.0,2.9799,0.3725,8,8,13,13
16532,0.9971,0.9091,0.9091,0.9091,0.8,2.0,1.5875,0.2268,7,7,11,11
8797,0.9966,0.4706,0.4706,0.4706,0.75,5.0,5.6374,0.6264,9,9,17,17
2127,0.9954,0.6,0.6,0.6,1.0,0.0,4.0,0.5,8,8,10,10
3713,0.9987,0.75,0.75,0.75,0.8889,2.0,3.1559,0.4508,7,7,12,12
13842,0.9981,0.4167,0.4167,0.4167,0.8,3.0,4.8394,0.6049,8,8,12,12
4036,0.9995,0.7778,0.7778,0.7778,1.0,0.0,2.8284,0.4714,6,6,9,9
7739,0.9985,0.4118,0.4118,0.4118,1.0,3.0,5.7533,0.5753,10,10,17,17
3077,0.9995,0.6,0.6,0.6,0.5,4.0,3.99,0.57,7,7,10,10
1829,0.9985,0.6875,0.6875,0.6875,0.5455,14.0,4.2379,0.4238,10,10,16,16
14041,0.9992,0.875,0.875,0.875,1.0,0.0,2.0,0.3333,6,6,8,8
7253,0.9985,0.75,0.75,0.75,0.6667,2.0,3.1496,0.4499,7,7,12,12
16500,0.9989,0.7778,0.7778,0.7778,0.8571,2.0,2.4413,0.3488,7,7,9,9
13241,0.9991,0.5,0.5,0.5,0.6667,4.0,4.5956,0.5745,8,8,12,12
702,0.9975,0.5,0.5,0.5,0.875,3.0,5.2364,0.5236,10,10,16,16
6616,0.9996,0.8182,0.8182,0.8182,0.7778,4.0,2.1541,0.3077,7,7,11,11
287,0.9996,0.7,0.7,0.7,0.5714,3.0,3.3196,0.4742,7,7,10,10
3101,0.9973,0.7333,0.7333,0.7333,0.6364,7.0,3.2465,0.3247,10,10,15,15
177,0.9987,0.6429,0.6429,0.6429,1.0,2.0,3.8626,0.4292,9,9,14,14
10446,0.9985,0.8571,0.8571,0.8571,1.0,0.0,2.0,0.4,5,5,7,7
12442,0.9995,0.75,0.75,0.75,0.75,5.0,3.228,0.3228,10,10,16,16
14022,0.9991,0.5455,0.5455,0.5455,1.0,1.0,4.1785,0.5969,7,7,11,11
2772,0.9984,0.5,0.5,0.5,0.75,5.0,5.1556,0.5156,10,10,16,16
6747,0.9996,0.5385,0.5385,0.5385,1.0,1.0,4.6325,0.5791,8,8,13,13
4724,0.9989,0.8182,0.8182,0.8182,0.8889,2.0,2.4413,0.3488,7,7,11,11
5613,0.9989,0.8889,0.8889,0.8889,0.75,3.0,1.5684,0.2614,6,6,9,9
7192,0.9972,0.6,0.6,0.6,1.0,0.0,4.0,0.5714,7,7,10,10
4864,0.9988,0.6875,0.6875,0.6875,0.7273,2.0,4.6433,0.4643,10,10,16,16
4947,0.9983,0.4615,0.4615,0.4615,1.0,0.0,5.2915,0.6614,8,8,13,13
7134,0.9937,0.6923,0.6923,0.6923,1.0,0.0,4.0,0.5,8,8,13,13
3064,0.999,0.7778,0.7778,0.7778,0.7143,3.0,2.7677,0.4613,6,6,9,9
11630,0.9977,1.0,1.0,1.0,0.6,4.0,2.0199,0.2244,9,9,15,15
5844,0.9954,0.6667,0.6667,0.6667,0.5,6.0,4.9518,0.4502,11,11,18,18
11941,0.9975,0.8571,0.8571,0.8571,0.6667,2.0,2.4413,0.4883,5,5,7,7
11979,0.9984,0.5294,0.5625,0.5455,1.0,4.0,4.5343,0.4534,10,10,17,16
15181,0.9905,0.4286,0.4286,0.4286,0.1111,19.0,6.14,0.5117,12,12,21,21
8803,0.9988,0.5556,0.5882,0.5714,0.7,6.0,4.5782,0.4578,10,10,18,17
7228,0.9995,1.0,1.0,1.0,0.6154,5.0,1.9849,0.2481,8,8,13,13
16963,0.9968,0.625,0.625,0.625,0.6,1.0,3.6139,0.6023,6,6,8,8
6203,0.9997,0.8,0.8,0.8,1.0,1.0,2.3367,0.3338,7,7,10,10
4286,0.9989,0.8571,0.8571,0.8571,0.8333,3.0,2.6344,0.2927,9,9,14,14
14562,0.9991,0.6923,0.6923,0.6923,0.6667,3.0,3.937,0.4921,8,8,13,13
10589,0.9996,0.4545,0.4545,0.4545,1.0,2.0,4.3497,0.6214,7,7,11,11
4032,0.9993,0.875,0.875,0.875,1.0,0.0,2.0,0.3333,6,6,8,8
13196,0.999,0.8182,0.8182,0.8182,0.6667,5.0,2.3707,0.3387,7,7,11,11
11717,0.9975,0.7273,0.7273,0.7273,0.875,3.0,2.724,0.3891,7,7,11,11
4725,0.9995,0.9231,0.9231,0.9231,1.0,0.0,2.0,0.25,8,8,13,13
17036,0.9983,0.6522,0.6522,0.6522,0.8,12.0,5.755,0.4111,14,14,23,23
14125,0.9961,0.5882,0.5882,0.5882,0.9,7.0,5.142,0.5142,10,10,17,17
17027,0.9994,0.6364,0.6364,0.6364,1.0,1.0,3.6688,0.5241,7,7,11,11
3263,0.9989,0.5385,0.5385,0.5385,0.8571,3.0,4.4068,0.5509,8,8,13,13
4420,0.9996,0.7273,0.7273,0.7273,0.375,5.0,3.0887,0.4412,7,7,11,11
8332,0.999,0.8182,0.8182,0.8182,0.8889,3.0,2.0347,0.2907,7,7,11,11
15160,0.9982,0.7778,0.7778,0.7778,0.8571,2.0,2.5377,0.3625,7,7,9,9
12331,0.9992,0.875,0.875,0.875,0.4286,4.0,2.0,0.3333,6,6,8,8
279,0.9978,0.5556,0.5556,0.5556,0.5333,27.0,5.8121,0.3875,15,15,27,27
11083,0.9995,0.8182,0.8182,0.8182,1.0,1.0,2.3367,0.3338,7,7,11,11
5468,0.9986,0.5625,0.5625,0.5625,0.6667,4.0,4.9477,0.5497,9,9,16,16
16827,0.9995,0.8571,0.8571,0.8571,0.6667,2.0,2.4413,0.4883,5,5,7,7
3638,0.9904,0.64,0.6957,0.6667,0.5,17.0,5.2896,0.4408,12,12,25,23
8856,0.9992,0.7333,0.7333,0.7333,0.7273,4.0,3.6332,0.4037,9,9,15,15
11677,0.9985,0.7333,0.7333,0.7333,1.0,2.0,3.3045,0.3672,9,9,15,15
12744,0.9995,0.8,0.8,0.8,0.875,2.0,2.4413,0.3488,7,7,10,10
5723,0.9995,0.6364,0.6364,0.6364,0.8571,2.0,3.8314,0.4789,8,8,11,11
2653,0.9982,0.4615,0.4615,0.4615,0.8333,3.0,4.8394,0.5377,9,9,13,13
6054,0.9984,0.9091,0.9091,0.9091,0.7,3.0,2.3452,0.335,7,7,11,11
7754,0.9991,0.5,0.5,0.5,1.0,0.0,4.0,0.6667,6,6,8,8
8091,0.9989,0.5833,0.5833,0.5833,0.8571,2.0,4.2379,0.5297,8,8,12,12
7296,0.9974,0.6667,0.6667,0.6667,0.8,4.0,4.0792,0.4532,9,9,15,15
11574,0.9973,0.5714,0.5714,0.5714,0.75,15.0,5.2288,0.4753,11,11,21,21
8764,0.9983,0.4706,0.4706,0.4706,0.875,3.0,5.6054,0.5605,10,10,17,17
7860,0.9991,0.5,0.5,0.5,1.0,0.0,4.0,0.6667,6,6,8,8
13853,0.9984,1.0,1.0,1.0,1.0,0.0,0.0,0.0,5,5,6,6
8076,0.9984,0.7857,0.7857,0.7857,0.9091,3.0,2.724,0.3027,9,9,14,14
13378,0.9988,0.6923,0.6923,0.6923,0.8889,3.0,3.3793,0.4224,8,8,13,13
11918,0.8736,0.7692,0.6667,0.7143,0.3,11.0,3.7417,0.4157,8,9,13,15
13592,0.9993,0.7778,0.7778,0.7778,0.8571,1.0,2.9155,0.4859,6,6,9,9
1035,0.9989,0.5789,0.5789,0.5789,1.0,6.0,4.9376,0.4115,12,12,19,19
14617,0.9981,0.7,0.7,0.7,0.8571,2.0,3.1559,0.4508,7,7,10,10
1263,0.9981,0.4783,0.4783,0.4783,0.6364,25.0,6.7912,0.4851,14,14,23,23
14063,0.9992,0.6154,0.6154,0.6154,0.875,4.0,3.5889,0.4486,8,8,13,13
5135,0.9948,0.6923,0.6923,0.6923,0.8889,2.0,3.8314,0.4257,9,9,13,13
10582,0.9992,0.7692,0.7692,0.7692,0.8,4.0,2.8142,0.3518,8,8,13,13
146,0.9972,0.5625,0.5625,0.5625,0.8889,4.0,4.6476,0.5164,9,9,16,16
17053,0.9982,0.45,0.45,0.45,0.6667,12.0,5.7324,0.5211,11,11,20,20
8486,0.9988,0.3684,0.3684,0.3684,0.5714,14.0,6.0712,0.5519,11,11,19,19
3308,0.9992,0.8,0.8,0.8,0.875,2.0,2.4413,0.3488,7,7,10,10
156,0.9992,0.875,0.875,0.875,1.0,0.0,2.0,0.3333,6,6,8,8
14433,0.9992,0.625,0.6667,0.6452,1.0,4.0,3.544,0.3544,10,10,16,15
1747,0.9989,0.625,0.625,0.625,1.0,0.0,3.4641,0.5774,6,6,8,8
14976,0.9991,0.5,0.5,0.5,1.0,0.0,4.0,0.6667,6,6,8,8
5744,0.999,0.8889,0.8889,0.8889,0.875,1.0,2.1213,0.3536,6,6,9,9
5956,0.9989,1.0,1.0,1.0,0.9,1.0,0.7071,0.101,7,7,10,10
3648,0.9988,0.6154,0.6154,0.6154,0.75,3.0,4.4068,0.4896,9,9,13,13
958,0.9981,0.4615,0.4615,0.4615,0.8333,2.0,5.0951,0.6369,8,8,13,13
3238,0.998,0.6364,0.6364,0.6364,1.0,0.0,4.0,0.5714,7,7,11,11
5189,0.9993,0.6,0.6,0.6,1.0,0.0,4.0,0.5714,7,7,10,10
14358,0.9992,0.6364,0.6364,0.6364,0.1429,7.0,3.739,0.5341,7,7,11,11
14375,0.9747,0.6667,0.6667,0.6667,0.5,6.0,4.7032,0.4703,10,10,18,18
4583,0.9987,0.6,0.6429,0.6207,0.8889,3.0,4.2591,0.4732,9,9,15,14
8771,0.9989,0.4706,0.4706,0.4706,0.875,10.0,5.6054,0.5605,10,10,17,17
7167,0.9985,0.625,0.625,0.625,0.9,3.0,4.4609,0.4957,9,9,16,16
6415,0.9965,0.5333,0.5333,0.5333,0.875,3.0,4.9132,0.4913,10,10,15,15
4324,0.9968,0.3077,0.3077,0.3077,0.75,4.0,5.4406,0.6045,9,9,13,13
6036,0.9987,0.5,0.5,0.5,1.0,1.0,4.2638,0.6091,7,7,10,10
2119,0.9992,0.5,0.5,0.5,0.75,2.0,3.7363,0.6227,6,6,8,8
9745,0.9996,0.875,0.875,0.875,0.8571,1.0,2.2316,0.3719,6,6,8,8
1921,0.9991,0.6364,0.6364,0.6364,0.8571,2.0,3.7363,0.5338,7,7,11,11
9553,0.9989,0.8,0.8,0.8,0.75,2.0,3.0,0.4286,7,7,10,10
1773,0.9971,0.5625,0.5625,0.5625,0.4444,7.0,4.6022,0.4602,10,10,16,16
14457,0.9986,0.6471,0.6471,0.6471,0.3636,7.0,5.002,0.5002,10,10,17,17
10099,0.9986,0.8,0.8,0.8,1.0,0.0,2.8284,0.4041,7,7,10,10
1288,0.9995,0.6923,0.6923,0.6923,1.0,2.0,3.4117,0.4265,8,8,13,13
13092,0.9977,0.75,0.75,0.75,0.8333,1.0,2.9967,0.4281,7,7,8,8
11487,0.9977,0.7692,0.8333,0.8,0.6,5.0,2.8601,0.3575,8,8,13,12
1036,0.998,0.5833,0.5833,0.5833,0.5714,3.0,4.7392,0.5924,8,8,12,12
6361,0.9982,0.875,0.875,0.875,0.7143,3.0,1.9131,0.3189,6,6,8,8
10574,0.998,0.8,0.8,0.8,0.8333,1.0,3.6139,0.3614,10,10,15,15
1012,0.9991,0.7,0.7,0.7,0.8571,2.0,3.1559,0.3945,8,8,10,10
5696,0.999,0.8182,0.8182,0.8182,1.0,0.0,2.8284,0.4041,7,7,11,11
3504,0.9971,0.5714,0.5714,0.5714,0.875,2.0,4.6861,0.5207,9,9,14,14
8641,0.9989,0.6429,0.6429,0.6429,1.0,1.0,4.1785,0.5223,8,8,14,14
3916,0.9972,0.65,0.65,0.65,0.6154,15.0,4.4744,0.3729,12,12,20,20
7472,0.9994,0.4286,0.4286,0.4286,1.0,0.0,4.0,0.6667,6,6,7,7
11167,0.9997,1.0,1.0,1.0,0.75,2.0,1.2166,0.2028,6,6,8,8
12401,0.9969,0.7391,0.8095,0.7727,0.7647,7.0,3.9472,0.3036,13,13,23,21
14211,0.9986,0.7273,0.7273,0.7273,0.625,4.0,3.3823,0.4832,7,7,11,11
15056,0.9988,0.75,0.75,0.75,0.5833,6.0,3.3166,0.3685,9,9,16,16
7533,0.9977,0.5333,0.5333,0.5333,0.75,3.0,4.8969,0.5441,9,9,15,15
15522,0.9991,0.5,0.5,0.5,1.0,0.0,4.0,0.6667,6,6,8,8
15141,0.9965,0.6471,0.6471,0.6471,0.7273,4.0,4.6819,0.4682,10,10,17,17
13548,0.999,0.5,0.5,0.5,1.0,0.0,4.0,0.5714,7,7,8,8
13996,0.9986,0.75,0.75,0.75,0.9167,1.0,4.062,0.4513,9,9,16,16
15165,0.9992,0.5455,0.5455,0.5455,0.8333,4.0,3.6878,0.5268,7,7,11,11
9920,0.9958,0.6316,0.6316,0.6316,0.9167,9.0,5.142,0.4675,11,11,19,19
9749,0.9994,0.5333,0.5333,0.5333,0.75,2.0,5.1498,0.5722,9,9,15,15
7086,0.999,0.75,0.75,0.75,0.5556,6.0,3.0659,0.3832,8,8,12,12
1787,0.999,0.8,0.8,0.8,0.5,4.0,3.0332,0.4333,7,7,10,10
6963,0.9991,0.8571,0.8571,0.8571,0.8333,2.0,3.0,0.3333,9,9,14,14
4404,0.9984,0.6364,0.875,0.7368,0.5714,4.0,3.2619,0.4077,8,8,11,8
9102,0.9889,0.3333,0.3333,0.3333,1.0,40.0,8.1805,0.4812,17,17,33,33
1774,0.9982,0.4483,0.4483,0.4483,0.3077,37.0,6.957,0.4348,16,16,29,29
5588,0.9987,0.4286,0.4286,0.4286,0.8333,2.0,5.4736,0.6082,9,9,14,14
15193,0.9991,0.8,0.8,0.8,0.9167,1.0,3.6028,0.4003,9,9,15,15
149,0.9959,0.7826,0.7826,0.7826,0.4444,9.0,4.8518,0.4043,12,12,23,23
15957,0.9957,0.6,0.6,0.6,0.8333,2.0,3.7363,0.467,8,8,10,10
5170,0.9984,0.8182,0.8182,0.8182,0.6667,2.0,3.0919,0.3865,8,8,11,11
3705,0.998,0.55,0.55,0.55,0.4545,12.0,5.6498,0.5136,11,11,20,20
3635,0.9971,0.6154,0.6154,0.6154,0.75,3.0,4.2965,0.4774,9,9,13,13
13267,0.9991,0.5,0.5,0.5,1.0,0.0,4.0,0.6667,6,6,8,8
12175,0.9992,0.7857,0.7857,0.7857,0.8182,2.0,3.6056,0.4006,9,9,14,14
14199,0.9945,0.5714,0.5714,0.5714,0.875,3.0,4.4609,0.4461,10,10,14,14
5794,0.998,0.5455,0.5455,0.5455,0.6667,4.0,3.99,0.57,7,7,11,11
11638,0.9976,0.6,0.6,0.6,1.0,1.0,3.7656,0.5379,7,7,10,10
4706,0.9991,0.6154,0.6154,0.6154,0.875,1.0,4.5277,0.566,8,8,13,13
8134,0.9989,0.6,0.6,0.6,0.0,11.0,4.2965,0.5371,8,8,15,15
3812,0.9986,0.625,0.625,0.625,1.0,1.0,3.1906,0.5318,6,6,8,8
4387,0.999,0.7692,0.7692,0.7692,0.7,3.0,3.8652,0.4832,8,8,13,13
8106,0.9994,0.4444,0.4444,0.4444,1.0,7.0,4.7138,0.4714,10,10,18,18
7570,0.998,0.6,0.6,0.6,0.8333,2.0,3.7363,0.5338,7,7,10,10
8367,0.9982,0.3333,0.3478,0.3404,1.0,22.0,6.7037,0.5157,13,13,24,23
6949,0.9992,0.6,0.6,0.6,1.0,0.0,4.0,0.5714,7,7,10,10
14982,0.9972,0.4615,0.4615,0.4615,0.8333,22.0,7.0314,0.5409,13,13,26,26
6103,0.9991,0.6429,0.6429,0.6429,0.7778,2.0,4.3035,0.4782,9,9,14,14
11700,0.9973,1.0,1.0,1.0,0.4286,4.0,1.5748,0.315,5,5,7,7
3190,0.9991,0.4615,0.4615,0.4615,1.0,1.0,5.0458,0.6307,8,8,13,13
10300,0.9961,0.4545,0.4545,0.4545,0.8,2.0,4.8125,0.6875,7,7,11,11
1995,0.9993,0.55,0.55,0.55,0.9091,5.0,5.2707,0.4792,11,11,20,20
3337,0.9972,0.5,0.5,0.5,0.7692,20.0,6.2322,0.4794,13,13,26,26
14298,0.9976,0.6667,0.6667,0.6667,0.7,4.0,4.1473,0.4608,9,9,15,15
1295,0.9965,0.5926,0.5926,0.5926,0.625,23.0,5.7723,0.3848,15,15,27,27
962,0.9988,0.8,0.8,0.8,0.75,3.0,3.3196,0.3688,9,9,15,15
14080,0.9995,0.75,0.75,0.75,0.6667,2.0,3.0,0.5,6,6,8,8
11690,0.9985,0.6154,0.6154,0.6154,0.625,15.0,5.7306,0.4776,12,12,26,26
10260,0.9932,0.6667,0.6667,0.6667,0.8,4.0,4.0792,0.4532,9,9,15,15
6658,0.9996,0.8571,0.8571,0.8571,0.5,4.0,1.8547,0.3709,5,5,7,7
5410,0.9984,0.7143,0.7143,0.7143,0.6,3.0,4.2497,0.5312,8,8,14,14
10227,0.9986,0.8571,0.8571,0.8571,1.0,0.0,2.0,0.4,5,5,7,7
1120,0.9978,0.4615,0.4615,0.4615,1.0,2.0,4.7875,0.5984,8,8,13,13
5340,0.9934,0.8889,0.8889,0.8889,0.75,2.0,2.2361,0.2795,8,8,9,9
11135,0.9976,0.5714,0.5714,0.5714,1.0,1.0,4.7096,0.5233,9,9,14,14
12655,0.9975,0.6154,0.6154,0.6154,0.875,3.0,3.9875,0.4431,9,9,13,13
10033,0.9986,0.8333,0.8333,0.8333,0.8,3.0,2.6344,0.3293,8,8,12,12
2668,0.9995,0.6364,0.6364,0.6364,1.0,0.0,4.0,0.5,8,8,11,11
8213,0.9988,0.8,0.8,0.8,0.625,4.0,2.7276,0.3897,7,7,10,10
10321,0.9978,0.7143,0.7143,0.7143,1.0,1.0,2.3367,0.4673,5,5,7,7
7376,0.9997,0.6,0.6,0.6,0.6667,3.0,3.9268,0.561,7,7,10,10
2660,0.9987,0.4375,0.4375,0.4375,0.5714,4.0,5.6991,0.5699,10,10,16,16
9504,0.9991,0.5,0.5,0.5,1.0,0.0,4.0,0.6667,6,6,8,8
11132,0.9992,0.9474,0.9474,0.9474,0.6111,5.0,2.846,0.2587,11,11,19,19
12294,0.9986,0.7273,0.7273,0.7273,1.0,0.0,3.4641,0.433,8,8,11,11
2151,0.9996,1.0,1.0,1.0,0.6667,3.0,1.5684,0.2614,6,6,9,9
5459,0.9989,0.7692,0.7692,0.7692,0.2,8.0,2.9257,0.3251,9,9,13,13
14051,0.9982,0.6667,0.6667,0.6667,0.9,4.0,3.5889,0.3988,9,9,15,15
12455,0.9989,0.8182,0.8182,0.8182,0.7778,3.0,2.5417,0.3631,7,7,11,11
8066,0.9988,0.6923,0.6923,0.6923,0.8889,2.0,3.8,0.475,8,8,13,13
2070,0.9938,0.625,0.625,0.625,0.6,7.0,4.2872,0.4287,10,10,16,16
6687,0.9988,0.4444,0.4444,0.4444,1.0,0.0,4.4721,0.6389,7,7,9,9
5552,0.9987,0.75,0.75,0.75,0.8333,1.0,2.9155,0.4859,6,6,8,8
14954,0.999,0.3333,0.3333,0.3333,1.0,3.0,5.6903,0.6323,9,9,15,15
11599,0.9972,0.3636,0.3636,0.3636,1.0,2.0,4.7875,0.6839,7,7,11,11
17014,0.9991,0.6154,0.6154,0.6154,0.875,3.0,3.9268,0.4909,8,8,13,13
12737,0.9994,0.75,0.75,0.75,0.4444,6.0,3.079,0.4399,7,7,12,12
140,0.9964,0.4,0.4,0.4,0.5,5.0,5.5803,0.62,9,9,15,15
4163,0.9991,0.5556,0.5556,0.5556,0.6,9.0,4.6152,0.4615,10,10,18,18
10562,0.9992,0.8571,0.8571,0.8571,1.0,1.0,1.4765,0.2953,5,5,7,7
13501,0.9985,0.6,0.6,0.6,0.8333,2.0,3.8,0.5429,7,7,10,10
8659,0.999,0.6,0.6,0.6,0.8333,3.0,3.4842,0.4978,7,7,10,10
1748,0.9989,0.6429,0.6429,0.6429,0.8889,1.0,4.5804,0.458,10,10,14,14
5057,0.9982,0.45,0.4737,0.4615,0.7778,15.0,5.8344,0.4862,12,12,20,19
2591,0.9987,0.6,0.6,0.6,0.6667,2.0,5.0557,0.5617,9,9,15,15
4408,0.9987,0.4286,0.4286,0.4286,1.0,0.0,4.0,0.6667,6,6,7,7
6200,0.9984,1.0,1.0,1.0,0.9167,1.0,0.7071,0.0884,8,8,12,12
7394,0.9052,0.4783,0.4783,0.4783,0.6364,17.0,5.557,0.4631,12,12,23,23
7845,0.9987,0.8462,0.8462,0.8462,0.8182,2.0,2.5534,0.3192,8,8,13,13
13060,0.9991,0.5455,0.5455,0.5455,0.8333,2.0,4.2379,0.6054,7,7,11,11
17052,0.9992,0.5385,0.5833,0.56,0.4286,3.0,4.9538,0.6192,8,8,13,12
2543,0.9991,0.5,0.5,0.5,1.0,0.0,4.0,0.6667,6,6,8,8
11668,0.9985,0.7647,0.7647,0.7647,0.7692,4.0,3.8678,0.3868,10,10,17,17
8679,0.9992,0.6,0.6,0.6,0.25,14.0,5.6214,0.4684,12,12,20,20
14680,0.9995,0.6923,0.6923,0.6923,0.5556,4.0,3.9395,0.4924,8,8,13,13
12642,0.9998,0.625,0.625,0.625,0.4,4.0,3.1113,0.5185,6,6,8,8
16664,0.9983,0.5714,0.6154,0.5926,1.0,2.0,4.2,0.4667,9,9,14,13
14843,0.9981,0.5,0.5,0.5,1.0,0.0,4.0,0.6667,6,6,8,8
3828,0.9899,0.8125,0.8125,0.8125,0.5385,5.0,3.5468,0.3547,10,10,16,16
7594,0.999,0.6923,0.6923,0.6923,0.7778,2.0,3.9038,0.488,8,8,13,13
513,0.9994,0.7333,0.7333,0.7333,0.4545,6.0,4.1231,0.4581,9,9,15,15
16922,0.9992,0.8182,0.9,0.8571,0.6667,4.0,2.5768,0.3681,7,7,11,10
3662,0.9979,0.6364,0.6364,0.6364,0.8571,1.0,4.062,0.5803,7,7,11,11
7259,0.9991,0.8889,0.8889,0.8889,0.875,1.0,2.1213,0.3536,6,6,9,9
6661,0.9992,0.5625,0.5625,0.5625,1.0,1.0,5.0458,0.5046,10,10,16,16
16744,0.9907,0.625,0.6522,0.6383,0.2667,12.0,5.9666,0.459,13,13,24,23
5951,0.9955,0.5714,0.5714,0.5714,0.875,5.0,3.7868,0.4208,9,9,14,14
10814,0.9995,0.875,0.875,0.875,0.5714,3.0,1.7378,0.2896,6,6,8,8
11009,0.999,0.4167,0.4167,0.4167,1.0,3.0,4.5144,0.5643,8,8,12,12
11655,0.9975,0.625,0.625,0.625,0.8,2.0,3.1559,0.4508,7,7,8,8
14644,0.9993,0.6429,0.6429,0.6429,0.7778,3.0,3.9975,0.4997,8,8,14,14
13826,0.9961,0.5,0.5,0.5,0.5,20.0,5.7602,0.48,12,12,20,20
11921,0.9989,0.5455,0.5455,0.5455,1.0,1.0,4.1785,0.5969,7,7,11,11
4045,0.9994,0.7143,0.7143,0.7143,0.8,2.0,2.4413,0.4069,6,6,7,7
10775,0.9992,0.6667,0.6667,0.6667,1.0,0.0,3.4641,0.4949,7,7,9,9
6491,0.9984,0.6364,0.6364,0.6364,0.7143,3.0,3.8026,0.5432,7,7,11,11
7197,0.9952,0.5,0.5,0.5,0.2857,5.0,5.0537,0.5615,9,9,14,14
11271,0.9988,0.8182,0.8182,0.8182,0.8889,1.0,2.9967,0.4281,7,7,11,11
8354,0.9993,0.9091,0.9091,0.9091,0.8,2.0,2.2361,0.3194,7,7,11,11
1871,0.9953,0.3636,0.5,0.4211,0.75,5.0,4.1158,0.5145,8,7,11,8
13883,0.999,0.5,0.5,0.5,1.0,2.0,4.3497,0.5437,8,8,12,12
1670,0.999,0.7,0.7,0.7,1.0,0.0,3.4641,0.4949,7,7,10,10
2189,0.9987,0.7778,0.7778,0.7778,1.0,0.0,2.8284,0.4041,7,7,9,9
16113,0.9981,0.8333,0.8333,0.8333,0.8,1.0,2.1213,0.4243,5,5,6,6
7481,0.9993,0.75,0.75,0.75,0.8333,1.0,2.9155,0.4859,6,6,8,8
8484,0.9994,0.8571,0.8571,0.8571,1.0,0.0,2.0,0.4,5,5,7,7
4939,0.9993,0.8889,0.8889,0.8889,0.75,2.0,2.3409,0.3902,6,6,9,9
16554,0.9372,0.4706,0.5,0.4848,0.125,11.0,4.6519,0.5169,9,9,17,16
2118,0.9992,0.6,0.6,0.6,0.6667,3.0,3.8026,0.5432,7,7,10,10
10248,0.9994,0.8889,0.8889,0.8889,0.875,2.0,1.4,0.2333,6,6,9,9
16428,0.9996,0.6,0.6,0.6,0.6667,2.0,4.1231,0.589,7,7,10,10
2277,0.9986,0.8182,0.8182,0.8182,1.0,0.0,2.8284,0.3536,8,8,11,11
11006,0.9967,0.6,0.6,0.6,1.0,2.0,3.3045,0.4721,7,7,10,10
1216,0.9985,0.7273,0.7273,0.7273,0.5,4.0,3.3941,0.4243,8,8,11,11
1213,0.9987,0.75,0.75,0.75,0.7778,2.0,3.2435,0.4634,7,7,12,12
15024,0.9826,0.6154,0.6154,0.6154,0.75,2.0,4.5826,0.5092,9,9,13,13
15724,0.9975,0.5,0.5,0.5,0.8333,3.0,4.4068,0.5509,8,8,12,12
7147,0.9986,0.5625,0.5625,0.5625,0.7778,6.0,4.3405,0.4341,10,10,16,16
6855,0.9971,0.625,0.625,0.625,1.0,0.0,4.899,0.5443,9,9,16,16
13952,0.9992,0.625,0.625,0.625,0.7,6.0,4.015,0.4461,9,9,16,16
7787,0.999,0.5,0.5,0.5,1.0,1.0,4.1785,0.5969,7,7,10,10
8563,0.9987,0.3684,0.4118,0.3889,0.8571,6.0,5.8686,0.5335,11,11,19,17
17076,0.9991,0.6,0.6,0.6,1.0,3.0,4.1352,0.4595,9,9,15,15
6154,0.9993,0.5,0.5,0.5,0.6,4.0,4.1376,0.5911,7,7,10,10
8664,0.9977,0.0714,0.0667,0.069,0.0,10.0,4.9234,0.547,8,9,14,15
14537,0.9987,0.6923,0.6923,0.6923,0.6667,5.0,3.1528,0.3941,8,8,13,13
15379,0.9997,0.7273,0.7273,0.7273,1.0,2.0,2.7641,0.3949,7,7,11,11
12677,0.9989,0.5333,0.5333,0.5333,0.875,5.0,4.3382,0.482,9,9,15,15
11799,0.9986,0.875,0.875,0.875,0.5714,3.0,2.4454,0.4076,6,6,8,8
13685,0.9992,0.7273,0.7273,0.7273,0.875,2.0,3.3407,0.4176,8,8,11,11
7696,0.9979,0.625,0.625,0.625,1.0,4.0,3.8158,0.3816,10,10,16,16
3258,0.9951,0.7143,0.7143,0.7143,0.8,1.0,4.1304,0.5163,8,8,14,14
355,0.9993,0.6,0.6,0.6,0.6667,2.0,3.8105,0.5444,7,7,10,10
14747,0.9955,0.6667,0.6667,0.6667,0.5,3.0,3.4957,0.4994,7,7,9,9
10509,0.9993,0.9091,0.9091,0.9091,0.8,1.0,2.2494,0.3213,7,7,11,11
13516,0.9987,0.5714,0.5714,0.5714,0.75,4.0,4.1761,0.464,9,9,14,14
9978,0.9983,0.5385,0.5385,0.5385,1.0,0.0,4.899,0.6124,8,8,13,13
4851,0.9929,0.5,0.5,0.5,0.8333,4.0,4.1085,0.5136,8,8,12,12
15948,0.999,0.7143,0.7692,0.7407,0.9,4.0,3.0067,0.3758,8,8,14,13
12057,0.9991,0.9167,0.9167,0.9167,0.5455,4.0,2.0199,0.2886,7,7,12,12
1668,0.9921,0.2667,0.2667,0.2667,1.0,13.0,6.4389,0.5366,12,12,15,15
12477,0.9995,0.4286,0.4286,0.4286,1.0,1.0,3.6688,0.6115,6,6,7,7
14528,0.9995,0.7,0.7,0.7,0.5714,4.0,2.912,0.416,7,7,10,10
9255,0.9984,0.5909,0.5909,0.5909,0.8462,7.0,5.6374,0.4698,12,12,22,22
1318,0.998,0.7143,0.7143,0.7143,1.0,0.0,4.0,0.5,8,8,14,14
15683,0.9994,0.8182,0.8182,0.8182,0.7778,2.0,2.5534,0.3648,7,7,11,11
4218,0.9987,0.6,0.6,0.6,1.0,0.0,4.0,0.5714,7,7,10,10
16240,0.9976,0.5789,0.6111,0.5946,0.9091,6.0,4.3035,0.3912,11,11,19,18
15368,0.9988,0.8,0.8,0.8,0.875,1.0,2.9155,0.3644,8,8,10,10
986,0.9992,0.45,0.45,0.45,0.7778,14.0,5.7463,0.5224,11,11,20,20
15983,0.9995,0.75,0.75,0.75,0.5833,5.0,4.0025,0.4447,9,9,16,16
13204,0.9775,0.4545,0.625,0.5263,0.4,9.0,2.6306,0.3288,8,7,11,8
10922,0.9979,0.7273,0.7273,0.7273,0.75,4.0,3.0984,0.4426,7,7,11,11
13126,0.9994,0.7778,0.7778,0.7778,1.0,0.0,2.8284,0.4714,6,6,9,9
11952,0.9992,0.5455,0.5455,0.5455,0.8333,2.0,4.2379,0.6054,7,7,11,11
4468,0.9994,0.6,0.6,0.6,0.5,4.0,3.6332,0.519,7,7,10,10
14197,0.9991,0.5,0.5,0.5,1.0,0.0,4.0,0.6667,6,6,8,8
1923,0.9997,1.0,1.0,1.0,0.7,2.0,1.249,0.1784,7,7,10,10
1661,0.9974,0.7333,0.7333,0.7333,0.6364,5.0,3.9319,0.4369,9,9,15,15
3016,0.9994,0.75,0.75,0.75,0.8333,1.0,2.9155,0.4859,6,6,8,8
3045,0.9987,0.5,0.5455,0.5217,0.6667,5.0,4.0125,0.5016,8,8,12,11
1646,0.9985,0.7333,0.7333,0.7333,0.3636,7.0,3.8756,0.4306,9,9,15,15
3615,0.9992,0.5833,0.5833,0.5833,0.7143,2.0,4.3035,0.5379,8,8,12,12
7145,0.9972,0.8,0.8,0.8,0.875,3.0,2.3108,0.3301,7,7,10,10
2928,0.9988,0.4286,0.4286,0.4286,0.2222,30.0,6.3008,0.5251,12,12,21,21
11696,0.9907,0.875,0.875,0.875,0.8571,1.0,2.2316,0.3719,6,6,8,8
16738,0.9898,0.7647,0.7647,0.7647,0.5385,6.0,4.1231,0.4123,10,10,17,17
6946,0.9995,0.8462,0.8462,0.8462,0.7273,3.0,2.8671,0.3584,8,8,13,13
12832,0.9992,0.9091,0.9091,0.9091,0.9,1.0,2.2316,0.3188,7,7,11,11
6853,0.998,0.625,0.625,0.625,0.6,3.0,3.2342,0.539,6,6,8,8
2563,0.9955,0.45,0.45,0.45,0.8889,12.0,5.6391,0.5127,11,11,20,20
5706,0.996,0.8,0.8,0.8,0.25,5.0,2.9292,0.4882,6,6,10,10
7350,0.9989,0.8182,0.8182,0.8182,0.8889,1.0,2.9155,0.4165,7,7,11,11
1477,0.9994,0.7059,0.7059,0.7059,0.6667,4.0,4.4181,0.4418,10,10,17,17
7546,0.9984,0.6923,0.6923,0.6923,0.7778,3.0,3.8026,0.4753,8,8,13,13
10695,0.9995,0.6,0.6,0.6,0.8333,2.0,3.2125,0.4589,7,7,10,10
5237,0.9975,0.8182,0.8182,0.8182,1.0,0.0,2.8284,0.4041,7,7,11,11
14368,0.9986,0.5294,0.5294,0.5294,0.7778,4.0,5.3516,0.4865,11,11,17,17
6631,0.9978,0.5,0.5,0.5,1.0,7.0,4.8642,0.4422,11,11,20,20
3667,0.9974,0.6667,0.6667,0.6667,0.8,5.0,3.755,0.4172,9,9,15,15
7494,0.9992,0.9,0.9,0.9,0.7778,1.0,2.2494,0.3213,7,7,10,10
1183,0.9992,0.4118,0.4118,0.4118,0.7143,5.0,5.7775,0.5778,10,10,17,17
2775,0.9965,0.3636,0.3636,0.3636,0.75,24.0,6.2706,0.4479,14,14,22,22
4726,0.9992,0.625,0.625,0.625,0.8,8.0,5.006,0.5562,9,9,16,16
7440,0.9988,0.5833,0.5833,0.5833,1.0,2.0,3.9547,0.565,7,7,12,12
1645,0.9992,0.6154,0.6154,0.6154,0.625,6.0,3.7895,0.4737,8,8,13,13
2162,0.9988,0.625,0.625,0.625,0.8,3.0,2.724,0.454,6,6,8,8
13538,0.9984,0.625,0.625,0.625,1.0,0.0,3.4641,0.5774,6,6,8,8
16283,0.9996,0.8,0.8,0.8,0.75,3.0,2.7677,0.3954,7,7,10,10
12278,0.9786,0.6429,0.6429,0.6429,0.6667,7.0,3.3675,0.3742,9,9,14,14
9767,0.9987,0.5,0.5,0.5,1.0,1.0,3.6688,0.6115,6,6,8,8
1059,0.9968,0.3333,0.3333,0.3333,0.0,5.0,3.0627,0.4375,7,7,6,6
16233,0.9979,0.5455,0.5455,0.5455,1.0,2.0,3.8626,0.4828,8,8,11,11
14169,0.9983,0.375,0.375,0.375,0.6667,4.0,5.9933,0.5993,10,10,16,16
8237,0.999,0.5882,0.5882,0.5882,0.7,5.0,5.014,0.5014,10,10,17,17
1265,0.9988,0.6667,0.6667,0.6667,0.875,3.0,3.3793,0.4224,8,8,12,12
772,0.9985,0.5556,0.5882,0.5714,0.7,4.0,4.8539,0.4854,10,10,18,17
3673,0.9993,0.6667,0.6667,0.6667,1.0,1.0,3.6688,0.4586,8,8,12,12
9808,0.997,0.6842,0.6842,0.6842,0.8462,3.0,4.7392,0.4308,11,11,19,19
16880,0.9964,0.5556,0.5556,0.5556,0.4,4.0,3.6986,0.5284,7,7,9,9
13920,0.9994,0.4167,0.4167,0.4167,1.0,2.0,4.8621,0.6078,8,8,12,12
16338,0.9926,0.8667,0.8667,0.8667,0.4615,7.0,3.0033,0.3337,9,9,15,15
3222,0.9983,0.7647,0.7647,0.7647,0.5385,7.0,3.8962,0.4329,9,9,17,17
4996,0.9986,0.6667,0.6667,0.6667,0.875,3.0,3.4842,0.4355,8,8,12,12
12103,0.9991,0.7778,0.7778,0.7778,0.8571,2.0,2.4413,0.4069,6,6,9,9
15929,0.9986,0.4444,0.4444,0.4444,1.0,1.0,4.1785,0.6964,6,6,9,9
5258,0.9989,0.7143,0.7143,0.7143,1.0,0.0,2.8284,0.5657,5,5,7,7
15278,0.9964,0.5417,0.5417,0.5417,0.4615,15.0,6.1693,0.4746,13,13,24,24
8247,0.9993,0.75,0.75,0.75,0.3333,5.0,3.7121,0.5303,7,7,12,12
3264,0.9994,0.6154,0.6154,0.6154,1.0,2.0,3.8626,0.4828,8,8,13,13
7722,0.9993,0.7143,0.7143,0.7143,0.5,4.0,4.01,0.5012,8,8,14,14
3852,0.9975,0.6364,0.6364,0.6364,0.5714,4.0,3.5327,0.5047,7,7,11,11
7985,0.999,0.875,0.875,0.875,1.0,0.0,2.0,0.3333,6,6,8,8
6416,0.9996,0.875,0.875,0.875,0.8571,2.0,1.7776,0.2963,6,6,8,8
2275,0.9994,0.375,0.375,0.375,1.0,0.0,4.4721,0.7454,6,6,8,8
8658,0.9993,0.8571,0.8571,0.8571,0.8333,1.0,2.1213,0.4243,5,5,7,7
4469,0.9995,0.4167,0.4167,0.4167,0.8,5.0,4.2825,0.5353,8,8,12,12
2514,0.9981,0.5455,0.5455,0.5455,0.6667,2.0,4.6861,0.5858,8,8,11,11
1443,0.9992,0.6111,0.6111,0.6111,0.6364,12.0,4.8062,0.4369,11,11,18,18
12985,0.9986,0.5217,0.5217,0.5217,0.5833,21.0,5.3647,0.4127,13,13,23,23
5399,0.9994,0.625,0.625,0.625,1.0,0.0,3.4641,0.5774,6,6,8,8
6111,0.9975,0.7692,0.7692,0.7692,1.0,0.0,3.4641,0.433,8,8,13,13
6270,0.9991,0.8571,0.8571,0.8571,1.0,0.0,2.0,0.4,5,5,7,7
9877,0.9985,0.5385,0.5385,0.5385,0.8571,4.0,4.1085,0.5136,8,8,13,13
2785,0.9987,0.4667,0.4667,0.4667,1.0,2.0,5.2574,0.5842,9,9,15,15
8783,0.9966,0.6923,0.6923,0.6923,0.7778,2.0,4.1231,0.4581,9,9,13,13
10225,0.9991,0.5,0.5,0.5,1.0,0.0,4.0,0.6667,6,6,8,8
2755,0.999,0.8571,0.8571,0.8571,1.0,0.0,2.0,0.3333,6,6,7,7
417,0.9985,0.5385,0.5385,0.5385,0.7143,3.0,4.5497,0.5687,8,8,13,13
13058,0.9995,0.5455,0.5455,0.5455,0.8333,2.0,4.2379,0.6054,7,7,11,11
17045,0.9961,0.5556,0.5556,0.5556,0.8,2.0,3.7363,0.5338,7,7,9,9
16896,0.9991,0.5,0.5,0.5,1.0,0.0,4.0,0.6667,6,6,8,8
8278,0.9996,0.8462,0.8462,0.8462,0.4545,4.0,3.3347,0.4168,8,8,13,13
10035,0.9985,0.8125,0.8125,0.8125,0.6923,5.0,3.1145,0.3114,10,10,16,16
12501,0.9994,0.7692,0.7692,0.7692,0.7,5.0,3.3615,0.4202,8,8,13,13
16120,0.9989,0.6364,0.6364,0.6364,0.5714,2.0,4.1905,0.5238,8,8,11,11
9902,0.998,0.4737,0.4737,0.4737,0.7778,2.0,6.4031,0.5336,12,12,19,19
13636,0.9982,0.8571,0.8571,0.8571,1.0,0.0,2.0,0.4,5,5,7,7
923,0.9984,0.6154,0.6154,0.6154,0.875,3.0,3.9268,0.4909,8,8,13,13
2862,0.9993,0.7857,0.7857,0.7857,1.0,1.0,3.0757,0.3417,9,9,14,14
277,0.9979,0.55,0.55,0.55,0.3636,24.0,4.8929,0.4077,12,12,20,20
6319,0.9988,0.5,0.5,0.5,1.0,3.0,4.5935,0.5104,9,9,14,14
13719,0.9991,0.5,0.5,0.5,1.0,0.0,4.0,0.6667,6,6,8,8
1004,0.9924,0.6154,0.6154,0.6154,0.125,7.0,4.443,0.5554,8,8,13,13
10266,0.9997,0.8,0.8,0.8,0.75,2.0,3.0,0.4286,7,7,10,10
15815,0.9989,1.0,1.0,1.0,0.625,3.0,1.5684,0.2614,6,6,8,8
9200,0.9996,0.875,0.875,0.875,0.7143,2.0,2.2361,0.3727,6,6,8,8
11596,0.996,0.7143,0.7143,0.7143,0.5,6.0,3.6715,0.4589,8,8,14,14
13420,0.9995,0.6667,0.6667,0.6667,1.0,1.0,3.0757,0.5126,6,6,9,9
13961,0.9987,0.8,0.8,0.8,0.5833,5.0,3.5355,0.3928,9,9,15,15
3788,0.9992,0.4286,0.4286,0.4286,0.5,6.0,4.8374,0.5375,9,9,14,14
8053,0.9982,0.5385,0.5385,0.5385,0.7143,3.0,4.9132,0.5459,9,9,13,13
5234,0.9992,0.6667,0.6667,0.6667,1.0,0.0,2.8284,0.5657,5,5,6,6
13646,0.9986,0.6,0.6,0.6,0.8333,1.0,4.062,0.5803,7,7,10,10
8678,0.9992,0.6111,0.6111,0.6111,0.2727,14.0,5.2115,0.4738,11,11,18,18
7456,0.9986,0.3333,0.3333,0.3333,1.0,2.0,5.2574,0.6572,8,8,12,12
15677,0.9969,0.3462,0.3462,0.3462,0.7778,30.0,7.5073,0.4692,16,16,26,26
9351,0.9987,0.5385,0.5385,0.5385,1.0,3.0,4.1352,0.5169,8,8,13,13
7982,0.9989,0.7273,0.7273,0.7273,0.5,4.0,3.4641,0.4949,7,7,11,11
4626,0.9979,0.4667,0.4667,0.4667,0.7143,8.0,4.5956,0.5106,9,9,15,15
6032,0.9994,0.8182,0.8182,0.8182,0.7778,2.0,2.5534,0.3648,7,7,11,11
3299,0.9995,0.5,0.5,0.5,0.875,5.0,4.7265,0.4727,10,10,16,16
4327,0.999,0.6364,0.6364,0.6364,0.8571,3.0,3.5525,0.5075,7,7,11,11
7163,0.9993,0.7692,0.7692,0.7692,0.8,2.0,3.6715,0.4589,8,8,13,13
10410,0.9992,0.8571,0.8571,0.8571,0.6667,2.0,2.4413,0.4883,5,5,7,7
10288,0.9971,0.7143,0.7143,0.7143,1.0,1.0,3.7656,0.4184,9,9,14,14
6915,0.9982,0.4783,0.4783,0.4783,0.7273,19.0,5.9548,0.4253,14,14,23,23
10204,0.998,0.8,0.8,0.8,0.5833,4.0,3.8158,0.424,9,9,15,15
7846,0.9975,0.5625,0.5625,0.5625,0.8889,3.0,4.8394,0.4839,10,10,16,16
10130,0.9993,0.6923,0.6923,0.6923,0.7778,2.0,3.8105,0.4763,8,8,13,13
4522,0.9994,0.6,0.6,0.6,0.8333,3.0,3.3793,0.4828,7,7,10,10
465,0.9973,0.6316,0.6316,0.6316,0.5,9.0,4.5717,0.4156,11,11,19,19
16754,0.9952,0.7,0.7,0.7,0.7143,3.0,3.3076,0.4134,8,8,10,10
6709,0.9978,0.3333,0.3333,0.3333,1.0,2.0,4.3497,0.6214,7,7,9,9
14955,0.998,0.5294,0.5625,0.5455,0.7778,3.0,5.1672,0.5167,10,10,17,16
13629,0.9989,0.6875,0.6875,0.6875,0.6364,5.0,4.1785,0.4179,10,10,16,16
7432,0.9919,0.5385,0.5385,0.5385,0.5714,4.0,4.5255,0.4525,10,10,13,13
5026,0.9906,0.8889,0.8889,0.8889,1.0,0.0,2.0,0.2857,7,7,9,9
9646,0.9993,0.6364,0.6364,0.6364,0.7143,3.0,3.8962,0.5566,7,7,11,11
15893,0.9987,0.5,0.5,0.5,1.0,0.0,5.6569,0.6285,9,9,16,16
15108,0.9984,0.6875,0.6875,0.6875,0.8182,4.0,4.0497,0.405,10,10,16,16
7273,0.999,0.6667,0.7273,0.6957,1.0,2.0,3.1048,0.3881,8,8,12,11
4198,0.9984,0.5,0.5,0.5,0.8333,3.0,4.4068,0.5509,8,8,12,12
11034,0.9989,0.7143,0.7143,0.7143,1.0,2.0,3.3045,0.4131,8,8,14,14
7066,0.9993,0.8571,0.8571,0.8571,0.5,3.0,2.5417,0.5083,5,5,7,7
12687,0.9985,0.7857,0.7857,0.7857,0.7273,4.0,3.3106,0.3678,9,9,14,14
11121,0.9982,0.625,0.625,0.625,0.7,6.0,3.9243,0.436,9,9,16,16
13876,0.9987,0.381,0.381,0.381,0.75,17.0,6.0349,0.5029,12,12,21,21
8063,0.9998,0.875,0.875,0.875,0.7143,1.0,2.2494,0.3749,6,6,8,8
13120,0.9991,0.7059,0.7059,0.7059,0.5833,3.0,4.756,0.4756,10,10,17,17
17048,0.9991,0.6154,0.6154,0.6154,0.5,6.0,3.8936,0.4867,8,8,13,13
14073,0.9992,0.9,0.9,0.9,0.7778,2.0,2.2361,0.3194,7,7,10,10
3833,0.9988,0.8462,0.8462,0.8462,0.3636,6.0,3.0919,0.3865,8,8,13,13
7336,0.9988,0.75,0.75,0.75,1.0,2.0,3.3045,0.3672,9,9,16,16
11973,0.9989,0.8182,0.8182,0.8182,0.8889,2.0,2.6758,0.3823,7,7,11,11
1290,0.9983,0.5,0.5,0.5,0.6,5.0,3.2711,0.3635,9,9,10,10
1828,0.9991,0.5,0.5,0.5,0.5,6.0,5.4222,0.5422,10,10,16,16
15221,0.9987,0.6667,0.6667,0.6667,0.875,2.0,3.7363,0.467,8,8,12,12
12255,0.9983,0.6667,0.6667,0.6667,0.375,4.0,4.01,0.5729,7,7,12,12
9887,0.9996,0.8462,0.8462,0.8462,0.6364,5.0,2.8178,0.3522,8,8,13,13
1572,0.9992,0.625,0.625,0.625,0.4,9.0,4.111,0.4568,9,9,16,16
4780,0.9996,0.625,0.625,0.625,0.7,6.0,4.3955,0.4884,9,9,16,16
10674,0.9996,0.625,0.625,0.625,1.0,0.0,3.4641,0.5774,6,6,8,8
7950,0.9994,0.6429,0.6429,0.6429,0.6667,4.0,4.0596,0.5074,8,8,14,14
2394,0.9983,0.5333,0.5714,0.5517,0.75,5.0,4.6669,0.5185,9,9,15,14
9585,0.999,0.8182,0.8182,0.8182,0.8889,2.0,2.4413,0.3488,7,7,11,11
12451,0.9989,0.7,0.7,0.7,0.8571,2.0,3.268,0.4669,7,7,10,10
7810,0.9992,1.0,1.0,1.0,0.7143,2.0,1.0,0.2,5,5,7,7
14116,0.9984,0.8889,0.8889,0.8889,0.875,2.0,1.4,0.2333,6,6,9,9
10293,0.9993,0.8333,0.8333,0.8333,0.6,4.0,2.7423,0.3428,8,8,12,12
8920,0.9981,0.6923,0.6923,0.6923,0.7778,2.0,3.8105,0.4763,8,8,13,13
11812,0.9979,0.8889,0.8889,0.8889,0.875,2.0,1.7776,0.2963,6,6,9,9
9697,0.9991,0.9091,0.9091,0.9091,0.7,3.0,1.7378,0.2483,7,7,11,11
14372,0.9988,0.5556,0.5556,0.5556,0.9,4.0,4.988,0.4535,11,11,18,18
4474,0.999,0.8,0.8,0.8,0.625,3.0,2.6495,0.4416,6,6,10,10
4331,0.9994,0.8182,0.8182,0.8182,0.7778,4.0,2.1541,0.3077,7,7,11,11
15145,0.9974,0.4545,0.5,0.4762,1.0,1.0,4.4922,0.6417,7,7,11,10
8145,0.9992,0.5,0.5,0.5,1.0,0.0,4.0,0.6667,6,6,8,8
8603,0.9991,0.6429,0.6429,0.6429,0.8889,1.0,4.5277,0.5031,9,9,14,14
1142,0.9988,0.3913,0.3913,0.3913,0.6667,17.0,6.1952,0.4766,13,13,23,23
12751,0.9982,0.6667,0.6667,0.6667,1.0,0.0,3.4641,0.4949,7,7,9,9
12232,0.9991,0.5,0.5,0.5,1.0,0.0,4.0,0.6667,6,6,8,8
5725,0.9981,0.6667,0.6667,0.6667,0.875,1.0,4.062,0.5078,8,8,12,12
5793,0.9979,0.5556,0.5556,0.5556,0.8,2.0,3.7363,0.5338,7,7,9,9
13881,0.9991,0.7647,0.7647,0.7647,0.6923,5.0,3.9319,0.3932,10,10,17,17
832,0.9993,0.5455,0.5455,0.5455,1.0,2.0,3.8626,0.5518,7,7,11,11
2299,0.9996,0.5455,0.5455,0.5455,1.0,1.0,4.1785,0.5969,7,7,11,11
5667,0.9988,0.7778,0.7778,0.7778,0.7143,2.0,2.5534,0.4256,6,6,9,9
963,0.9992,0.9091,0.9091,0.9091,0.9,2.0,1.562,0.2232,7,7,11,11
11186,0.9991,0.8,0.8,0.8,0.9167,1.0,3.5355,0.3928,9,9,15,15
14624,0.9996,0.7778,0.7778,0.7778,1.0,1.0,2.3367,0.3894,6,6,9,9
6450,0.9994,0.8182,0.8182,0.8182,0.8889,2.0,2.4413,0.3488,7,7,11,11
4619,0.9988,0.5,0.5,0.5,0.75,4.0,5.1147,0.5683,9,9,16,16
8339,0.9953,0.6667,0.7143,0.6897,0.8,3.0,4.1158,0.4573,9,9,15,14
7929,0.9993,0.8182,0.8182,0.8182,0.6667,3.0,3.2342,0.462,7,7,11,11
15642,0.9987,0.75,0.75,0.75,1.0,0.0,2.8284,0.4714,6,6,8,8
126,0.9993,0.875,0.875,0.875,0.8571,2.0,1.7776,0.2963,6,6,8,8
5606,0.9996,0.5455,0.5455,0.5455,0.6667,2.0,4.3035,0.6148,7,7,11,11
9615,0.9988,0.5,0.5,0.5,0.5714,3.0,5.4754,0.6084,9,9,14,14
1574,0.9997,0.5,0.5,0.5,0.7778,7.0,5.0498,0.505,10,10,18,18
9873,0.9997,0.6667,0.6667,0.6667,0.8333,1.0,3.5355,0.5051,7,7,9,9
10729,0.9995,0.6667,0.6667,0.6667,0.8333,1.0,3.5355,0.5051,7,7,9,9
6947,0.9985,0.3889,0.4118,0.4,0.7143,15.0,6.0481,0.6048,10,10,18,17
11544,0.9991,0.5,0.5,0.5,1.0,0.0,4.0,0.6667,6,6,8,8
11744,0.9989,0.9,0.9,0.9,0.7778,2.0,2.2361,0.3194,7,7,10,10
1447,0.9932,0.8,0.8,0.8,1.0,0.0,2.8284,0.4041,7,7,10,10
237,0.9996,0.9,0.9,0.9,0.8889,2.0,1.6371,0.2339,7,7,10,10
3006,0.9988,0.8571,0.8571,0.8571,1.0,1.0,1.4765,0.2953,5,5,7,7
16742,0.9983,0.625,0.625,0.625,0.8,13.0,4.99,0.3838,13,13,24,24
12017,0.9962,0.5294,0.5294,0.5294,0.7778,3.0,5.2896,0.529,10,10,17,17
11347,0.9993,0.6923,0.6923,0.6923,1.0,1.0,3.7656,0.4707,8,8,13,13
4064,0.9992,0.875,0.875,0.875,0.8571,1.0,2.1213,0.303,7,7,8,8
9356,0.9993,0.8889,0.8889,0.8889,0.75,2.0,2.3409,0.3344,7,7,9,9
4970,0.9973,0.4444,0.4444,0.4444,1.0,1.0,4.2638,0.6091,7,7,9,9
6262,0.9992,0.5,0.5,0.5,0.8571,2.0,5.2115,0.5791,9,9,14,14
2626,0.9995,0.9091,0.9091,0.9091,0.6,5.0,1.9849,0.2836,7,7,11,11
9201,0.9985,0.6875,0.6875,0.6875,0.5455,13.0,4.2379,0.4238,10,10,16,16
4413,0.9979,0.5238,0.5238,0.5238,1.0,11.0,5.7533,0.523,11,11,21,21
6340,0.9984,0.6154,0.6154,0.6154,0.5,6.0,3.9547,0.4394,9,9,13,13
13313,0.9992,0.8182,0.8182,0.8182,0.6667,2.0,3.0919,0.4417,7,7,11,11
3627,0.9987,0.6364,0.6364,0.6364,0.7143,3.0,3.8962,0.487,8,8,11,11
11531,0.9991,0.5,0.5,0.5,1.0,0.0,4.0,0.6667,6,6,8,8
15500,0.9983,0.8,0.8,0.8,0.6667,3.0,3.8756,0.4306,9,9,15,15
292,0.9991,0.5,0.5,0.5,1.0,0.0,4.0,0.6667,6,6,8,8
11937,0.9953,0.3846,0.3846,0.3846,0.6,5.0,4.8104,0.5345,9,9,13,13
10107,0.9993,0.7,0.7,0.7,1.0,2.0,2.6306,0.3758,7,7,10,10
48,0.9949,0.5714,0.5714,0.5714,1.0,0.0,3.4641,0.5774,6,6,7,7
11540,0.9991,0.5,0.5,0.5,1.0,0.0,4.0,0.6667,6,6,8,8
9508,0.999,0.8,0.8,0.8,0.625,2.0,3.0919,0.4417,7,7,10,10
1844,0.995,0.75,0.75,0.75,1.0,0.0,4.0,0.4444,9,9,16,16
11233,0.999,0.7,0.7,0.7,0.7143,3.0,3.2342,0.462,7,7,10,10
3503,0.999,0.5,0.5,0.5,1.0,3.0,4.9376,0.5486,9,9,16,16
15461,0.9961,0.7,0.7,0.7,0.3571,14.0,4.1158,0.3742,11,11,20,20
5938,0.9989,0.6,0.6,0.6,0.5556,3.0,5.1049,0.5105,10,10,15,15
10396,0.9989,0.6667,0.6667,0.6667,0.3333,4.0,3.7417,0.6236,6,6,9,9
6369,0.999,0.6,0.6,0.6,1.0,1.0,3.6688,0.5241,7,7,10,10
15121,0.9988,0.7778,0.7778,0.7778,1.0,0.0,2.8284,0.4041,7,7,9,9
7536,0.9868,0.5263,0.5263,0.5263,0.6,15.0,5.223,0.5223,10,10,19,19
8526,0.9973,0.6667,0.6667,0.6667,1.0,2.0,3.4117,0.4265,8,8,12,12
11892,0.9981,0.8571,0.8571,0.8571,0.9167,2.0,2.4413,0.2713,9,9,14,14
10398,0.9995,0.875,0.875,0.875,0.8571,1.0,2.2316,0.3719,6,6,8,8
464,0.9987,0.5714,0.6154,0.5926,0.75,4.0,4.3726,0.4858,9,9,14,13
6454,0.9978,0.7778,0.7778,0.7778,0.8571,1.0,2.9967,0.4281,7,7,9,9
13261,0.9993,0.8182,0.8182,0.8182,0.6667,2.0,3.1686,0.4527,7,7,11,11
2240,0.9996,0.7,0.7,0.7,0.4286,3.0,3.8131,0.5447,7,7,10,10
12393,0.9991,0.5,0.5,0.5,1.0,0.0,4.0,0.6667,6,6,8,8
3970,0.9994,0.5714,0.5714,0.5714,0.75,4.0,4.5956,0.5106,9,9,14,14
12093,0.9993,0.5,0.5,0.5,1.0,0.0,4.4721,0.6389,7,7,10,10
2349,0.997,0.7273,0.7273,0.7273,1.0,0.0,3.4641,0.4949,7,7,11,11
8786,0.9746,0.6667,0.6667,0.6667,0.75,3.0,3.8026,0.4753,8,8,12,12
12161,0.9992,0.6667,0.6667,0.6667,0.875,4.0,3.0984,0.3873,8,8,12,12
5520,0.9994,0.8333,0.8333,0.8333,1.0,0.0,2.0,0.4,5,5,6,6
1026,0.999,0.7368,0.7368,0.7368,0.8571,6.0,3.4699,0.3154,11,11,19,19
15158,0.9993,0.8,0.8,0.8,0.75,3.0,2.6344,0.3763,7,7,10,10
570,0.9985,0.7222,0.7222,0.7222,0.9231,2.0,4.3772,0.3979,11,11,18,18
8057,0.9986,0.6,0.6,0.6,0.4667,25.0,5.6692,0.4724,12,12,25,25
10441,0.9992,0.5833,0.5833,0.5833,0.8571,1.0,4.5277,0.566,8,8,12,12
13737,0.9962,0.56,0.56,0.56,0.6429,26.0,5.6445,0.4342,13,13,25,25
6868,0.998,0.5882,0.5882,0.5882,0.9,5.0,4.3658,0.4366,10,10,17,17
11763,0.9987,0.9091,0.9091,0.9091,0.5,5.0,2.1213,0.303,7,7,11,11
6830,0.9967,0.6875,0.6875,0.6875,0.9091,3.0,4.1641,0.4164,10,10,16,16
145,0.9945,0.55,0.5789,0.5641,0.8182,5.0,5.0616,0.4601,11,11,20,19
13312,0.9988,0.5,0.5,0.5,0.8333,3.0,4.4068,0.4896,9,9,12,12
16932,0.9985,0.5625,0.5625,0.5625,1.0,3.0,4.5144,0.4514,10,10,16,16
7793,0.9991,0.8824,0.8824,0.8824,0.8667,1.0,3.01,0.3344,9,9,17,17
5867,0.9973,0.6667,0.6667,0.6667,1.0,0.0,2.8284,0.5657,5,5,6,6
4694,0.9989,0.8571,0.8571,0.8571,0.8333,2.0,2.5534,0.2837,9,9,14,14
9665,0.9993,0.5455,0.6,0.5714,0.8333,4.0,3.5777,0.5111,7,7,11,10
9076,0.9981,0.4762,0.5,0.4878,0.7,10.0,5.3028,0.4419,12,12,21,20
625,0.9969,0.5217,0.5217,0.5217,0.5833,22.0,5.6018,0.4309,13,13,23,23
15643,0.9991,0.6154,0.6154,0.6154,1.0,2.0,3.8626,0.4828,8,8,13,13
12290,0.9996,0.6364,0.6364,0.6364,1.0,0.0,4.0,0.5,8,8,11,11
3764,0.9972,0.4167,0.4348,0.4255,0.4,19.0,6.9051,0.4316,16,16,24,23
15308,0.999,0.7,0.7,0.7,0.7143,1.0,3.6139,0.4517,8,8,10,10
11478,0.9991,0.5,0.5,0.5,1.0,0.0,4.0,0.6667,6,6,8,8
11806,0.9903,0.4074,0.4074,0.4074,0.7273,20.0,7.0795,0.472,15,15,27,27
5282,0.9987,0.7778,0.7778,0.7778,1.0,0.0,2.8284,0.4041,7,7,9,9
3192,0.9992,0.6429,0.6429,0.6429,0.4444,4.0,4.4811,0.4979,9,9,14,14
10466,0.9973,0.8571,0.8571,0.8571,1.0,1.0,1.4765,0.2953,5,5,7,7
11868,0.9991,0.4667,0.4667,0.4667,0.8571,2.0,5.5821,0.6202,9,9,15,15
13897,0.9989,0.6364,0.7,0.6667,0.5714,4.0,3.3466,0.4781,7,7,11,10
14731,0.9993,0.7778,0.7778,0.7778,1.0,1.0,2.3367,0.3894,6,6,9,9
11113,0.9997,0.8,0.8,0.8,0.75,3.0,2.8531,0.4076,7,7,10,10
5700,0.9979,0.8182,0.8182,0.8182,0.8889,1.0,2.9967,0.4281,7,7,11,11
1999,0.9992,0.5,0.5,0.5,0.25,7.0,5.3235,0.5915,9,9,16,16
11999,0.991,0.6667,0.6667,0.6667,0.5,4.0,3.2465,0.5411,6,6,9,9
2098,0.9994,0.6364,0.6364,0.6364,1.0,3.0,2.8948,0.4135,7,7,11,11
1868,0.9981,0.8182,0.8182,0.8182,0.8889,1.0,2.9155,0.3644,8,8,11,11
6338,0.9994,0.5294,0.5294,0.5294,0.6667,3.0,5.6338,0.5634,10,10,17,17
14483,0.9975,0.6875,0.6875,0.6875,0.6364,4.0,4.4721,0.4472,10,10,16,16
12599,0.9971,0.6471,0.6471,0.6471,0.9091,2.0,4.6861,0.4686,10,10,17,17
22,0.9997,0.875,0.875,0.875,0.8571,2.0,1.4,0.2333,6,6,8,8
8522,0.9984,0.5455,0.6,0.5714,0.5,3.0,4.2119,0.6017,7,7,11,10
10239,0.9978,0.5,0.5,0.5,1.0,0.0,4.0,0.6667,6,6,8,8
12811,0.9983,0.4,0.4,0.4,0.8,21.0,6.9785,0.4985,14,14,25,25
1125,0.9976,0.7857,0.7857,0.7857,0.8182,2.0,3.6715,0.4079,9,9,14,14
4998,0.9969,0.5,0.5,0.5,1.0,2.0,4.5122,0.564,8,8,12,12
4773,0.9996,0.5385,0.5385,0.5385,0.7143,2.0,4.7455,0.5932,8,8,13,13
5842,0.9987,0.7,0.7,0.7,0.7143,3.0,3.2342,0.462,7,7,10,10
5460,0.9993,0.5625,0.5625,0.5625,0.6667,6.0,4.7539,0.4754,10,10,16,16
12924,0.998,0.6667,0.6667,0.6667,0.7,4.0,4.089,0.4543,9,9,15,15
5575,0.9954,0.3684,0.3684,0.3684,0.7143,15.0,6.1822,0.6182,10,10,19,19
235,0.9982,0.8333,0.8333,0.8333,0.7,4.0,2.6382,0.3298,8,8,12,12
7704,0.9989,0.75,0.75,0.75,1.0,1.0,3.0757,0.3845,8,8,12,12
15426,0.9993,0.8571,0.8571,0.8571,1.0,1.0,1.4765,0.2953,5,5,7,7
16715,0.9989,0.6,0.6,0.6,0.8333,2.0,3.8936,0.4867,8,8,10,10
7710,0.9923,0.7273,0.7273,0.7273,1.0,0.0,3.4641,0.433,8,8,11,11
14002,0.9995,0.7,0.7,0.7,0.8571,2.0,3.1559,0.4508,7,7,10,10
7064,0.9976,0.625,0.625,0.625,0.8,1.0,3.6028,0.5147,7,7,8,8
6003,0.999,0.6,0.6,0.6,0.8333,3.0,3.6524,0.5218,7,7,10,10
9916,0.9983,0.6667,0.6667,0.6667,0.875,4.0,2.9799,0.3725,8,8,12,12
17017,0.995,0.7857,0.7857,0.7857,1.0,0.0,3.4641,0.3464,10,10,14,14
3003,0.9994,0.6364,0.6364,0.6364,0.8571,3.0,3.3793,0.4828,7,7,11,11
3678,0.9978,0.8,0.8,0.8,0.9167,3.0,2.724,0.3027,9,9,15,15
14839,0.9976,0.7273,0.7273,0.7273,0.75,3.0,2.8249,0.4036,7,7,11,11
3949,0.9988,0.7273,0.7273,0.7273,0.625,6.0,2.4249,0.3464,7,7,11,11
198,0.9988,1.0,1.0,1.0,0.75,2.0,1.0,0.1667,6,6,8,8
11948,0.9991,0.6667,0.6667,0.6667,0.6667,2.0,3.6056,0.5151,7,7,9,9
16378,0.999,0.5455,0.5455,0.5455,0.6667,1.0,4.5891,0.6556,7,7,11,11
10617,0.9987,1.0,1.0,1.0,0.4286,2.0,1.456,0.2427,6,6,7,7
3961,0.9994,0.75,0.75,0.75,1.0,0.0,3.4641,0.433,8,8,12,12
3120,0.9991,0.5,0.5,0.5,1.0,0.0,4.0,0.6667,6,6,8,8
7567,0.9989,0.4286,0.4286,0.4286,0.7778,12.0,6.5803,0.5484,12,12,21,21
6993,0.9991,0.6154,0.6154,0.6154,0.625,4.0,4.4632,0.5579,8,8,13,13
4540,0.9997,0.5556,0.5556,0.5556,0.8,3.0,3.3793,0.4828,7,7,9,9
698,0.9989,0.8182,0.8182,0.8182,1.0,1.0,2.3367,0.3338,7,7,11,11
9314,0.9998,0.7143,0.7143,0.7143,1.0,0.0,2.8284,0.5657,5,5,7,7
12096,0.9979,0.4545,0.4545,0.4545,0.6,4.0,4.5166,0.5646,8,8,11,11
4633,0.9998,0.75,0.75,0.75,0.6667,2.0,2.3152,0.3859,6,6,8,8
12293,0.9986,0.7692,0.7692,0.7692,0.9,2.0,3.1559,0.3945,8,8,13,13
13298,0.9986,0.7647,0.7647,0.7647,0.8462,4.0,3.5214,0.3521,10,10,17,17
12487,0.9993,0.6429,0.6429,0.6429,0.8889,2.0,4.2379,0.4709,9,9,14,14
16983,0.998,0.9167,0.9167,0.9167,0.8182,2.0,2.3409,0.2601,9,9,12,12
389,0.9984,1.0,1.0,1.0,0.7273,3.0,1.2247,0.1531,8,8,11,11
2814,0.9957,0.875,0.875,0.875,0.8571,2.0,1.4,0.2333,6,6,8,8
16565,0.9992,0.7273,0.7273,0.7273,0.75,1.0,3.6139,0.5163,7,7,11,11
4595,0.9986,0.4,0.4,0.4,0.75,5.0,3.9421,0.5632,7,7,10,10
768,0.9991,0.5,0.5,0.5,1.0,0.0,4.0,0.6667,6,6,8,8
12627,0.999,0.7857,0.7857,0.7857,0.8182,4.0,2.9394,0.3266,9,9,14,14
10934,0.9994,0.8571,0.8571,0.8571,0.4167,6.0,3.1305,0.3478,9,9,14,14
15245,0.9991,0.6364,0.6364,0.6364,0.4286,4.0,4.2426,0.5303,8,8,11,11
14908,0.999,0.8333,0.8333,0.8333,0.8,2.0,1.6371,0.3274,5,5,6,6
13749,0.9986,0.9091,0.9091,0.9091,0.8,1.0,2.2494,0.3749,6,6,11,11
8698,0.9993,0.6,0.6,0.6,0.7778,5.0,4.4475,0.4942,9,9,15,15
11254,0.9993,0.625,0.625,0.625,1.0,0.0,3.4641,0.5774,6,6,8,8
3197,0.9982,0.6154,0.6154,0.6154,0.875,2.0,4.2379,0.5297,8,8,13,13
10725,0.9994,0.7778,0.7778,0.7778,1.0,0.0,2.8284,0.4714,6,6,9,9
9168,0.9985,0.7,0.7,0.7,1.0,0.0,3.4641,0.4949,7,7,10,10
2729,0.9993,0.6923,0.6923,0.6923,0.8889,2.0,3.7363,0.467,8,8,13,13
945,0.9995,0.5294,0.5294,0.5294,0.6667,4.0,5.3367,0.5337,10,10,17,17
12181,0.9988,0.9231,0.9231,0.9231,0.8333,2.0,1.5875,0.1984,8,8,13,13
4792,0.9991,0.8182,0.8182,0.8182,0.6667,3.0,2.7386,0.3912,7,7,11,11
1104,0.9971,0.5385,0.56,0.549,0.7857,23.0,6.0647,0.4043,15,15,26,25
6311,0.9983,0.8182,0.8182,0.8182,1.0,1.0,2.3367,0.3338,7,7,11,11
15203,0.9988,0.8,0.8,0.8,0.75,5.0,2.9017,0.3627,8,8,15,15
2267,0.9997,0.6364,0.6364,0.6364,0.8571,2.0,3.7363,0.5338,7,7,11,11
900,0.9991,0.5,0.5,0.5,1.0,0.0,4.0,0.6667,6,6,8,8
6982,0.9993,0.7692,0.7692,0.7692,0.8,3.0,3.2342,0.4043,8,8,13,13
511,0.9991,0.7333,0.7333,0.7333,0.4545,6.0,3.747,0.4163,9,9,15,15
13848,0.9968,0.7333,0.7333,0.7333,0.5455,5.0,3.6797,0.4089,9,9,15,15
11210,0.9993,0.5833,0.5833,0.5833,1.0,0.0,4.4721,0.559,8,8,12,12
15835,0.999,0.4444,0.4444,0.4444,1.0,1.0,4.1785,0.5969,7,7,9,9
9611,0.9992,0.5556,0.5556,0.5556,1.0,0.0,4.0,0.5714,7,7,9,9
2628,0.999,0.3529,0.3529,0.3529,1.0,12.0,5.5946,0.5595,10,10,17,17
13916,0.9984,0.6667,0.6667,0.6667,0.75,1.0,2.9155,0.4859,6,6,6,6
15882,0.9989,0.8333,0.8333,0.8333,1.0,1.0,2.3367,0.3338,7,7,12,12
3344,0.999,0.8889,0.8889,0.8889,0.5,5.0,2.1587,0.3598,6,6,9,9
4180,0.9989,0.7,0.7,0.7,1.0,0.0,3.4641,0.4949,7,7,10,10
14240,0.9993,0.7273,0.7273,0.7273,0.875,2.0,3.1559,0.4508,7,7,11,11
1827,0.999,0.6429,0.6429,0.6429,0.5556,5.0,4.4654,0.4962,9,9,14,14
14652,0.9996,0.5833,0.5833,0.5833,0.4286,4.0,4.4721,0.559,8,8,12,12
16180,0.9992,0.6,0.6,0.6,1.0,1.0,3.7656,0.5379,7,7,10,10
5402,0.9967,0.45,0.4737,0.4615,1.0,12.0,5.7689,0.4807,12,12,20,19
7243,0.9975,0.7143,0.7143,0.7143,0.8,2.0,2.4413,0.4883,5,5,7,7
2220,0.9993,0.625,0.625,0.625,0.2,5.0,3.3853,0.4836,7,7,8,8
5478,0.9992,0.5,0.5,0.5,0.7143,7.0,4.1833,0.5229,8,8,14,14
13218,0.9965,0.4118,0.4118,0.4118,0.8571,14.0,5.616,0.5616,10,10,17,17
16082,0.9981,0.4737,0.4737,0.4737,0.8889,8.0,5.9515,0.496,12,12,19,19
10056,0.9992,0.6667,0.6667,0.6667,0.75,2.0,3.8105,0.5444,7,7,12,12
16272,0.9997,0.8889,0.8889,0.8889,0.875,1.0,2.1213,0.3536,6,6,9,9
8549,0.9991,0.6364,0.6364,0.6364,1.0,2.0,3.5157,0.5022,7,7,11,11
12656,0.9994,0.7778,0.7778,0.7778,1.0,1.0,2.3367,0.3894,6,6,9,9
8708,0.9977,0.4737,0.4737,0.4737,0.5556,15.0,5.995,0.545,11,11,19,19
3507,0.9972,0.5,0.5,0.5,1.0,3.0,5.3944,0.5394,10,10,18,18
6720,0.9991,0.625,0.625,0.625,0.8,2.0,4.7455,0.5273,9,9,16,16
8422,0.9993,0.8462,0.8462,0.8462,1.0,1.0,2.3367,0.2921,8,8,13,13
15320,0.9973,0.44,0.4583,0.449,0.3636,25.0,6.6197,0.4728,14,14,25,24
4376,0.9996,0.8,0.8,0.8,0.75,3.0,2.5417,0.3631,7,7,10,10
7329,0.999,0.8182,0.8182,0.8182,0.8889,2.0,2.4413,0.3052,8,8,11,11
16258,0.9992,0.8,0.8,0.8,0.4167,6.0,4.1231,0.4581,9,9,15,15
3382,0.996,0.6364,0.6364,0.6364,1.0,0.0,4.0,0.5714,7,7,11,11
9849,0.9994,0.5385,0.5385,0.5385,0.7143,3.0,4.7896,0.5987,8,8,13,13
16556,0.9973,0.9,0.9,0.9,0.8889,2.0,1.562,0.2232,7,7,10,10
5881,0.9976,0.4737,0.4737,0.4737,0.5556,17.0,5.9699,0.4975,12,12,19,19
9673,0.9913,0.5882,0.5882,0.5882,0.7,5.0,4.9417,0.4492,11,11,17,17
6104,0.9989,0.7222,0.7222,0.7222,0.6154,5.0,4.5277,0.4528,10,10,18,18
13273,0.9983,0.8462,0.9167,0.88,0.9091,2.0,2.1633,0.2404,9,9,13,12
8655,0.9994,0.3846,0.3846,0.3846,0.8,4.0,4.988,0.6235,8,8,13,13
2914,0.9853,0.5333,0.5333,0.5333,0.75,2.0,5.3852,0.5385,10,10,15,15
834,0.9988,0.8571,0.8571,0.8571,1.0,0.0,2.0,0.4,5,5,7,7
10945,0.9928,0.7692,0.8333,0.8,0.6,6.0,2.7641,0.3455,8,8,13,12
8508,0.9987,0.8571,0.8571,0.8571,1.0,0.0,2.0,0.4,5,5,7,7
695,0.9988,0.4706,0.4706,0.4706,1.0,12.0,5.5606,0.4634,12,12,17,17
11119,0.998,0.85,0.85,0.85,0.8235,4.0,2.9933,0.2721,11,11,20,20
14649,0.9984,0.6667,0.6667,0.6667,1.0,2.0,3.4117,0.4265,8,8,12,12
3913,0.9993,0.6471,0.6471,0.6471,0.5455,5.0,4.901,0.5446,9,9,17,17
2879,0.9994,0.6429,0.6429,0.6429,0.6667,3.0,4.3612,0.4846,9,9,14,14
16835,0.9974,0.5,0.5,0.5,1.0,1.0,4.1785,0.5969,7,7,10,10
11348,0.9993,0.8,0.8,0.8,0.5833,5.0,3.8079,0.476,8,8,15,15
4848,0.9991,0.3333,0.3333,0.3333,1.0,0.0,4.0,0.6667,6,6,6,6
9510,0.9987,0.8462,0.8462,0.8462,0.8182,3.0,2.7677,0.346,8,8,13,13
10671,0.9997,0.8333,0.8333,0.8333,1.0,0.0,2.0,0.4,5,5,6,6
13410,0.9993,0.7273,0.7273,0.7273,0.625,3.0,3.3196,0.4742,7,7,11,11
15366,0.9988,0.5556,0.5556,0.5556,0.8,2.0,3.8314,0.4789,8,8,9,9
7176,0.9987,0.6842,0.7222,0.7027,0.8462,4.0,4.5078,0.4098,11,11,19,18
787,0.9988,0.7143,0.7143,0.7143,0.7,3.0,3.937,0.4374,9,9,14,14
11793,0.9943,0.5294,0.5294,0.5294,0.7778,2.0,5.7446,0.5745,10,10,17,17
14209,0.9969,0.9444,0.9444,0.9444,0.8235,4.0,1.8547,0.1686,11,11,18,18
4703,0.9993,0.5,0.5,0.5,1.0,0.0,4.4721,0.6389,7,7,10,10
3841,0.9991,0.5,0.5,0.5,1.0,0.0,4.0,0.6667,6,6,8,8
15397,0.9993,0.6923,0.6923,0.6923,0.7778,4.0,3.5214,0.4402,8,8,13,13
13488,0.9994,0.6923,0.6923,0.6923,0.5556,6.0,3.7895,0.4737,8,8,13,13
12308,0.9992,0.4737,0.4737,0.4737,0.8889,14.0,5.2726,0.4394,12,12,19,19
16910,0.999,0.7273,0.7273,0.7273,0.875,2.0,3.1559,0.4508,7,7,11,11
8418,0.9999,0.75,0.75,0.75,1.0,0.0,2.8284,0.4714,6,6,8,8
584,0.9983,0.8182,0.8182,0.8182,0.8889,1.0,2.9155,0.3644,8,8,11,11
542,0.9986,0.5385,0.5385,0.5385,0.7143,2.0,4.7455,0.5932,8,8,13,13
3088,0.9993,0.6364,0.6364,0.6364,1.0,1.0,3.6688,0.5241,7,7,11,11
6334,0.9989,0.5385,0.5385,0.5385,0.7143,3.0,4.5497,0.5055,9,9,13,13
13938,0.9987,0.75,0.75,0.75,0.7778,3.0,3.3793,0.4224,8,8,12,12
12399,0.9994,0.6923,0.6923,0.6923,0.5556,5.0,3.6028,0.4503,8,8,13,13
583,0.9986,0.8182,0.8182,0.8182,1.0,2.0,1.7088,0.2441,7,7,11,11
2883,0.9994,0.6875,0.6875,0.6875,1.0,2.0,3.8626,0.3863,10,10,16,16
6121,0.994,0.4545,0.4545,0.4545,0.6,27.0,5.6815,0.437,13,13,22,22
7669,0.9993,0.5455,0.5455,0.5455,0.6667,2.0,4.6347,0.6621,7,7,11,11
2221,0.9972,0.8,0.8,0.8,0.75,2.0,3.6824,0.3348,11,11,15,15
11842,0.998,0.7692,0.7692,0.7692,0.9,1.0,3.5355,0.4419,8,8,13,13
13199,0.999,0.7857,0.8462,0.8148,0.6364,4.0,3.2,0.3556,9,9,14,13
14788,0.9989,0.6,0.6,0.6,0.7778,4.0,4.5431,0.5048,9,9,15,15
13578,0.999,0.5789,0.5789,0.5789,0.8182,5.0,4.7854,0.4785,10,10,19,19
4594,0.9992,0.6667,0.6667,0.6667,1.0,1.0,3.6688,0.4586,8,8,12,12
13284,0.9979,0.3333,0.3333,0.3333,0.8571,21.0,6.6182,0.5091,13,13,21,21
16502,0.999,0.9091,0.9091,0.9091,0.8,2.0,2.2361,0.3194,7,7,11,11
2107,0.9993,0.8889,0.8889,0.8889,0.875,1.0,2.1213,0.3536,6,6,9,9
16089,0.9991,0.5,0.5,0.5,1.0,0.0,4.0,0.6667,6,6,8,8
14743,0.9995,0.6364,0.7,0.6667,0.8571,2.0,3.527,0.5039,7,7,11,10
3273,0.9954,0.5556,0.5556,0.5556,1.0,0.0,4.0,0.5714,7,7,9,9
11473,0.9991,0.5,0.5,0.5,1.0,0.0,4.0,0.6667,6,6,8,8
7377,0.9995,0.6667,0.6667,0.6667,0.4167,9.0,4.4654,0.4465,10,10,18,18
15999,0.999,0.7273,0.7273,0.7273,0.75,1.0,3.6139,0.5163,7,7,11,11
4502,0.9991,0.5,0.5,0.5,1.0,0.0,4.0,0.6667,6,6,8,8
10309,0.9969,0.8667,0.8667,0.8667,0.5385,6.0,3.0,0.3333,9,9,15,15
12428,0.9985,0.5,0.5,0.5,0.8889,6.0,4.9518,0.4952,10,10,18,18
11550,0.9991,0.5,0.5,0.5,1.0,0.0,4.0,0.6667,6,6,8,8
5829,0.9992,0.5,0.5,0.5,1.0,0.0,4.0,0.6667,6,6,8,8
1109,0.9987,0.5,0.5,0.5,0.5833,15.0,6.1482,0.5123,12,12,24,24
14856,0.9988,0.875,0.875,0.875,1.0,0.0,2.0,0.3333,6,6,8,8
7200,0.9995,0.5455,0.5455,0.5455,1.0,0.0,4.4721,0.6389,7,7,11,11
4740,0.9993,0.6364,0.6364,0.6364,0.7143,4.0,3.4525,0.4932,7,7,11,11
13745,0.9973,0.8,0.8,0.8,0.875,1.0,2.9155,0.4165,7,7,10,10
10531,0.9985,0.5,0.5,0.5,0.75,1.0,4.062,0.5803,7,7,8,8
532,0.9992,0.4211,0.4211,0.4211,0.5,8.0,5.557,0.5557,10,10,19,19
2712,0.9983,0.75,0.75,0.75,0.75,4.0,3.8678,0.4298,9,9,16,16
15117,0.9993,0.9091,0.9091,0.9091,0.6,3.0,2.4617,0.3517,7,7,11,11
2067,0.9986,0.7273,0.7273,0.7273,0.75,2.0,3.6056,0.5151,7,7,11,11
8558,0.9982,0.3529,0.375,0.3636,0.3333,5.0,6.3008,0.6301,10,10,17,16
11551,0.9991,0.5,0.5,0.5,1.0,0.0,4.0,0.6667,6,6,8,8
6728,0.9994,0.8889,0.8889,0.8889,1.0,0.0,2.0,0.3333,6,6,9,9
14371,0.9982,0.6429,0.6429,0.6429,0.7778,4.0,4.0497,0.5062,8,8,14,14
6774,0.9996,0.8889,0.8889,0.8889,0.75,3.0,1.5684,0.2241,7,7,9,9
15079,0.9991,0.4615,0.4615,0.4615,0.5,6.0,4.6174,0.5772,8,8,13,13
3563,0.9991,0.5455,0.5455,0.5455,1.0,2.0,3.9547,0.565,7,7,11,11
4997,0.9914,0.5714,0.5714,0.5714,0.75,5.0,4.3932,0.4881,9,9,14,14
11141,0.9983,0.8,0.8,0.8,0.75,3.0,2.5417,0.3631,7,7,10,10
16593,0.9988,0.9,0.9,0.9,0.7778,3.0,1.5684,0.2241,7,7,10,10
8675,0.999,0.5625,0.5625,0.5625,0.8889,2.0,5.0951,0.5095,10,10,16,16
10625,0.9982,0.7368,0.7368,0.7368,0.7143,4.0,4.4181,0.4016,11,11,19,19
12323,0.9993,0.8889,0.8889,0.8889,0.625,3.0,2.3452,0.3909,6,6,9,9
8606,0.9989,0.7,0.7,0.7,0.7143,3.0,3.3076,0.4725,7,7,10,10
13735,0.997,0.6154,0.6154,0.6154,1.0,2.0,3.9547,0.4943,8,8,13,13
7203,0.9987,0.5455,0.5455,0.5455,0.8333,3.0,3.9268,0.561,7,7,11,11
11583,0.9947,0.6364,0.6364,0.6364,0.8571,4.0,3.3226,0.4747,7,7,11,11
2863,0.999,0.6364,0.6364,0.6364,0.8571,1.0,4.062,0.5078,8,8,11,11
2106,0.9993,0.6923,0.6923,0.6923,1.0,2.0,3.3045,0.4131,8,8,13,13
5151,0.9961,0.8,0.8,0.8,0.9167,2.0,3.1559,0.3507,9,9,15,15
12299,0.9991,0.7692,0.7692,0.7692,0.9,2.0,3.1559,0.3945,8,8,13,13
4214,0.9995,0.7333,0.7333,0.7333,0.8182,4.0,3.2985,0.3665,9,9,15,15
2037,0.9984,0.9412,0.9412,0.9412,1.0,0.0,2.0,0.2222,9,9,17,17
13651,0.9994,0.7692,0.7692,0.7692,0.8,3.0,3.3076,0.4134,8,8,13,13
14691,0.9986,0.7143,0.7143,0.7143,0.8,1.0,4.1304,0.4589,9,9,14,14
10529,0.998,0.6364,0.6364,0.6364,0.8571,2.0,3.7363,0.5338,7,7,11,11
8343,0.9952,0.4,0.4,0.4,0.75,3.0,4.4068,0.6295,7,7,10,10
1153,0.9968,0.6111,0.6111,0.6111,0.8182,10.0,5.3907,0.4901,11,11,18,18
14928,0.9991,0.7143,0.7143,0.7143,0.8,3.0,3.5637,0.4455,8,8,14,14
14761,0.9981,0.6,0.6,0.6,0.6667,1.0,2.9155,0.5831,5,5,5,5
1547,0.9994,0.6667,0.7273,0.6957,0.5,6.0,2.9866,0.4267,7,7,12,11
14226,0.9992,0.5714,0.5714,0.5714,0.875,3.0,4.4878,0.4986,9,9,14,14
7625,0.999,0.7647,0.7647,0.7647,1.0,2.0,3.3045,0.3305,10,10,17,17
10012,0.9987,0.5714,0.5714,0.5714,1.0,1.0,4.6325,0.5791,8,8,14,14
4923,0.9942,0.8889,0.8889,0.8889,0.75,2.0,2.3409,0.3902,6,6,9,9
14354,0.9993,0.6842,0.6842,0.6842,0.8462,4.0,4.5695,0.4154,11,11,19,19
3497,0.9984,0.3333,0.3333,0.3333,1.0,1.0,5.4277,0.6785,8,8,12,12
3378,0.9992,0.7333,0.7333,0.7333,0.8182,2.0,3.8105,0.3811,10,10,15,15
2123,0.999,0.7778,0.7778,0.7778,1.0,0.0,2.8284,0.4714,6,6,9,9
7922,0.9992,0.7273,0.7273,0.7273,0.875,1.0,3.5355,0.5051,7,7,11,11
16993,0.9995,0.8182,0.8182,0.8182,0.6667,3.0,2.6495,0.3785,7,7,11,11
15323,0.9991,0.5,0.5,0.5,1.0,0.0,4.0,0.6667,6,6,8,8
9566,0.9991,0.75,0.75,0.75,0.7778,3.0,3.4842,0.4355,8,8,12,12
15903,0.997,0.6923,0.6923,0.6923,1.0,1.0,3.6688,0.4076,9,9,13,13
11465,0.9982,0.7273,0.7273,0.7273,0.75,2.0,3.6056,0.5151,7,7,11,11
7768,0.9993,0.875,0.875,0.875,1.0,0.0,2.0,0.3333,6,6,8,8
10643,0.9995,0.6667,0.6667,0.6667,1.0,0.0,2.8284,0.4714,6,6,6,6
730,0.9991,1.0,1.0,1.0,0.6667,3.0,1.2247,0.2041,6,6,9,9
3136,0.9989,0.5,0.5,0.5,1.0,1.0,3.6688,0.5241,7,7,8,8
7735,0.9987,0.55,0.55,0.55,0.6364,16.0,5.3273,0.4098,13,13,20,20
16939,0.9992,0.3636,0.3636,0.3636,1.0,1.0,5.1166,0.7309,7,7,11,11
6584,0.9985,0.875,0.875,0.875,1.0,0.0,2.0,0.3333,6,6,8,8
12821,0.9987,0.6923,0.6923,0.6923,0.4444,7.0,3.8236,0.478,8,8,13,13
2663,0.9974,0.6923,0.75,0.72,0.7778,3.0,3.5972,0.4497,8,8,13,12
12453,0.9993,1.0,1.0,1.0,1.0,0.0,0.0,0.0,6,6,9,9
15930,0.9977,0.4286,0.4286,0.4286,1.0,0.0,4.0,0.6667,6,6,7,7
6934,0.9994,0.8571,0.8571,0.8571,0.6667,2.0,2.2361,0.4472,5,5,7,7
14612,0.9967,0.3333,0.3333,0.3333,1.0,17.0,6.8235,0.5249,13,13,21,21
12237,0.9975,0.9286,0.9286,0.9286,0.6154,6.0,2.1071,0.2341,9,9,14,14
15127,0.998,0.4286,0.4286,0.4286,0.6667,14.0,5.8583,0.4882,12,12,21,21
2378,0.9993,0.5833,0.5833,0.5833,0.7143,3.0,4.0866,0.5108,8,8,12,12
2506,0.9989,0.7692,0.7692,0.7692,0.9,3.0,2.724,0.3027,9,9,13,13
7190,0.9984,0.4667,0.4667,0.4667,0.8571,3.0,5.2364,0.5818,9,9,15,15
2784,0.9996,0.8333,0.8333,0.8333,1.0,0.0,2.8284,0.3536,8,8,12,12
13959,0.9996,0.6364,0.6364,0.6364,0.8571,2.0,3.7363,0.5338,7,7,11,11
9180,0.9993,0.8,0.8,0.8,1.0,0.0,2.8284,0.4041,7,7,10,10
2446,0.9989,1.0,1.0,1.0,0.9,1.0,0.9899,0.1414,7,7,10,10
2410,0.9988,0.7143,0.7143,0.7143,0.4,7.0,3.3912,0.4239,8,8,14,14
7117,0.9965,0.7857,0.7857,0.7857,0.5455,5.0,3.6688,0.4586,8,8,14,14
16269,0.9973,0.8571,0.8571,0.8571,0.8333,2.0,1.4,0.28,5,5,7,7
6082,0.9977,0.5833,0.5833,0.5833,0.8571,2.0,4.3772,0.5472,8,8,12,12
2771,0.9982,0.5,0.5,0.5,0.875,12.0,4.6087,0.4609,10,10,16,16
6445,0.8783,0.25,0.2667,0.2581,1.0,5.0,6.015,0.6015,10,10,16,15
2745,0.9987,0.6,0.6,0.6,0.5,2.0,4.1905,0.5238,8,8,10,10
11523,0.9993,0.75,0.8182,0.7826,0.8889,3.0,2.4779,0.3097,8,8,12,11
3355,0.9987,1.0,1.0,1.0,0.8889,1.0,0.9899,0.1414,7,7,9,9
16524,0.9986,0.5625,0.5625,0.5625,0.8889,10.0,5.1653,0.5165,10,10,16,16
1558,0.9979,0.75,0.75,0.75,0.8333,1.0,4.1304,0.4589,9,9,16,16
13764,0.9998,0.8182,0.8182,0.8182,0.5556,4.0,2.7423,0.3918,7,7,11,11
16671,0.9989,0.6,0.6,0.6,0.7778,3.0,4.7392,0.5266,9,9,15,15
14455,0.9987,0.5882,0.5882,0.5882,0.6,7.0,4.7812,0.4781,10,10,17,17
11546,0.9991,0.5,0.5,0.5,1.0,0.0,4.0,0.6667,6,6,8,8
15148,0.9991,0.5833,0.5833,0.5833,1.0,4.0,3.1369,0.3921,8,8,12,12
9610,0.9994,0.6,0.6,0.6,1.0,2.0,3.3045,0.4721,7,7,10,10
412,0.9997,0.7273,0.7273,0.7273,0.875,1.0,3.5355,0.5051,7,7,11,11
3538,0.9983,0.6667,0.6667,0.6667,0.8333,2.0,3.1559,0.526,6,6,9,9
1562,0.9992,0.4,0.4,0.4,1.0,10.0,5.9414,0.5401,11,11,20,20
2411,0.9989,0.5882,0.5882,0.5882,0.2,11.0,4.4068,0.4896,9,9,17,17
2802,0.9995,0.8571,0.8571,0.8571,1.0,0.0,2.0,0.3333,6,6,7,7
6998,0.9991,0.8333,0.8333,0.8333,1.0,0.0,2.0,0.4,5,5,6,6
11249,0.9989,0.75,0.75,0.75,1.0,0.0,2.8284,0.4714,6,6,8,8
9103,0.9985,0.5625,0.5625,0.5625,0.6667,4.0,4.9477,0.5497,9,9,16,16
16370,0.9991,0.6,0.6,0.6,0.3333,3.0,4.2497,0.6071,7,7,10,10
5303,0.9986,0.8,0.8,0.8,0.5,2.0,3.1812,0.4545,7,7,10,10
10855,0.9976,0.8571,0.8571,0.8571,0.6667,2.0,2.2361,0.4472,5,5,7,7
11445,0.9988,0.7778,0.7778,0.7778,1.0,1.0,2.3367,0.3894,6,6,9,9
6440,0.9963,0.5833,0.5833,0.5833,1.0,0.0,4.4721,0.559,8,8,12,12
4838,0.9991,0.625,0.625,0.625,1.0,0.0,3.4641,0.5774,6,6,8,8
15159,0.9982,0.6154,0.6154,0.6154,0.875,2.0,4.2379,0.5297,8,8,13,13
12964,0.9991,1.0,1.0,1.0,1.0,0.0,0.0,0.0,8,8,13,13
1319,0.9987,0.7273,0.7273,0.7273,0.75,3.0,3.2342,0.462,7,7,11,11
10271,0.9989,0.6,0.6,0.6,0.6667,2.0,4.1231,0.589,7,7,10,10
8553,0.9981,0.56,0.56,0.56,0.5714,16.0,6.0795,0.4677,13,13,25,25
9601,0.9988,0.6316,0.6667,0.6486,0.6667,12.0,5.1691,0.4699,11,11,19,18
4494,0.9991,0.6667,0.6667,0.6667,0.6,6.0,4.1134,0.457,9,9,15,15
8685,0.9992,0.8333,0.8333,0.8333,0.8,1.0,2.2316,0.4463,5,5,6,6
8944,0.9992,0.5556,0.5556,0.5556,0.6,3.0,3.8652,0.5522,7,7,9,9
3034,0.9992,0.7143,0.7143,0.7143,0.6,3.0,2.5417,0.5083,5,5,7,7
5044,0.9969,0.6667,0.6667,0.6667,1.0,0.0,4.0,0.5,8,8,12,12
7685,0.9989,0.625,0.625,0.625,0.8,2.0,3.1559,0.526,6,6,8,8
6748,0.9997,0.7778,0.7778,0.7778,0.7143,2.0,3.079,0.5132,6,6,9,9
6700,0.9997,0.6667,0.6667,0.6667,0.375,5.0,3.6797,0.5257,7,7,12,12
770,0.9984,0.3529,0.3529,0.3529,1.0,4.0,5.8788,0.5879,10,10,17,17
13724,0.9997,0.8571,0.8571,0.8571,1.0,0.0,2.0,0.4,5,5,7,7
12106,0.9955,0.625,0.625,0.625,0.6,5.0,4.8929,0.4893,10,10,16,16
3528,0.9991,0.5385,0.5833,0.56,1.0,2.0,4.2849,0.4761,9,9,13,12
5538,0.9985,0.8571,0.8571,0.8571,0.8333,1.0,2.2316,0.4463,5,5,7,7
7535,0.9963,0.7692,0.7692,0.7692,0.9,1.0,3.5355,0.4419,8,8,13,13
10622,0.999,0.7143,0.7143,0.7143,0.9,3.0,3.4842,0.4355,8,8,14,14
4656,0.9993,0.5,0.5,0.5,0.8333,4.0,4.1952,0.5244,8,8,12,12
11310,0.9993,0.6923,0.6923,0.6923,0.6667,5.0,3.7868,0.4734,8,8,13,13
11397,0.9987,0.6667,0.6667,0.6667,0.9,2.0,4.2379,0.5297,8,8,15,15
5109,0.9963,0.6,0.6,0.6,0.8333,2.0,3.8936,0.5562,7,7,10,10
74,0.9939,0.5,0.5,0.5,0.4286,5.0,4.8929,0.5436,9,9,14,14
14685,0.9988,0.6667,0.6667,0.6667,0.5,3.0,3.6742,0.5249,7,7,9,9
7001,0.9995,0.9,0.9,0.9,0.7778,2.0,1.5875,0.2268,7,7,10,10
7244,0.9987,0.5556,0.5556,0.5556,0.8,2.0,3.8936,0.5562,7,7,9,9
15018,0.9991,0.6,0.6,0.6,1.0,0.0,4.0,0.5714,7,7,10,10
9121,0.9977,0.5,0.5,0.5,0.6364,21.0,5.9649,0.4971,12,12,22,22
15081,0.9983,0.5625,0.5625,0.5625,0.8889,3.0,4.8394,0.4839,10,10,16,16
14840,0.9988,0.3333,0.3333,0.3333,0.3333,11.0,6.8935,0.6267,11,11,18,18
3782,0.9991,0.5,0.5,0.5,1.0,0.0,4.0,0.6667,6,6,8,8
11088,0.9991,0.3636,0.3636,0.3636,1.0,1.0,5.0458,0.6307,8,8,11,11
6002,0.9978,0.5833,0.5833,0.5833,0.8571,2.0,4.2379,0.5297,8,8,12,12
8470,0.9934,0.4286,0.4286,0.4286,0.4444,23.0,6.2161,0.4782,13,13,21,21
10758,0.9989,0.6923,0.6923,0.6923,1.0,2.0,3.3045,0.4131,8,8,13,13
16966,0.9991,0.5833,0.5833,0.5833,0.7143,2.0,4.3035,0.5379,8,8,12,12
589,0.9991,0.5,0.5,0.5,1.0,0.0,4.0,0.6667,6,6,8,8
4965,0.9992,0.5,0.5,0.5,0.25,15.0,5.2896,0.529,10,10,16,16
9869,0.9991,0.8182,0.8182,0.8182,0.3333,5.0,2.9292,0.4185,7,7,11,11
7286,0.9993,0.7273,0.7273,0.7273,1.0,1.0,3.0757,0.4394,7,7,11,11
16797,0.9986,0.6875,0.6875,0.6875,0.8182,2.0,4.3035,0.4303,10,10,16,16
282,0.9983,0.6364,0.6364,0.6364,0.7857,14.0,5.0872,0.4239,12,12,22,22
16126,0.9977,0.5263,0.5263,0.5263,1.0,9.0,5.1536,0.4685,11,11,19,19
9976,0.9974,0.4545,0.4545,0.4545,1.0,2.0,4.3497,0.5437,8,8,11,11
10213,0.9991,0.5,0.5,0.5,1.0,0.0,4.0,0.6667,6,6,8,8
7750,0.9989,0.6429,0.6429,0.6429,0.3333,5.0,4.6152,0.5769,8,8,14,14
815,0.9988,0.8182,0.8182,0.8182,0.6667,3.0,2.6495,0.3785,7,7,11,11
15478,0.9992,0.9091,0.9091,0.9091,0.7,4.0,1.9799,0.2475,8,8,11,11
13944,0.9995,0.8571,0.8571,0.8571,0.6667,2.0,2.2361,0.4472,5,5,7,7
1837,0.9985,0.5,0.5,0.5,0.75,5.0,5.1088,0.5676,9,9,16,16
6107,0.9992,0.5,0.5,0.5,0.6667,4.0,4.6476,0.6639,7,7,12,12
8996,0.9991,0.6364,0.6364,0.6364,1.0,1.0,3.6688,0.4586,8,8,11,11
3275,0.9958,0.875,0.875,0.875,0.8571,2.0,1.4,0.2333,6,6,8,8
4407,0.9975,0.6,0.6,0.6,0.7778,10.0,4.9132,0.4913,10,10,15,15
1991,0.9985,0.75,0.75,0.75,0.6667,5.0,3.6028,0.3603,10,10,16,16
10095,0.9989,0.5,0.5,0.5,1.0,2.0,5.6249,0.5625,10,10,18,18
5601,0.9992,0.4167,0.4167,0.4167,0.2,4.0,4.626,0.5783,8,8,12,12
2005,0.9987,0.45,0.45,0.45,0.6667,5.0,6.3577,0.578,11,11,20,20
5627,0.9857,0.7273,0.7273,0.7273,1.0,0.0,3.4641,0.4949,7,7,11,11
13071,0.9995,0.875,0.875,0.875,0.7143,2.0,2.2361,0.3727,6,6,8,8
9846,0.9951,1.0,1.0,1.0,0.5,3.0,1.2247,0.2449,5,5,6,6
9213,0.9991,0.7778,0.7778,0.7778,1.0,1.0,2.486,0.3551,7,7,9,9
13976,0.999,0.5,0.5,0.5,1.0,1.0,4.6325,0.5791,8,8,12,12
14730,0.9977,0.4545,0.4545,0.4545,0.7,14.0,6.3718,0.531,12,12,22,22
14258,0.9976,0.8,0.8,0.8,0.75,4.0,1.9799,0.2828,7,7,10,10
6879,0.9992,0.6364,0.6364,0.6364,1.0,0.0,4.0,0.5714,7,7,11,11
10852,0.9878,0.7333,0.7333,0.7333,0.7273,5.0,3.5242,0.3524,10,10,15,15
16946,0.9991,0.5,0.5,0.5,1.0,0.0,4.0,0.6667,6,6,8,8
8297,0.9987,0.52,0.52,0.52,0.4615,19.0,6.334,0.4872,13,13,25,25
8651,0.999,0.8462,0.8462,0.8462,0.8182,4.0,2.2627,0.2828,8,8,13,13
3599,0.9998,1.0,1.0,1.0,0.6667,3.0,1.2247,0.2041,6,6,9,9
8394,0.9991,0.6923,0.6923,0.6923,0.6667,4.0,3.5327,0.4416,8,8,13,13
15468,0.9991,0.4762,0.5,0.4878,0.1,10.0,6.2578,0.5215,12,12,21,20
16855,0.9991,0.5,0.5,0.5,1.0,0.0,4.0,0.6667,6,6,8,8
5999,0.9981,0.6667,0.6667,0.6667,0.6667,7.0,4.5321,0.4532,10,10,18,18
11303,0.9979,0.65,0.65,0.65,0.5385,15.0,5.3516,0.446,12,12,20,20
3666,0.9981,0.6667,0.6667,0.6667,0.8,5.0,3.755,0.4172,9,9,15,15
11598,0.9993,0.5455,0.5455,0.5455,0.6667,4.0,3.99,0.57,7,7,11,11
10987,0.9993,0.4545,0.4545,0.4545,1.0,1.0,4.6325,0.5791,8,8,11,11
2054,0.9994,0.5882,0.5882,0.5882,0.8,1.0,5.3907,0.5391,10,10,17,17
8600,0.9982,0.4615,0.4615,0.4615,0.8333,3.0,4.8394,0.6049,8,8,13,13
11305,0.9989,0.6,0.6,0.6,0.8333,2.0,3.7363,0.5338,7,7,10,10
3458,0.9981,0.6,0.6,0.6,0.7778,3.0,4.4699,0.4967,9,9,15,15
1478,0.9993,0.7647,0.7647,0.7647,0.7692,3.0,4.1833,0.4183,10,10,17,17
14789,0.9989,0.5,0.5,0.5,0.5556,5.0,5.995,0.545,11,11,18,18
4992,0.9995,0.7857,0.7857,0.7857,0.8182,1.0,3.6139,0.4517,8,8,14,14
11850,0.9972,0.5455,0.5455,0.5455,0.6667,1.0,4.5891,0.6556,7,7,11,11
10318,0.9993,0.75,0.75,0.75,0.6667,3.0,3.8026,0.4753,8,8,12,12
3758,0.9941,0.5909,0.619,0.6047,0.6923,19.0,4.986,0.4155,12,12,22,21
8612,0.9975,0.7059,0.7059,0.7059,0.5833,6.0,4.6,0.46,10,10,17,17
14416,0.9986,0.5263,0.5556,0.5405,0.9,10.0,5.49,0.4991,11,11,19,18
11913,0.9991,0.8,0.8,0.8,0.875,1.0,2.9967,0.4281,7,7,10,10
15570,0.9988,0.5385,0.5385,0.5385,0.8571,2.0,4.6861,0.5858,8,8,13,13
1781,0.991,0.7368,0.7778,0.7568,0.7143,5.0,3.9623,0.3602,11,11,19,18
4063,0.9989,0.8571,0.8571,0.8571,0.8333,2.0,3.0,0.3333,9,9,14,14
5036,0.9972,0.5556,0.5556,0.5556,1.0,0.0,4.0,0.5714,7,7,9,9
10779,0.9992,0.625,0.625,0.625,0.3,8.0,4.7413,0.5268,9,9,16,16
2916,0.9984,0.45,0.45,0.45,0.4444,12.0,6.245,0.5204,12,12,20,20
863,0.9992,0.875,0.875,0.875,0.8571,2.0,1.4,0.2333,6,6,8,8
4406,0.9984,0.6,0.6,0.6,0.7778,10.0,4.9132,0.4913,10,10,15,15
3588,0.9993,0.5,0.5,0.5,0.8,4.0,3.7842,0.5406,7,7,10,10
2216,0.9933,0.7,0.7,0.7,0.8571,2.0,3.1559,0.4508,7,7,10,10
10399,0.9139,0.5385,0.5385,0.5385,0.2857,10.0,3.6387,0.4043,9,9,13,13
8432,0.9968,0.8462,0.8462,0.8462,0.8182,2.0,3.0,0.3333,9,9,13,13
11564,0.9991,0.5,0.5,0.5,1.0,0.0,4.0,0.6667,6,6,8,8
16033,0.9989,0.6923,0.6923,0.6923,0.7778,2.0,3.8105,0.4763,8,8,13,13
2298,0.9991,0.5,0.5,0.5,1.0,0.0,4.0,0.6667,6,6,8,8
11928,0.9986,0.8889,0.8889,0.8889,0.375,5.0,2.642,0.4403,6,6,9,9
10616,0.9969,0.7333,0.7333,0.7333,1.0,0.0,4.0,0.4444,9,9,15,15
11837,0.9988,0.8333,0.8333,0.8333,1.0,0.0,2.0,0.4,5,5,6,6
685,0.9992,0.875,0.875,0.875,0.8571,1.0,2.1213,0.3536,6,6,8,8
7906,0.9918,0.8,0.8,0.8,0.5833,8.0,2.7129,0.3014,9,9,15,15
2086,0.9951,0.3077,0.32,0.3137,0.25,21.0,7.8651,0.605,13,13,26,25
11519,0.9991,0.5,0.5,0.5,1.0,0.0,4.0,0.6667,6,6,8,8
15409,0.9986,0.9286,0.9286,0.9286,0.6923,3.0,2.4617,0.2735,9,9,14,14
15796,0.9976,0.4286,0.4286,0.4286,1.0,1.0,3.7656,0.6276,6,6,7,7
14734,0.9997,0.8182,0.8182,0.8182,0.7778,3.0,2.6344,0.3763,7,7,11,11
1157,0.998,0.5714,0.5714,0.5714,0.875,3.0,4.4609,0.4461,10,10,14,14
4291,0.9987,0.7333,0.7333,0.7333,0.6364,4.0,3.9395,0.4377,9,9,15,15
2674,0.9994,0.7778,0.7778,0.7778,0.8571,2.0,2.4413,0.3488,7,7,9,9
894,0.9989,0.619,0.619,0.619,0.6154,16.0,4.3955,0.3996,11,11,21,21
5373,0.9975,1.0,1.0,1.0,0.8182,2.0,1.0,0.1429,7,7,11,11
12121,0.9982,0.6875,0.6875,0.6875,0.5455,9.0,3.5805,0.358,10,10,16,16
16825,0.9968,0.7692,0.7692,0.7692,0.8,3.0,3.2342,0.4043,8,8,13,13
14421,0.9995,0.5833,0.5833,0.5833,0.8571,2.0,4.2379,0.5297,8,8,12,12
9094,0.9992,0.9412,0.9412,0.9412,0.875,2.0,1.5875,0.1587,10,10,17,17
9082,0.9953,0.52,0.52,0.52,0.6923,21.0,6.3545,0.4888,13,13,25,25
1293,0.9969,0.4,0.4,0.4,0.75,11.0,5.938,0.4948,12,12,20,20
3288,0.9991,0.5,0.5,0.5,1.0,0.0,4.0,0.6667,6,6,8,8
7317,0.9966,0.6667,0.6667,0.6667,0.8333,1.0,3.6028,0.5147,7,7,9,9
14974,0.9987,0.36,0.375,0.3673,0.7778,25.0,6.9971,0.4998,14,14,25,24
8283,0.9989,0.5,0.5,0.5,0.7273,12.0,5.8566,0.4183,14,14,22,22
2859,0.999,0.5714,0.5714,0.5714,0.75,1.0,5.006,0.5562,9,9,14,14
15459,0.9988,0.4118,0.4118,0.4118,0.5714,6.0,5.6675,0.5152,11,11,17,17
6504,0.9961,0.7222,0.7222,0.7222,0.8462,4.0,3.99,0.399,10,10,18,18
14589,0.9993,0.8462,0.8462,0.8462,0.5455,7.0,2.429,0.3036,8,8,13,13
15019,0.9994,1.0,1.0,1.0,0.9231,1.0,0.7071,0.0884,8,8,13,13
6174,0.9992,0.6923,0.6923,0.6923,0.8889,2.0,3.7363,0.467,8,8,13,13
2937,0.9981,0.2727,0.2727,0.2727,0.8333,23.0,6.7543,0.5196,13,13,22,22
2560,0.9965,0.65,0.65,0.65,0.7692,13.0,5.0379,0.3875,13,13,20,20
2948,0.9984,0.4286,0.45,0.439,1.0,5.0,5.8327,0.4861,12,12,21,20
15940,0.9957,0.6923,0.6923,0.6923,1.0,1.0,3.6688,0.4586,8,8,13,13
8931,0.9996,0.7778,0.7778,0.7778,1.0,0.0,2.8284,0.4041,7,7,9,9
7897,0.9983,0.4167,0.4167,0.4167,1.0,1.0,5.0458,0.5606,9,9,12,12
16843,0.9991,0.5,0.5,0.5,1.0,0.0,4.0,0.6667,6,6,8,8
16668,0.9995,0.75,0.75,0.75,0.5556,3.0,3.8131,0.4766,8,8,12,12
8411,0.9974,0.7273,0.7273,0.7273,0.875,1.0,3.6028,0.4503,8,8,11,11
16192,0.9991,0.5833,0.5833,0.5833,0.7143,2.0,4.3035,0.5379,8,8,12,12
12592,0.9987,0.3846,0.3846,0.3846,0.0,14.0,5.2593,0.5844,9,9,13,13
3403,0.999,0.6875,0.6875,0.6875,0.9091,2.0,4.2379,0.4709,9,9,16,16
3567,0.9991,0.5,0.5,0.5,1.0,0.0,4.0,0.6667,6,6,8,8
300,0.9991,0.5,0.5,0.5,1.0,0.0,4.0,0.6667,6,6,8,8
13642,0.9993,0.8182,0.8182,0.8182,0.7778,2.0,2.6907,0.3844,7,7,11,11
1083,0.9901,0.6667,0.6957,0.6809,0.75,17.0,5.0438,0.3603,14,14,24,23
16012,0.9981,0.6923,0.6923,0.6923,1.0,0.0,4.0,0.5,8,8,13,13
6521,0.9996,0.5455,0.5455,0.5455,1.0,2.0,3.8626,0.5518,7,7,11,11
11536,0.9991,0.5,0.5,0.5,1.0,0.0,4.0,0.6667,6,6,8,8
12400,0.9996,0.7333,0.7857,0.7586,0.5455,6.0,3.4928,0.3881,9,9,15,14
16883,0.9995,0.9,0.9,0.9,0.6667,3.0,2.3452,0.3909,6,6,10,10
2323,0.9971,0.4444,0.4444,0.4444,1.0,3.0,5.8155,0.5816,10,10,18,18
4313,0.9996,0.5556,0.5556,0.5556,0.8,2.0,3.7363,0.5338,7,7,9,9
857,0.9989,0.8462,0.8462,0.8462,1.0,0.0,2.8284,0.3536,8,8,13,13
14725,0.9992,0.875,0.875,0.875,0.8571,1.0,2.1213,0.3536,6,6,8,8
13207,0.9995,0.8182,0.8182,0.8182,0.7778,1.0,3.01,0.43,7,7,11,11
15867,0.9996,0.8889,0.8889,0.8889,0.625,3.0,2.3452,0.3909,6,6,9,9
13243,0.9994,0.7273,0.7273,0.7273,0.625,5.0,2.9833,0.4262,7,7,11,11
11376,0.9921,0.5625,0.5625,0.5625,1.0,0.0,5.2915,0.5292,10,10,16,16
4684,0.9988,0.7778,0.7778,0.7778,1.0,0.0,2.8284,0.4714,6,6,9,9
660,0.9987,0.625,0.625,0.625,0.8,1.0,3.5355,0.5051,7,7,8,8
10837,0.9984,0.9167,0.9167,0.9167,0.6364,4.0,2.4495,0.3062,8,8,12,12
1765,0.9977,0.5,0.5,0.5,0.7,10.0,4.9437,0.4494,11,11,20,20
6488,0.9989,0.4444,0.4444,0.4444,0.875,6.0,5.3179,0.4834,11,11,18,18
6814,0.9986,0.5625,0.5625,0.5625,0.6667,5.0,4.684,0.5204,9,9,16,16
14166,0.999,0.5,0.5,0.5,0.8333,4.0,4.2802,0.535,8,8,12,12
4106,0.9989,0.375,0.375,0.375,1.0,5.0,6.1205,0.612,10,10,16,16
7409,0.9979,0.6,0.6,0.6,1.0,0.0,4.0,0.5714,7,7,10,10
9323,0.9991,0.5,0.5,0.5,1.0,0.0,4.0,0.6667,6,6,8,8
1839,0.9979,0.8571,0.8571,0.8571,1.0,0.0,2.0,0.4,5,5,7,7
10401,0.9969,0.6875,0.6875,0.6875,0.9091,4.0,3.6878,0.3688,10,10,16,16
621,0.9959,0.7143,0.7143,0.7143,0.6,4.0,3.9395,0.4377,9,9,14,14
11228,0.9973,0.5,0.5,0.5,1.0,0.0,5.2915,0.5879,9,9,14,14
12485,0.9977,0.5556,0.5556,0.5556,0.8,2.0,3.7363,0.5338,7,7,9,9
7346,0.9994,0.7273,0.7273,0.7273,1.0,0.0,3.4641,0.4949,7,7,11,11
563,0.9995,0.625,0.625,0.625,0.8,3.0,2.8531,0.4755,6,6,8,8
9150,0.9987,0.8421,0.8421,0.8421,0.75,6.0,2.9866,0.2715,11,11,19,19
15280,0.9968,0.5357,0.5357,0.5357,0.4667,30.0,6.7335,0.481,14,14,28,28
16245,0.9998,0.7273,0.7273,0.7273,1.0,2.0,2.6306,0.3758,7,7,11,11
9851,0.998,0.6,0.6,0.6,1.0,1.0,3.6688,0.5241,7,7,10,10
3149,0.9988,0.5714,0.6154,0.5926,0.625,4.0,4.3818,0.4869,9,9,14,13
1234,0.9989,0.4737,0.4737,0.4737,0.7778,15.0,5.8189,0.529,11,11,19,19
12436,0.9988,0.5385,0.5385,0.5385,0.7143,1.0,5.006,0.6258,8,8,13,13
6750,0.9989,0.7059,0.7059,0.7059,1.0,0.0,4.4721,0.4472,10,10,17,17
110,0.999,0.5,0.5,0.5,1.0,0.0,4.4721,0.6389,7,7,10,10
17056,0.9982,0.4091,0.4091,0.4091,0.6667,15.0,6.3875,0.5807,11,11,22,22
8878,0.999,0.8571,0.8571,0.8571,0.6667,4.0,3.1623,0.3953,8,8,14,14
9081,0.9991,0.5263,0.5263,0.5263,0.7,8.0,5.6991,0.5181,11,11,19,19
7697,0.9995,0.7273,0.7273,0.7273,0.75,3.0,3.2342,0.462,7,7,11,11
948,0.9992,0.7143,0.7143,0.7143,1.0,1.0,2.3367,0.4673,5,5,7,7
16314,0.9989,0.75,0.75,0.75,1.0,0.0,2.8284,0.4714,6,6,8,8
12214,0.9993,0.875,0.875,0.875,0.7143,3.0,1.7146,0.2858,6,6,8,8
5350,0.9991,0.5,0.5,0.5,1.0,0.0,4.0,0.6667,6,6,8,8
9129,0.9972,1.0,1.0,1.0,0.7273,3.0,1.5684,0.1961,8,8,11,11
9238,0.9987,0.5238,0.5238,0.5238,0.7273,12.0,5.9481,0.5407,11,11,21,21
5509,0.9993,0.8182,0.8182,0.8182,0.7778,2.0,3.0,0.4286,7,7,11,11
1643,0.9977,0.5238,0.5238,0.5238,1.0,18.0,5.5281,0.4607,12,12,21,21
7193,0.9995,1.0,1.0,1.0,0.75,2.0,1.4,0.28,5,5,8,8
6473,0.9994,0.625,0.625,0.625,0.6,2.0,3.2435,0.5406,6,6,8,8
1916,0.9993,0.7273,0.7273,0.7273,0.75,3.0,3.3076,0.4725,7,7,11,11
13362,0.9977,0.6364,0.6364,0.6364,1.0,0.0,4.0,0.5,8,8,11,11
13246,0.9996,0.5833,0.5833,0.5833,0.5714,4.0,4.2332,0.5292,8,8,12,12
14646,0.999,0.7143,0.7143,0.7143,0.4667,9.0,5.2555,0.4778,11,11,21,21
14657,0.9983,0.7692,0.7692,0.7692,0.6,4.0,3.3941,0.4243,8,8,13,13
3357,0.9974,0.7692,0.7692,0.7692,0.8,4.0,3.0199,0.3775,8,8,13,13
1720,0.9964,0.3889,0.4118,0.4,0.7143,7.0,5.5696,0.557,10,10,18,17
13016,0.9989,0.4615,0.4615,0.4615,0.6667,5.0,4.7518,0.594,8,8,13,13
8193,0.9986,0.5294,0.5625,0.5455,1.0,3.0,4.8062,0.534,9,9,17,16
5991,0.9993,0.6667,0.6667,0.6667,1.0,0.0,3.4641,0.5774,6,6,9,9
1966,0.9993,0.4667,0.4667,0.4667,1.0,4.0,4.7497,0.5277,9,9,15,15
16017,0.9991,0.8333,0.8333,0.8333,1.0,0.0,2.8284,0.3536,8,8,12,12
10297,0.973,0.4375,0.5385,0.4828,0.2857,14.0,4.1328,0.4133,10,8,16,13
343,0.9986,0.6,0.6,0.6,0.6667,4.0,3.6222,0.5175,7,7,10,10
6848,0.999,0.7778,0.7778,0.7778,0.8571,2.0,2.4413,0.3488,7,7,9,9
13582,0.9983,0.6471,0.6471,0.6471,0.5455,6.0,4.3589,0.4359,10,10,17,17
11945,0.9995,0.7692,0.7692,0.7692,0.8,2.0,3.2435,0.4634,7,7,13,13
8645,0.9986,0.5333,0.5333,0.5333,0.75,2.0,5.1498,0.5722,9,9,15,15
163,0.9991,0.7857,0.7857,0.7857,0.9091,2.0,3.1559,0.3507,9,9,14,14
12736,0.9988,0.5385,0.5385,0.5385,0.1429,3.0,5.2134,0.7448,7,7,13,13
13831,0.9996,0.875,0.875,0.875,0.8571,2.0,1.4,0.2333,6,6,8,8
3404,0.9965,0.75,0.75,0.75,0.6667,2.0,3.6824,0.4603,8,8,12,12
13986,0.9983,0.8182,0.8182,0.8182,0.8889,1.0,2.9155,0.4165,7,7,11,11
12587,0.999,0.6154,0.6154,0.6154,0.875,4.0,3.6878,0.461,8,8,13,13
1317,0.9971,0.5714,0.5714,0.5714,0.25,25.0,6.4869,0.4325,15,15,28,28
8804,0.9972,0.5556,0.5556,0.5556,0.7,6.0,4.7159,0.4716,10,10,18,18
11835,0.997,0.6111,0.6111,0.6111,0.9091,4.0,4.5695,0.4154,11,11,18,18
3200,0.9995,0.5714,0.5714,0.5714,1.0,0.0,3.4641,0.5774,6,6,7,7
12789,0.9991,0.6471,0.6471,0.6471,0.7273,3.0,5.0498,0.505,10,10,17,17
3595,0.9994,0.8,0.8,0.8,0.875,2.0,2.4413,0.3488,7,7,10,10
11884,0.9998,0.8182,0.8182,0.8182,0.8889,2.0,2.4413,0.3488,7,7,11,11
1825,0.9997,0.75,0.75,0.75,1.0,0.0,2.8284,0.4714,6,6,8,8
12341,0.9987,0.75,0.75,0.75,0.8333,2.0,2.4413,0.4069,6,6,8,8
2019,0.999,0.8,0.8,0.8,0.5833,6.0,3.4583,0.3458,10,10,15,15
9988,0.9994,0.9091,0.9091,0.9091,0.8,3.0,1.7833,0.2548,7,7,11,11
131,0.9988,0.7143,0.7143,0.7143,0.9,3.0,3.3793,0.3755,9,9,14,14
6812,0.9983,0.3636,0.3333,0.3478,0.75,4.0,4.7791,0.5974,7,8,11,12
14118,0.9992,0.8571,0.8571,0.8571,1.0,0.0,2.0,0.4,5,5,7,7
2864,0.9993,0.7778,0.7778,0.7778,0.7143,3.0,2.5417,0.4236,6,6,9,9
14716,0.9992,0.6429,0.6429,0.6429,0.7778,4.0,3.99,0.4433,9,9,14,14
410,0.9978,0.4483,0.4483,0.4483,0.9231,19.0,7.2966,0.5212,14,14,29,29
9584,0.9972,0.5882,0.5882,0.5882,1.0,2.0,4.8621,0.442,11,11,17,17
13307,0.9979,0.8,0.8,0.8,0.75,2.0,3.1559,0.4508,7,7,10,10
2388,0.9982,0.6429,0.6429,0.6429,0.8889,2.0,4.2942,0.4771,9,9,14,14
16914,0.9986,0.4615,0.4615,0.4615,0.8333,2.0,5.0951,0.5661,9,9,13,13
1848,0.9987,0.7333,0.7333,0.7333,0.7273,4.0,3.9294,0.3929,10,10,15,15
1542,0.9984,0.625,0.625,0.625,0.8,3.0,4.0423,0.4042,10,10,16,16
4207,0.9996,0.7778,0.7778,0.7778,1.0,1.0,2.3367,0.3894,6,6,9,9
3287,0.9991,0.5,0.5,0.5,1.0,0.0,4.0,0.6667,6,6,8,8
1069,0.9983,0.64,0.64,0.64,0.75,21.0,6.1741,0.4749,13,13,25,25
15853,0.9993,0.6364,0.6364,0.6364,0.7143,2.0,3.8105,0.5444,7,7,11,11
3156,0.9992,0.5714,0.5714,0.5714,1.0,1.0,4.6325,0.5147,9,9,14,14
14367,0.998,0.75,0.75,0.75,0.8333,3.0,3.4612,0.3461,10,10,16,16
12643,0.9996,0.7778,0.7778,0.7778,0.2857,4.0,2.8425,0.4738,6,6,9,9
10591,0.9993,0.6667,0.6667,0.6667,1.0,2.0,2.6306,0.4384,6,6,9,9
16662,0.9978,0.5556,0.5556,0.5556,0.8,3.0,3.6524,0.6087,6,6,9,9
4829,0.9986,0.875,0.875,0.875,0.8571,2.0,1.4,0.2333,6,6,8,8
8250,0.999,0.9,0.9,0.9,0.6667,3.0,2.3452,0.3909,6,6,10,10
16852,0.9991,0.5,0.5,0.5,1.0,0.0,4.0,0.6667,6,6,8,8
10459,0.9994,0.7143,0.7143,0.7143,0.8,1.0,2.9155,0.5831,5,5,7,7
2503,0.9993,0.6364,0.6364,0.6364,0.8571,2.0,3.7363,0.5338,7,7,11,11
7078,0.9988,0.7333,0.7333,0.7333,0.6364,6.0,3.3407,0.3712,9,9,15,15
6333,0.983,0.75,0.75,0.75,0.6667,3.0,3.8026,0.4753,8,8,12,12
13718,0.9991,0.5,0.5,0.5,1.0,0.0,4.0,0.6667,6,6,8,8
4979,0.9965,0.375,0.4286,0.4,0.5,15.0,5.6018,0.5602,10,10,16,14
10061,0.9989,0.8571,0.8571,0.8571,0.8333,1.0,2.1213,0.4243,5,5,7,7
16466,0.9986,0.6923,0.6923,0.6923,0.8889,2.0,3.7363,0.467,8,8,13,13
14085,0.9989,0.5714,0.5714,0.5714,1.0,2.0,4.3497,0.4833,9,9,14,14
8161,0.9992,0.8571,0.8571,0.8571,0.5,3.0,2.4454,0.4891,5,5,7,7
10224,0.9991,0.875,0.875,0.875,1.0,0.0,2.0,0.3333,6,6,8,8
2458,0.9995,0.875,0.875,0.875,1.0,1.0,1.2083,0.2014,6,6,8,8
13121,0.9992,0.5,0.5263,0.5128,0.9,5.0,5.4571,0.5457,10,10,20,19
13177,0.9972,0.8462,0.8462,0.8462,0.8182,2.0,3.0,0.375,8,8,13,13
16442,0.9995,0.6,0.6,0.6,0.5,3.0,3.9674,0.5668,7,7,10,10
11317,0.9981,0.25,0.25,0.25,1.0,1.0,5.7845,0.7231,8,8,12,12
9627,0.9978,0.8,0.8,0.8,0.875,2.0,2.4413,0.3488,7,7,10,10
2902,0.9993,0.7143,0.7143,0.7143,0.6,2.0,4.2568,0.473,9,9,14,14
10872,0.9991,0.8333,0.8333,0.8333,1.0,0.0,2.8284,0.3143,9,9,12,12
6464,0.9978,0.9091,0.9091,0.9091,0.7,3.0,1.7378,0.2483,7,7,11,11
10690,0.9978,0.625,0.625,0.625,1.0,1.0,3.0757,0.5126,6,6,8,8
1516,0.9993,0.5,0.5,0.5,0.8571,2.0,5.0951,0.5661,9,9,14,14
15704,0.9995,0.8,0.8,0.8,0.625,4.0,2.2804,0.3258,7,7,10,10
5614,0.9988,0.7273,0.7273,0.7273,1.0,0.0,3.4641,0.4949,7,7,11,11
7297,0.9969,0.625,0.625,0.625,0.8,1.0,3.6028,0.5147,7,7,8,8
8463,0.9986,0.7143,0.7143,0.7143,0.7,5.0,3.8184,0.4243,9,9,14,14
15856,0.9985,0.75,0.75,0.75,0.8889,4.0,2.2091,0.2761,8,8,12,12
12950,0.9987,0.75,0.8,0.7742,0.8333,4.0,3.3347,0.3032,11,11,16,15
6365,0.9716,0.4706,0.5714,0.5161,1.0,8.0,4.4542,0.4049,11,9,17,14
9564,0.9988,0.8571,0.8571,0.8571,1.0,0.0,2.0,0.4,5,5,7,7
7392,0.9983,0.5833,0.5833,0.5833,1.0,1.0,4.1785,0.5223,8,8,12,12
3254,0.9975,0.8824,0.8824,0.8824,0.9333,1.0,2.9155,0.2915,10,10,17,17
8906,0.9987,0.6667,0.6667,0.6667,0.5,5.0,4.1976,0.5247,8,8,12,12
12009,0.9981,0.8182,0.8182,0.8182,0.8889,2.0,2.4413,0.3488,7,7,11,11
2866,0.9966,0.6,0.6667,0.6316,0.6667,8.0,4.7159,0.393,12,12,20,18
16548,0.9982,0.8182,0.8182,0.8182,0.7778,2.0,2.6907,0.3363,8,8,11,11
3583,0.9975,0.6,0.6,0.6,0.8333,4.0,2.9799,0.4257,7,7,10,10
4846,0.9982,0.3333,0.3333,0.3333,1.0,0.0,4.0,0.6667,6,6,6,6
15707,0.9979,0.5455,0.5455,0.5455,0.4167,21.0,5.6675,0.4723,12,12,22,22
5352,0.9953,0.4,0.4,0.4,0.75,14.0,6.1237,0.5103,12,12,20,20
5500,0.9992,0.9167,0.9167,0.9167,0.5455,4.0,2.0199,0.2886,7,7,12,12
7087,0.999,0.75,0.75,0.75,0.5556,6.0,3.0659,0.3832,8,8,12,12
176,0.9991,0.5,0.5,0.5,1.0,0.0,4.0,0.6667,6,6,8,8
6090,0.9995,0.8,0.8,0.8,0.25,2.0,2.358,0.4716,5,5,5,5
7118,0.9975,0.6,0.6,0.6,0.7778,2.0,5.0,0.5556,9,9,15,15
263,0.9988,0.5882,0.5882,0.5882,1.0,3.0,4.5144,0.4514,10,10,17,17
7092,0.9991,0.7059,0.7059,0.7059,0.9167,4.0,3.6551,0.3655,10,10,17,17
8146,0.9987,0.5833,0.5833,0.5833,1.0,1.0,4.2638,0.4738,9,9,12,12
7159,0.9985,0.875,0.875,0.875,0.4286,4.0,2.2804,0.3801,6,6,8,8
14749,0.9967,0.5,0.5,0.5,0.8889,3.0,5.7114,0.5711,10,10,18,18
4219,0.9983,0.5625,0.5625,0.5625,0.8889,3.0,4.9132,0.4913,10,10,16,16
14525,0.9958,0.3077,0.3333,0.32,0.375,35.0,7.2925,0.5209,14,14,26,24
11867,0.9993,0.5714,0.5714,0.5714,0.75,3.0,4.4699,0.5587,8,8,14,14
15864,0.9991,0.5,0.5,0.5,1.0,0.0,4.0,0.6667,6,6,8,8
2522,0.9987,0.7857,0.7857,0.7857,1.0,2.0,2.6306,0.2631,10,10,14,14
6822,0.9994,0.6154,0.6154,0.6154,0.625,5.0,3.8288,0.4254,9,9,13,13
12806,0.9991,0.9,0.9,0.9,0.7778,3.0,1.7146,0.2449,7,7,10,10
15249,0.9996,0.6923,0.6923,0.6923,0.5556,4.0,4.0,0.5,8,8,13,13
3560,0.9988,0.8571,0.8571,0.8571,1.0,0.0,2.0,0.4,5,5,7,7
3071,0.9985,0.7,0.7,0.7,0.7143,1.0,3.6139,0.5163,7,7,10,10
13258,0.9992,0.5714,0.5714,0.5714,0.5,7.0,4.3704,0.5463,8,8,14,14
8136,0.998,0.5625,0.6,0.5806,0.5556,9.0,4.0025,0.5003,8,8,16,15
3736,0.9995,0.75,0.75,0.75,0.8333,1.0,2.9967,0.4994,6,6,8,8
741,0.9986,0.5385,0.5385,0.5385,0.7143,3.0,4.4699,0.5587,8,8,13,13
4001,0.9952,0.4444,0.4444,0.4444,0.75,11.0,6.0531,0.6053,10,10,18,18
14005,0.9985,0.8,0.8,0.8,0.375,4.0,3.2496,0.4642,7,7,10,10
9633,0.9996,0.5385,0.5385,0.5385,0.8571,4.0,4.1952,0.5244,8,8,13,13
13730,0.9992,0.6923,0.6923,0.6923,0.8889,3.0,3.4842,0.4355,8,8,13,13
15541,0.9991,0.5,0.5,0.5,1.0,0.0,4.0,0.6667,6,6,8,8
12489,0.9997,0.7778,0.7778,0.7778,1.0,0.0,2.8284,0.4714,6,6,9,9
6806,0.999,1.0,1.0,1.0,0.8333,1.0,0.9899,0.198,5,5,6,6
4490,0.9964,0.7059,0.7059,0.7059,1.0,2.0,3.8626,0.3863,10,10,17,17
3460,0.9982,0.6111,0.6111,0.6111,0.6364,4.0,5.0754,0.5075,10,10,18,18
11909,0.9983,0.8125,0.8125,0.8125,0.5385,6.0,3.2435,0.3604,9,9,16,16
8099,0.9989,0.75,0.75,0.75,0.7778,2.0,3.6056,0.4507,8,8,12,12
16358,0.9994,0.6667,0.6667,0.6667,0.6667,1.0,3.6139,0.5163,7,7,9,9
2521,0.9989,0.5,0.5,0.5,0.7,5.0,6.0349,0.5486,11,11,20,20
15039,0.9985,0.4706,0.4706,0.4706,0.75,6.0,5.2269,0.5227,10,10,17,17
9709,0.9937,0.5294,0.5294,0.5294,0.8889,2.0,5.539,0.5035,11,11,17,17
14662,0.9997,0.7778,0.7778,0.7778,0.4286,5.0,2.8178,0.4696,6,6,9,9
6666,0.9991,0.5,0.5,0.5,1.0,0.0,4.0,0.6667,6,6,8,8
205,0.9995,0.6,0.6,0.6,0.6667,1.0,4.1304,0.5901,7,7,10,10
15620,0.9996,0.8462,0.8462,0.8462,0.4545,6.0,3.1937,0.3992,8,8,13,13
14469,0.999,0.5,0.5,0.5,0.5714,2.0,5.4369,0.6041,9,9,14,14
4957,0.9976,0.5789,0.5789,0.5789,0.9091,11.0,4.988,0.4535,11,11,19,19
4154,0.9987,0.7857,0.7857,0.7857,0.6364,5.0,3.4554,0.3839,9,9,14,14
16545,0.9996,0.7778,0.7778,0.7778,1.0,0.0,2.8284,0.4714,6,6,9,9
13680,0.9994,0.8571,0.8571,0.8571,0.8333,1.0,2.1213,0.4243,5,5,7,7
7205,0.9986,0.6154,0.6154,0.6154,0.75,3.0,4.2965,0.4774,9,9,13,13
5652,0.9948,0.8,0.8,0.8,0.625,4.0,2.2804,0.3258,7,7,10,10
10931,0.9987,0.7273,0.7273,0.7273,0.625,3.0,3.6742,0.5249,7,7,11,11
8068,0.9986,0.8333,0.8333,0.8333,0.6,3.0,3.1718,0.3965,8,8,12,12
8081,0.9986,0.6364,0.6364,0.6364,0.8571,5.0,2.5179,0.3597,7,7,11,11
8306,0.9981,0.6,0.6,0.6,1.0,2.0,3.3045,0.4721,7,7,10,10
10962,0.9977,0.7,0.7,0.7,0.8571,4.0,2.2091,0.3156,7,7,10,10
6778,0.9994,0.8571,0.8571,0.8571,0.8333,1.0,2.2316,0.4463,5,5,7,7
15208,0.999,0.5333,0.5333,0.5333,0.625,6.0,4.4855,0.4984,9,9,15,15
344,0.9989,0.4167,0.4167,0.4167,1.0,1.0,5.0458,0.6307,8,8,12,12
13133,0.999,0.8182,0.8182,0.8182,0.7778,2.0,3.0,0.375,8,8,11,11
8739,0.9995,0.6364,0.6364,0.6364,0.8571,4.0,2.9799,0.4257,7,7,11,11
6714,0.9986,0.3636,0.3636,0.3636,1.0,0.0,5.2915,0.7559,7,7,11,11
16773,0.998,0.8,0.8,0.8,1.0,0.0,2.8284,0.4041,7,7,10,10
5949,0.9988,0.4375,0.4375,0.4375,0.7143,4.0,5.4918,0.5492,10,10,16,16
6625,0.9991,0.5,0.5,0.5,1.0,0.0,4.0,0.6667,6,6,8,8
3473,0.9986,0.5556,0.5556,0.5556,1.0,0.0,4.0,0.5714,7,7,9,9
12403,0.9963,0.7368,0.7778,0.7568,0.8571,5.0,3.5468,0.2956,12,12,19,18
8506,0.9991,0.6923,0.6923,0.6923,0.6667,2.0,4.1905,0.4656,9,9,13,13
2474,0.999,0.7143,0.7143,0.7143,0.6,5.0,3.6688,0.4586,8,8,14,14
12151,0.9793,0.4762,0.5,0.4878,0.2,25.0,5.1556,0.4687,11,11,21,20
11752,0.998,0.9091,0.9091,0.9091,0.8,1.0,2.2494,0.3213,7,7,11,11
8403,0.9988,0.6429,0.6923,0.6667,0.6667,6.0,3.7148,0.5307,7,7,14,13
12343,0.9991,0.75,0.75,0.75,0.6667,3.0,3.3196,0.415,8,8,12,12
14664,0.9991,0.6,0.6,0.6,0.6667,3.0,3.9268,0.561,7,7,10,10
10994,0.9995,0.8182,0.8182,0.8182,0.4444,3.0,3.2588,0.4655,7,7,11,11
5297,0.9987,0.5385,0.5385,0.5385,1.0,2.0,4.3497,0.5437,8,8,13,13
3490,0.9997,0.875,0.875,0.875,1.0,0.0,2.0,0.3333,6,6,8,8
3664,0.9987,0.6364,0.6364,0.6364,0.7143,4.0,3.4525,0.4932,7,7,11,11
14214,0.9982,0.5882,0.5882,0.5882,0.5,5.0,5.0537,0.5054,10,10,17,17
3869,0.9991,0.5,0.5,0.5,1.0,0.0,4.0,0.6667,6,6,8,8
14574,0.9992,0.8,0.8,0.8,0.8333,3.0,2.8249,0.3139,9,9,15,15
11313,0.9963,0.7,0.7,0.7,1.0,0.0,3.4641,0.4949,7,7,10,10
10720,0.9995,0.8889,0.8889,0.8889,1.0,0.0,2.0,0.3333,6,6,9,9
14755,0.9979,0.6154,0.6154,0.6154,0.75,5.0,3.6579,0.4572,8,8,13,13
9230,0.9987,0.6923,0.6923,0.6923,0.8889,3.0,3.3793,0.4224,8,8,13,13
6411,0.9989,0.8182,0.8182,0.8182,0.7778,3.0,2.6344,0.3293,8,8,11,11
11993,0.9967,0.6667,0.6667,0.6667,0.625,4.0,3.5327,0.4416,8,8,12,12
13515,0.9967,0.9167,0.9167,0.9167,0.2727,8.0,2.9933,0.4276,7,7,12,12
6127,0.9988,0.6,0.6,0.6,0.8333,2.0,3.7363,0.5338,7,7,10,10
8364,0.9985,0.8,0.8,0.8,0.375,5.0,2.3537,0.3362,7,7,10,10
312,0.9992,0.8,0.8,0.8,0.625,4.0,2.3833,0.3405,7,7,10,10
8192,0.9981,0.6154,0.6154,0.6154,1.0,2.0,3.8626,0.4828,8,8,13,13
5155,0.9982,0.7692,0.7692,0.7692,0.7,5.0,2.9017,0.3627,8,8,13,13
10668,0.9992,0.6,0.6,0.6,0.8333,1.0,4.062,0.5803,7,7,10,10
9025,0.9984,0.7143,0.7143,0.7143,0.9,3.0,3.4496,0.3833,9,9,14,14
16707,0.9985,0.7857,0.7857,0.7857,0.7273,2.0,3.6824,0.4603,8,8,14,14
4421,0.9986,0.7143,0.7143,0.7143,0.8,2.0,2.4413,0.4069,6,6,7,7
16290,0.9988,0.4167,0.4167,0.4167,0.8,4.0,4.7749,0.5969,8,8,12,12
15112,0.9985,0.6667,0.6667,0.6667,1.0,3.0,3.5185,0.3909,9,9,15,15
13960,0.9994,0.6364,0.6364,0.6364,0.8571,2.0,3.7363,0.5338,7,7,11,11
13714,0.9976,0.75,0.75,0.75,0.5833,5.0,4.062,0.4513,9,9,16,16
13350,0.9981,0.75,0.8,0.7742,0.6667,6.0,3.4814,0.4352,8,8,16,15
15200,0.9989,0.5294,0.5294,0.5294,0.6667,4.0,5.3367,0.5337,10,10,17,17
14729,0.9986,0.5294,0.5294,0.5294,0.4444,6.0,5.4295,0.543,10,10,17,17
16964,0.9986,0.8182,0.8182,0.8182,0.5556,3.0,3.1718,0.4531,7,7,11,11
10636,0.9977,0.45,0.45,0.45,0.5556,13.0,5.9917,0.5447,11,11,20,20
8055,0.9989,0.5385,0.5385,0.5385,0.7143,3.0,4.9132,0.5459,9,9,13,13
13783,0.9989,0.6364,0.6364,0.6364,0.8571,1.0,4.062,0.5078,8,8,11,11
822,0.9985,0.3704,0.3846,0.3774,0.4,23.0,6.5468,0.4676,14,14,27,26
10312,0.9989,0.6364,0.6364,0.6364,1.0,1.0,3.1337,0.4477,7,7,11,11
16153,0.9923,0.4545,0.625,0.5263,0.8,6.0,3.2404,0.4629,7,6,11,8
11375,0.9991,0.7778,0.7778,0.7778,1.0,0.0,2.8284,0.4041,7,7,9,9
10386,0.9995,0.75,0.75,0.75,0.5,2.0,3.0919,0.4417,7,7,8,8
1599,0.9983,0.9231,0.9231,0.9231,0.75,4.0,1.9799,0.2475,8,8,13,13
8238,0.9992,0.6923,0.6923,0.6923,0.6667,4.0,3.6986,0.4623,8,8,13,13
7386,0.999,0.6842,0.6842,0.6842,0.4615,8.0,5.0438,0.4203,12,12,19,19
15263,0.9994,0.8182,0.8182,0.8182,0.8889,2.0,2.6758,0.3823,7,7,11,11
2780,0.9991,0.5,0.5,0.5,1.0,0.0,4.0,0.6667,6,6,8,8
12682,0.9991,0.5,0.5,0.5,1.0,0.0,4.0,0.6667,6,6,8,8
8991,0.9973,0.1875,0.1875,0.1875,0.0,11.0,6.6378,0.6034,11,11,16,16
15448,0.9992,0.6,0.6,0.6,0.8333,2.0,3.7363,0.5338,7,7,10,10
17068,0.9992,0.6471,0.6471,0.6471,1.0,3.0,4.1352,0.4135,10,10,17,17
6619,0.9993,0.5882,0.7143,0.6452,0.3,7.0,4.7896,0.479,10,10,17,14
2232,0.9991,0.875,0.875,0.875,1.0,0.0,2.0,0.3333,6,6,8,8
10871,0.999,0.8182,0.8182,0.8182,1.0,1.0,2.3367,0.3338,7,7,11,11
14575,0.9988,0.5385,0.5385,0.5385,0.7143,3.0,4.5497,0.5687,8,8,13,13
3710,0.9983,0.6,0.6,0.6,0.8889,4.0,4.1085,0.4565,9,9,15,15
2740,0.9975,0.6316,0.7059,0.6667,0.75,8.0,3.7736,0.3431,11,11,19,17
6408,0.9994,0.8889,0.8889,0.8889,0.625,3.0,2.5417,0.4236,6,6,9,9
3091,0.9974,0.5238,0.5238,0.5238,0.6364,17.0,5.6533,0.4711,12,12,21,21
4273,0.9984,0.6,0.6,0.6,0.8333,2.0,3.8314,0.5474,7,7,10,10
527,0.9987,0.7143,0.7143,0.7143,0.7,7.0,2.9223,0.3247,9,9,14,14
7319,0.9979,0.4667,0.4667,0.4667,0.8571,4.0,4.988,0.4988,10,10,15,15
13398,0.9995,0.8571,0.8571,0.8571,0.8333,1.0,2.2316,0.4463,5,5,7,7
6640,0.9991,0.5,0.5,0.5,1.0,0.0,4.0,0.6667,6,6,8,8
6063,0.9992,0.9091,0.9091,0.9091,0.9,2.0,1.7776,0.2539,7,7,11,11
4611,0.9994,0.9,0.9,0.9,0.7778,2.0,2.2361,0.3194,7,7,10,10
612,0.9992,0.5,0.5,0.5,0.6,3.0,4.2965,0.6138,7,7,10,10
10581,0.9991,0.8,0.8,0.8,0.875,3.0,1.8493,0.2642,7,7,10,10
11380,0.9991,0.7692,0.7692,0.7692,0.7,5.0,3.0232,0.3779,8,8,13,13
12718,0.9983,0.7333,0.7333,0.7333,1.0,1.0,3.6688,0.4076,9,9,15,15
7632,0.9984,0.8125,0.8125,0.8125,0.4615,5.0,3.9522,0.3952,10,10,16,16
8006,0.9988,0.6154,0.6154,0.6154,0.625,5.0,4.111,0.5139,8,8,13,13
3895,0.9988,0.5,0.5,0.5,0.4444,16.0,5.4019,0.4911,11,11,18,18
16720,0.9993,0.5556,0.5556,0.5556,1.0,1.0,3.7656,0.5379,7,7,9,9
16876,0.9991,0.5,0.5,0.5,1.0,0.0,4.0,0.6667,6,6,8,8
3750,0.9995,0.9091,0.9091,0.9091,0.6,5.0,1.9849,0.2836,7,7,11,11
13823,0.9979,0.6154,0.6667,0.64,0.875,3.0,3.7603,0.47,8,8,13,12
5504,0.9989,0.7143,0.7143,0.7143,0.6,5.0,3.9217,0.4902,8,8,14,14
14599,0.9993,0.75,0.75,0.75,0.3333,5.0,3.8807,0.4312,9,9,12,12
53,0.9996,0.75,0.75,0.75,0.6667,4.0,1.9799,0.33,6,6,8,8
6342,0.9994,0.6154,0.6154,0.6154,0.875,2.0,4.2379,0.5297,8,8,13,13
14757,0.9985,0.5385,0.5385,0.5385,0.5714,3.0,4.6239,0.5138,9,9,13,13
12296,0.9989,0.7143,0.7692,0.7407,0.8,4.0,3.2619,0.4077,8,8,14,13
12429,0.9984,0.5,0.5,0.5,0.5714,3.0,4.8353,0.5373,9,9,14,14
7774,0.9985,0.4783,0.4783,0.4783,0.6364,14.0,6.5544,0.5042,13,13,23,23
8455,0.9979,0.6923,0.6923,0.6923,0.4444,5.0,3.6797,0.46,8,8,13,13
4993,0.9989,0.375,0.4286,0.4,1.0,1.0,4.0224,0.6704,6,6,8,7
10425,0.9982,0.8889,0.8889,0.8889,0.875,1.0,2.1213,0.303,7,7,9,9
16606,0.999,0.6154,0.6154,0.6154,0.75,2.0,4.6347,0.5793,8,8,13,13
15290,0.9922,0.375,0.4091,0.3913,0.8889,22.0,6.5894,0.4707,14,14,24,22
13870,0.9992,0.8,0.8,0.8,0.5,6.0,2.2181,0.3169,7,7,10,10
1460,0.9959,0.5,0.52,0.5098,0.6923,25.0,5.8634,0.451,13,13,26,25
11044,0.9992,0.4167,0.4167,0.4167,1.0,2.0,4.7875,0.5984,8,8,12,12
10867,0.9994,0.7273,0.7273,0.7273,0.625,3.0,3.3196,0.4742,7,7,11,11
16142,0.9986,0.7143,0.7143,0.7143,0.8,3.0,3.8026,0.4225,9,9,14,14
983,0.9993,0.6364,0.6364,0.6364,0.5714,4.0,3.6332,0.4541,8,8,11,11
780,0.999,0.5625,0.5625,0.5625,0.7778,4.0,4.6303,0.463,10,10,16,16
3781,0.9988,0.5625,0.5625,0.5625,0.7778,4.0,4.9639,0.4964,10,10,16,16
1052,0.9977,0.5,0.5455,0.5217,0.8333,5.0,3.7762,0.472,8,8,12,11
1407,0.9991,0.5,0.5,0.5,1.0,0.0,4.0,0.6667,6,6,8,8
16676,0.999,0.8333,0.8333,0.8333,1.0,0.0,2.0,0.4,5,5,6,6
222,0.9983,0.6667,0.6667,0.6667,1.0,1.0,3.6688,0.4586,8,8,12,12
6185,0.9986,0.6154,0.6154,0.6154,0.25,6.0,4.2474,0.5309,8,8,13,13
16926,0.9995,0.8333,0.8333,0.8333,1.0,0.0,2.0,0.4,5,5,6,6
15502,0.9995,0.875,0.875,0.875,1.0,0.0,2.0,0.3333,6,6,8,8
8595,0.9981,0.1111,0.1,0.1053,1.0,4.0,3.7041,0.463,7,8,9,10
13698,0.9995,0.6364,0.6364,0.6364,0.8571,2.0,3.7363,0.5338,7,7,11,11
13860,0.9993,0.7273,0.7273,0.7273,1.0,1.0,3.0757,0.4394,7,7,11,11
8914,0.9979,0.5833,0.5833,0.5833,1.0,1.0,4.1785,0.5223,8,8,12,12
12136,0.9983,0.65,0.65,0.65,0.6923,15.0,4.4677,0.3723,12,12,20,20
16244,0.9491,0.875,0.875,0.875,0.2857,5.0,2.1213,0.3536,6,6,8,8
7476,0.9984,0.5,0.5,0.5,0.8333,2.0,4.8125,0.6016,8,8,12,12
16223,0.9992,0.8,0.8,0.8,0.875,1.0,2.9967,0.4281,7,7,10,10
15274,0.9982,0.5833,0.5833,0.5833,1.0,1.0,4.1785,0.5223,8,8,12,12
7008,0.9984,0.5882,0.5882,0.5882,0.7,3.0,5.4314,0.4938,11,11,17,17
3107,0.999,0.5385,0.5385,0.5385,1.0,3.0,4.1352,0.5169,8,8,13,13
15295,0.9996,0.9,0.9,0.9,0.8889,2.0,1.4,0.2,7,7,10,10
5005,0.9992,0.6429,0.6923,0.6667,0.8889,4.0,3.4756,0.4345,8,8,14,13
9603,0.9977,0.3684,0.3684,0.3684,0.7143,3.0,6.6317,0.6029,11,11,19,19
2248,0.9991,0.875,0.875,0.875,0.8571,2.0,1.4,0.2333,6,6,8,8
1184,0.9973,0.4074,0.4231,0.4151,0.6364,25.0,6.3702,0.455,14,14,27,26
16369,0.9981,0.6429,0.6429,0.6429,0.7778,2.0,4.6347,0.515,9,9,14,14
2047,0.9996,0.5714,0.5714,0.5714,0.75,4.0,4.5956,0.5106,9,9,14,14
6528,0.999,0.625,0.625,0.625,0.9,7.0,4.1085,0.4565,9,9,16,16
6512,0.9989,0.6429,0.6429,0.6429,1.0,3.0,3.6194,0.4022,9,9,14,14
91,0.999,0.5789,0.5789,0.5789,0.6364,12.0,4.9679,0.4516,11,11,19,19
11342,0.9995,0.8889,0.8889,0.8889,0.875,1.0,2.1213,0.3536,6,6,9,9
12062,0.9986,0.7,0.7,0.7,0.8571,2.0,3.1559,0.4508,7,7,10,10
2209,0.9991,0.5,0.5,0.5,1.0,0.0,4.0,0.6667,6,6,8,8
4681,0.9993,0.8182,0.8182,0.8182,0.5556,5.0,2.2316,0.3188,7,7,11,11
6211,0.9971,0.7059,0.7059,0.7059,0.6667,4.0,4.4721,0.4472,10,10,17,17
10316,0.9974,0.6667,0.6667,0.6667,0.6667,2.0,3.7363,0.5338,7,7,9,9
553,0.9995,0.8333,0.8333,0.8333,0.4,3.0,2.5417,0.5083,5,5,6,6
11659,0.9964,0.4286,0.4286,0.4286,1.0,0.0,4.0,0.6667,6,6,7,7
6320,0.9952,0.6111,0.6471,0.6286,0.8182,13.0,4.1976,0.4198,10,10,18,17
10187,0.9753,0.2,0.1667,0.1818,0.5,8.0,4.8559,0.607,7,8,10,12
5895,0.9989,0.75,0.75,0.75,0.8333,2.0,2.4413,0.4069,6,6,8,8
7958,0.9992,0.7,0.7,0.7,0.5714,2.0,3.6824,0.5261,7,7,10,10
2927,0.9982,0.4118,0.4118,0.4118,0.8571,16.0,5.7758,0.4813,12,12,17,17
10111,0.9968,0.6154,0.6154,0.6154,0.375,24.0,5.3759,0.384,14,14,26,26
15719,0.9996,0.7,0.7,0.7,1.0,2.0,2.6306,0.3758,7,7,10,10
4023,0.9989,0.5833,0.5833,0.5833,0.8571,2.0,4.322,0.5403,8,8,12,12
12907,0.9978,0.5833,0.5833,0.5833,0.7143,2.0,4.3035,0.5379,8,8,12,12
789,0.9961,0.7143,0.7143,0.7143,0.7,2.0,4.1905,0.5238,8,8,14,14
12908,0.9989,0.875,0.875,0.875,0.5714,3.0,1.7378,0.2896,6,6,8,8
12417,0.9995,0.75,0.75,0.75,0.6667,4.0,2.912,0.364,8,8,12,12
3942,0.9308,0.5625,0.5625,0.5625,0.7778,2.0,5.1498,0.5722,9,9,16,16
16984,0.9994,0.6667,0.6667,0.6667,1.0,1.0,3.0757,0.5126,6,6,9,9
11671,0.9992,0.6667,0.6667,0.6667,0.625,5.0,3.5917,0.5131,7,7,12,12
10935,0.9991,0.6667,0.6667,0.6667,0.6,2.0,4.7032,0.5226,9,9,15,15
9947,0.9739,0.35,0.4118,0.3784,1.0,11.0,5.2288,0.5229,10,9,20,17
9949,0.9987,0.5714,0.5714,0.5714,0.875,4.0,4.1085,0.4565,9,9,14,14
3102,0.9992,0.8182,0.8182,0.8182,0.7778,2.0,3.0,0.4286,7,7,11,11
7245,0.9989,0.8182,0.8182,0.8182,0.7778,2.0,2.6907,0.3844,7,7,11,11
15821,0.9986,0.8333,0.8333,0.8333,0.7,3.0,3.1591,0.351,9,9,12,12
7815,0.9943,0.3846,0.4167,0.4,0.9333,25.0,7.7692,0.457,17,17,39,36
17083,0.9989,0.5833,0.5833,0.5833,1.0,1.0,4.1785,0.5223,8,8,12,12
10013,0.9988,0.5714,0.5714,0.5714,0.75,2.0,4.7455,0.5932,8,8,14,14
3559,0.9972,0.7143,0.7143,0.7143,1.0,0.0,2.8284,0.4714,6,6,7,7
7861,0.9988,0.6429,0.6429,0.6429,0.6667,3.0,4.7392,0.5266,9,9,14,14
5105,0.9978,0.8571,0.9231,0.8889,0.75,5.0,1.772,0.2215,8,8,14,13
6536,0.9988,0.4444,0.4444,0.4444,0.5,3.0,4.2965,0.6138,7,7,9,9
9582,0.9985,0.5,0.5,0.5,1.0,14.0,5.2249,0.475,11,11,20,20
3909,0.9994,0.5385,0.5385,0.5385,0.8571,1.0,4.998,0.6248,8,8,13,13
12021,0.9978,0.5,0.5,0.5,0.4286,5.0,4.998,0.6248,8,8,14,14
15667,0.999,0.5,0.5,0.5,0.75,2.0,3.7363,0.6227,6,6,8,8
10896,0.9993,0.7647,0.7647,0.7647,0.6154,7.0,3.4842,0.3484,10,10,17,17
8789,0.9992,0.9231,1.0,0.96,0.5833,5.0,2.2316,0.2789,8,8,13,12
3515,0.9988,0.5714,0.5714,0.5714,0.875,3.0,4.4068,0.4896,9,9,14,14
11726,0.9971,0.6,0.6,0.6,1.0,0.0,4.0,0.5714,7,7,10,10
13057,0.9997,0.6,0.6,0.6,0.3333,5.0,3.6028,0.5147,7,7,10,10
14445,0.9995,0.8,0.8,0.8,0.875,1.0,2.9155,0.4165,7,7,10,10
7673,0.9987,0.8,0.8,0.8,0.875,2.0,2.4413,0.3488,7,7,10,10
144,0.9943,0.4211,0.4211,0.4211,1.0,7.0,6.4389,0.5854,11,11,19,19
228,0.9993,0.8,0.8,0.8,0.875,3.0,2.0347,0.2907,7,7,10,10
12578,0.999,0.7692,0.7692,0.7692,0.7,3.0,3.4957,0.437,8,8,13,13
3386,0.9991,0.75,0.75,0.75,1.0,3.0,2.5573,0.3197,8,8,12,12
14338,0.9993,0.5333,0.5333,0.5333,0.875,4.0,4.5695,0.5077,9,9,15,15
1136,0.9991,0.7647,0.7647,0.7647,0.6923,4.0,3.9395,0.3581,11,11,17,17
16574,0.9981,0.6154,0.6154,0.6154,1.0,2.0,3.8626,0.4828,8,8,13,13
6052,0.9994,0.9091,0.9091,0.9091,0.7,3.0,2.5417,0.3631,7,7,11,11
8073,0.9989,0.5385,0.5833,0.56,0.8571,2.0,4.6,0.575,8,8,13,12
15826,0.9795,0.5882,0.5882,0.5882,1.0,2.0,4.9356,0.4487,11,11,17,17
10982,0.9991,0.7273,0.7273,0.7273,0.875,1.0,3.6028,0.5147,7,7,11,11
24,0.9991,0.7143,0.7143,0.7143,1.0,1.0,3.6688,0.4076,9,9,14,14
4911,0.9968,0.5,0.5,0.5,1.0,1.0,4.1785,0.5969,7,7,10,10
10793,0.9976,0.5625,0.5625,0.5625,0.4444,6.0,5.0478,0.5609,9,9,16,16
11911,0.9989,0.5385,0.5385,0.5385,1.0,3.0,4.0472,0.5059,8,8,13,13
5403,0.9995,0.7273,0.7273,0.7273,0.625,3.0,3.3196,0.4742,7,7,11,11
11667,0.9948,0.5,0.5,0.5,0.8889,13.0,5.8275,0.5828,10,10,18,18
8121,0.9991,0.7778,0.7778,0.7778,0.7143,3.0,2.5417,0.4236,6,6,9,9
15489,0.9971,0.2917,0.2917,0.2917,0.4286,25.0,7.6079,0.5852,13,13,24,24
14517,0.9993,0.8182,0.8182,0.8182,0.8889,1.0,2.9155,0.4165,7,7,11,11
11920,0.9995,0.8182,0.8182,0.8182,1.0,0.0,2.8284,0.4041,7,7,11,11
11312,0.9982,0.75,0.75,0.75,1.0,0.0,2.8284,0.4714,6,6,8,8
12028,0.9964,0.4286,0.4286,0.4286,1.0,0.0,4.0,0.6667,6,6,7,7
7236,0.9991,0.5,0.5,0.5,1.0,0.0,4.0,0.6667,6,6,8,8
6617,0.9992,0.625,0.625,0.625,0.9,12.0,3.9724,0.4414,9,9,16,16
12074,0.9984,0.5385,0.5385,0.5385,1.0,3.0,4.1352,0.5169,8,8,13,13
6044,0.9986,0.4762,0.4762,0.4762,0.4,20.0,6.1188,0.5099,12,12,21,21
9084,0.9986,0.7333,0.7333,0.7333,0.7273,3.0,4.1833,0.4648,9,9,15,15
10510,0.9989,0.5714,0.5714,0.5714,0.875,3.0,4.4068,0.4896,9,9,14,14
13100,0.9991,0.5,0.5,0.5,1.0,0.0,4.0,0.6667,6,6,8,8
15354,0.9994,0.7143,0.7143,0.7143,0.8,2.0,2.4413,0.4069,6,6,7,7
14495,0.9988,0.5,0.5,0.5,1.0,3.0,4.5935,0.5742,8,8,14,14
1742,0.9993,0.7059,0.7059,0.7059,0.75,5.0,3.7336,0.3394,11,11,17,17
9120,0.9989,0.5294,0.5294,0.5294,0.7778,6.0,4.669,0.4669,10,10,17,17
13647,0.9994,0.8571,0.8571,0.8571,1.0,0.0,2.0,0.3333,6,6,7,7
15591,0.9983,0.8095,0.8095,0.8095,0.7059,9.0,3.0496,0.2772,11,11,21,21
7009,0.996,0.3448,0.3448,0.3448,0.6,28.0,8.5674,0.5355,16,16,29,29
6227,0.9991,0.8,0.8,0.8,0.75,3.0,2.5417,0.3631,7,7,10,10
3144,0.9988,0.6154,0.6154,0.6154,1.0,1.0,4.1785,0.5223,8,8,13,13
11134,0.9078,0.6,0.6,0.6,0.8889,1.0,4.9497,0.495,10,10,15,15
15380,0.9995,0.6,0.6,0.6,0.6667,1.0,4.1304,0.5901,7,7,10,10
7501,0.9993,0.5833,0.5833,0.5833,0.8571,3.0,4.0175,0.5022,8,8,12,12
15550,0.9986,0.4444,0.4444,0.4444,1.0,0.0,4.4721,0.6389,7,7,9,9
13616,0.9992,0.5455,0.5455,0.5455,0.8333,1.0,4.5277,0.566,8,8,11,11
5232,0.9991,0.6154,0.6154,0.6154,0.875,4.0,3.7842,0.473,8,8,13,13
442,0.9995,0.5,0.5,0.5,1.0,0.0,4.4721,0.6389,7,7,10,10
12051,0.9991,0.5,0.5,0.5,0.75,1.0,4.062,0.677,6,6,8,8
4246,0.9984,0.4737,0.4737,0.4737,0.5556,10.0,4.9275,0.4927,10,10,19,19
4107,0.9979,0.6429,0.6429,0.6429,0.8889,3.0,3.9268,0.3927,10,10,14,14
5760,0.9982,0.9286,0.9286,0.9286,0.6923,5.0,1.8601,0.2325,8,8,14,14
3027,0.9991,0.5556,0.625,0.5882,0.8,1.0,3.8704,0.5529,7,7,9,8
9823,0.999,0.6154,0.6154,0.6154,0.75,5.0,3.6579,0.4572,8,8,13,13
11215,0.9893,0.5556,0.5769,0.566,0.4667,18.0,5.3814,0.414,13,12,27,26
6980,0.9997,0.8889,0.8889,0.8889,0.75,3.0,1.5684,0.2614,6,6,9,9
2176,0.9994,0.5556,0.5556,0.5556,1.0,1.0,3.6688,0.5241,7,7,9,9
14200,0.9988,0.9231,0.9231,0.9231,0.5,5.0,2.2494,0.2812,8,8,13,13
8995,0.9994,0.9091,0.9091,0.9091,0.6,4.0,1.8762,0.268,7,7,11,11
2060,0.9993,0.625,0.625,0.625,1.0,0.0,3.4641,0.5774,6,6,8,8
7878,0.999,0.9167,0.9167,0.9167,1.0,0.0,2.0,0.2222,9,9,12,12
2735,0.9994,0.4667,0.4667,0.4667,0.7143,4.0,5.3292,0.5921,9,9,15,15
15939,0.9991,0.5,0.5,0.5,1.0,0.0,4.0,0.6667,6,6,8,8
15235,0.9991,0.5714,0.5714,0.5714,1.0,0.0,3.4641,0.5774,6,6,7,7
785,0.9967,0.6,0.6,0.6,0.5,15.0,5.3572,0.487,11,11,20,20
12263,0.9979,0.625,0.625,0.625,0.8,3.0,6.1628,0.5136,12,12,24,24
7606,0.9982,0.6364,0.6364,0.6364,0.8571,2.0,3.7363,0.467,8,8,11,11
15386,0.9993,0.6667,0.6667,0.6667,0.8333,2.0,3.1559,0.526,6,6,9,9
4308,0.9992,0.5,0.5,0.5,1.0,0.0,4.899,0.6124,8,8,12,12
8860,0.9983,0.8182,0.8182,0.8182,0.8889,1.0,2.9155,0.4165,7,7,11,11
13980,0.9987,0.5417,0.5417,0.5417,0.7692,13.0,6.2514,0.4465,14,14,24,24
12471,0.9987,0.5385,0.5385,0.5385,1.0,0.0,4.899,0.6124,8,8,13,13
12194,0.9991,0.5,0.5,0.5,1.0,0.0,4.0,0.6667,6,6,8,8
14253,0.9991,0.5,0.5,0.5,1.0,0.0,4.0,0.6667,6,6,8,8
1808,0.9996,0.75,0.75,0.75,0.8333,2.0,2.4413,0.4069,6,6,8,8
16704,0.9984,0.6667,0.6667,0.6667,0.625,3.0,3.9674,0.4959,8,8,12,12
14292,0.999,0.8,0.8,0.8,0.875,1.0,2.9155,0.4165,7,7,10,10
5683,0.9955,0.8571,0.8571,0.8571,1.0,0.0,2.0,0.4,5,5,7,7
8083,0.999,0.75,0.75,0.75,0.8333,1.0,2.9155,0.4859,6,6,8,8
16562,0.9991,0.75,0.75,0.75,0.8889,2.0,3.1559,0.3945,8,8,12,12
11647,0.999,0.5833,0.5833,0.5833,0.7143,2.0,4.3035,0.5379,8,8,12,12
3452,0.9991,0.6667,0.6667,0.6667,0.8,2.0,4.3035,0.4782,9,9,15,15
3310,0.9978,0.7692,0.7692,0.7692,1.0,3.0,2.0928,0.2616,8,8,13,13
16512,0.9987,0.5263,0.5263,0.5263,1.0,9.0,5.7845,0.482,12,12,19,19
13641,0.9979,0.875,0.875,0.875,1.0,1.0,1.4765,0.2461,6,6,8,8
9451,0.9989,0.7,0.7,0.7,1.0,0.0,3.4641,0.4949,7,7,10,10
12229,0.9991,0.5,0.5,0.5,1.0,0.0,4.0,0.6667,6,6,8,8
6160,0.9981,0.7273,0.7273,0.7273,1.0,0.0,3.4641,0.4949,7,7,11,11
6970,0.9957,0.4762,0.5263,0.5,1.0,13.0,5.5929,0.5084,11,11,21,19
7012,0.9993,0.8889,0.8889,0.8889,0.75,2.0,2.3409,0.3902,6,6,9,9
10363,0.9995,0.8571,0.8571,0.8571,0.6667,3.0,2.0347,0.4069,5,5,7,7
3255,0.9974,0.8462,0.8462,0.8462,0.8182,2.0,3.0,0.375,8,8,13,13
4702,0.9991,0.625,0.625,0.625,1.0,0.0,3.4641,0.5774,6,6,8,8
11711,0.9988,0.5556,0.5556,0.5556,1.0,0.0,4.0,0.5714,7,7,9,9
15226,0.9986,0.7368,0.7368,0.7368,1.0,6.0,3.8626,0.3511,11,11,19,19
12395,0.9993,0.8571,0.8571,0.8571,1.0,1.0,1.2083,0.2417,5,5,7,7
16921,0.9997,0.7778,0.7778,0.7778,0.2857,4.0,2.8425,0.4738,6,6,9,9
1767,0.9986,0.7692,0.7692,0.7692,0.8,3.0,3.2342,0.3594,9,9,13,13
7896,0.9985,0.8462,0.8462,0.8462,1.0,0.0,2.8284,0.3143,9,9,13,13
1134,0.999,0.45,0.45,0.45,0.3333,23.0,5.9228,0.4936,12,12,20,20
15049,0.9992,0.6364,0.6364,0.6364,0.5714,3.0,3.8756,0.5537,7,7,11,11
4700,0.9995,1.0,1.0,1.0,0.875,1.0,0.7071,0.1179,6,6,8,8
7992,0.9981,0.625,0.625,0.625,0.8,4.0,4.6476,0.4648,10,10,16,16
5110,0.9959,0.4444,0.4444,0.4444,1.0,1.0,4.1785,0.5969,7,7,9,9
13101,0.9989,0.5385,0.5385,0.5385,1.0,0.0,4.899,0.6124,8,8,13,13
10807,0.9989,0.375,0.375,0.375,1.0,0.0,4.4721,0.7454,6,6,8,8
13393,0.9991,0.5,0.5,0.5,1.0,0.0,4.0,0.6667,6,6,8,8
7239,0.9983,0.2308,0.2143,0.2222,0.3333,7.0,5.4203,0.6023,8,9,13,14
6538,0.9965,0.4,0.4444,0.4211,0.75,2.0,4.5211,0.6459,7,7,10,9
3115,0.9995,0.9091,0.9091,0.9091,0.7,4.0,2.0396,0.2914,7,7,11,11
9806,0.9988,0.4375,0.4375,0.4375,1.0,6.0,4.6347,0.515,9,9,16,16
4644,0.9993,0.8333,0.8333,0.8333,0.8,2.0,2.3152,0.3307,7,7,12,12
4248,0.9994,0.5,0.5,0.5,1.0,4.0,3.7202,0.5315,7,7,12,12
2255,0.9911,0.5263,0.5263,0.5263,0.7,5.0,5.7775,0.4815,12,12,19,19
5056,0.9971,0.7,0.7,0.7,1.0,0.0,3.4641,0.433,8,8,10,10
7161,0.8981,0.5455,0.5455,0.5455,1.0,2.0,3.8626,0.5518,7,7,11,11
6597,0.9968,0.5,0.5,0.5,0.8,4.0,3.8471,0.4809,8,8,10,10
9185,0.9989,0.8182,0.8182,0.8182,0.7778,1.0,3.01,0.3762,8,8,11,11
1082,0.9898,0.2609,0.2609,0.2609,0.6667,26.0,7.2609,0.5186,14,14,23,23
10673,0.9986,0.7,0.7,0.7,1.0,1.0,3.0757,0.4394,7,7,10,10
13125,0.9995,0.8182,0.8182,0.8182,0.8889,2.0,2.4413,0.3488,7,7,11,11
10692,0.9995,0.75,0.75,0.75,1.0,0.0,2.8284,0.4714,6,6,8,8
8105,0.999,0.6667,0.6667,0.6667,0.8333,5.0,4.1689,0.4169,10,10,18,18
1936,0.9996,0.8889,0.8889,0.8889,1.0,0.0,2.0,0.3333,6,6,9,9
7503,0.9989,0.6471,0.6471,0.6471,0.7273,6.0,3.9243,0.3924,10,10,17,17
869,0.9982,0.8333,0.8333,0.8333,0.9,1.0,2.9155,0.3644,8,8,12,12
6836,0.9989,0.5,0.5,0.5,1.0,1.0,5.0458,0.6307,8,8,14,14
12131,0.996,0.375,0.4286,0.4,0.5,15.0,5.6018,0.5602,10,10,16,14
16898,0.9992,0.6,0.6,0.6,0.6667,2.0,3.9038,0.5577,7,7,10,10
8552,0.9981,0.4737,0.4737,0.4737,0.5556,6.0,5.8686,0.5335,11,11,19,19
9424,0.9976,0.7857,0.7857,0.7857,0.8182,5.0,2.5652,0.285,9,9,14,14
10472,0.9994,0.8571,0.8571,0.8571,1.0,0.0,2.0,0.4,5,5,7,7
6777,0.9984,0.6,0.6,0.6,1.0,0.0,2.8284,0.5657,5,5,5,5
4478,0.9992,0.6364,0.6364,0.6364,1.0,2.0,3.3045,0.4721,7,7,11,11
16259,0.9957,0.6,0.6,0.6,0.3333,2.0,3.0,0.5,6,6,5,5
14124,0.9988,0.8571,0.8571,0.8571,0.8333,1.0,2.1213,0.4243,5,5,7,7
9690,0.9994,0.5,0.5385,0.5185,1.0,2.0,4.6519,0.5815,8,8,14,13
9007,0.9968,0.6667,0.6667,0.6667,0.9,7.0,4.5277,0.4528,10,10,15,15
12698,0.9984,0.5789,0.5789,0.5789,0.7273,15.0,4.8374,0.4837,10,10,19,19
13771,0.9978,0.6429,0.6429,0.6429,0.7778,3.0,4.2965,0.4774,9,9,14,14
1369,0.9988,0.6,0.6,0.6,0.6667,3.0,3.6633,0.5233,7,7,10,10
10919,0.997,0.6429,0.6429,0.6429,1.0,0.0,4.4721,0.559,8,8,14,14
15718,0.9995,0.7273,0.7273,0.7273,0.875,3.0,2.724,0.3891,7,7,11,11
1396,0.9978,0.6471,0.6471,0.6471,0.7273,5.0,4.5978,0.4598,10,10,17,17
5873,0.999,0.8,0.8,0.8,0.375,4.0,3.3941,0.4849,7,7,10,10
17062,0.963,0.6667,0.6667,0.6667,0.25,9.0,3.178,0.3973,8,8,12,12
11263,0.9972,0.5882,0.5882,0.5882,0.5,7.0,5.0418,0.5602,9,9,17,17
2839,0.9985,0.7333,0.7333,0.7333,1.0,0.0,4.0,0.4,10,10,15,15
7764,0.9979,0.5294,0.5294,0.5294,0.6667,6.0,5.2038,0.5204,10,10,17,17
16785,0.9994,0.8333,0.9091,0.8696,0.9,3.0,1.8276,0.2611,7,7,12,11
1805,0.9988,1.0,1.0,1.0,1.0,0.0,0.0,0.0,7,7,10,10
13337,0.9997,0.875,0.875,0.875,1.0,0.0,2.0,0.3333,6,6,8,8
2950,0.999,0.5833,0.5833,0.5833,1.0,1.0,4.1785,0.5223,8,8,12,12
6920,0.937,0.5789,0.6111,0.5946,0.8182,12.0,4.1761,0.3796,11,11,19,18
8087,0.9976,0.7222,0.7222,0.7222,0.6923,11.0,4.128,0.344,12,12,18,18
6372,0.9991,0.75,0.75,0.75,0.8333,1.0,2.9155,0.4859,6,6,8,8
184,0.9971,0.5455,0.5455,0.5455,1.0,1.0,4.1785,0.5969,7,7,11,11
882,0.9987,0.5556,0.5556,0.5556,1.0,4.0,4.7497,0.475,10,10,18,18
11047,0.9991,0.875,0.875,0.875,0.8571,2.0,1.7776,0.2963,6,6,8,8
7142,0.9995,0.8,0.8,0.8,0.75,3.0,2.6344,0.3763,7,7,10,10
2012,0.9983,0.5263,0.5263,0.5263,1.0,6.0,4.7875,0.4352,11,11,19,19
10844,0.9985,0.9167,0.9167,0.9167,0.9091,2.0,1.4,0.175,8,8,12,12
8706,0.9978,0.7273,0.7273,0.7273,1.0,1.0,3.0757,0.4394,7,7,11,11
10148,0.9984,0.7647,0.7647,0.7647,0.4615,6.0,4.1328,0.4133,10,10,17,17
15428,0.9996,0.7778,0.7778,0.7778,1.0,0.0,2.8284,0.4714,6,6,9,9
9883,0.9982,0.5294,0.5294,0.5294,0.7778,2.0,5.7446,0.5745,10,10,17,17
2059,0.9994,0.5556,0.5556,0.5556,0.8,1.0,4.062,0.677,6,6,9,9
359,0.9994,0.8182,0.8182,0.8182,0.8889,1.0,2.9155,0.4165,7,7,11,11
7731,0.9982,0.8235,0.8235,0.8235,0.6429,7.0,3.5071,0.3507,10,10,17,17
11349,0.9984,0.8571,0.8571,0.8571,0.8333,1.0,2.1213,0.4243,5,5,7,7
4636,0.9991,0.5333,0.5333,0.5333,0.875,2.0,5.0951,0.5661,9,9,15,15
5692,0.9977,0.7,0.7,0.7,0.8571,1.0,3.5355,0.5051,7,7,10,10
7500,0.9992,0.5833,0.5833,0.5833,1.0,1.0,4.1785,0.5223,8,8,12,12
7946,0.998,0.6154,0.6154,0.6154,1.0,2.0,3.8626,0.4828,8,8,13,13
5346,0.9953,0.5714,0.5714,0.5714,0.5,2.0,3.6056,0.6009,6,6,7,7
11116,0.9986,1.0,1.0,1.0,1.0,0.0,0.0,0.0,7,7,10,10
