stem,n_gt_edges,row2_pred_P,row2_pred_R,row2_pred_F1,row2_pred_TA,row2_pred_npred,row2_gtmask_P,row2_gtmask_R,row2_gtmask_F1,row2_gtmask_TA,row2_gtmask_npred,row3_pred_P,row3_pred_R,row3_pred_F1,row3_pred_TA,row3_pred_npred
16649,10,1.0,1.0,1.0,0.7,10,1.0,1.0,1.0,0.7,10,1.0,1.0,1.0,1.0,10
5674,9,0.8181818181818182,1.0,0.9,0.6666666666666666,11,0.8181818181818182,1.0,0.9,0.6666666666666666,11,1.0,1.0,1.0,1.0,9
9470,10,0.9090909090909091,1.0,0.9523809523809523,0.8,11,0.9090909090909091,1.0,0.9523809523809523,0.8,11,1.0,1.0,1.0,1.0,10
15266,12,0.9230769230769231,1.0,0.9600000000000001,0.5833333333333334,13,0.9230769230769231,1.0,0.9600000000000001,0.5833333333333334,13,1.0,1.0,1.0,1.0,12
7876,13,0.9285714285714286,1.0,0.962962962962963,0.6923076923076923,14,0.9285714285714286,1.0,0.962962962962963,0.6923076923076923,14,1.0,1.0,1.0,1.0,13
13135,8,1.0,1.0,1.0,0.625,8,1.0,1.0,1.0,0.625,8,1.0,1.0,1.0,1.0,8
13109,10,1.0,1.0,1.0,0.7,10,1.0,1.0,1.0,0.7,10,1.0,1.0,1.0,1.0,10
9271,14,0.8235294117647058,1.0,0.9032258064516129,0.8571428571428571,17,0.8235294117647058,1.0,0.9032258064516129,0.8571428571428571,17,1.0,1.0,1.0,1.0,14
3675,7,0.875,1.0,0.9333333333333333,0.7142857142857143,8,0.875,1.0,0.9333333333333333,0.7142857142857143,8,1.0,1.0,1.0,1.0,7
6293,6,1.0,1.0,1.0,0.6666666666666666,6,1.0,1.0,1.0,0.6666666666666666,6,1.0,1.0,1.0,1.0,6
13388,15,0.8333333333333334,1.0,0.9090909090909091,0.8,18,0.8333333333333334,1.0,0.9090909090909091,0.8,18,1.0,1.0,1.0,1.0,15
15441,12,0.9230769230769231,1.0,0.9600000000000001,0.6666666666666666,13,0.9230769230769231,1.0,0.9600000000000001,0.6666666666666666,13,1.0,1.0,1.0,1.0,12
456,6,0.75,1.0,0.8571428571428571,0.5,8,0.75,1.0,0.8571428571428571,0.5,8,1.0,1.0,1.0,1.0,6
7057,6,0.8571428571428571,1.0,0.923076923076923,0.6666666666666666,7,0.8571428571428571,1.0,0.923076923076923,0.6666666666666666,7,1.0,1.0,1.0,1.0,6
6863,11,1.0,1.0,1.0,0.6363636363636364,11,1.0,1.0,1.0,0.6363636363636364,11,1.0,1.0,1.0,1.0,11
5049,10,0.7142857142857143,1.0,0.8333333333333333,0.7,14,0.7142857142857143,1.0,0.8333333333333333,0.7,14,1.0,1.0,1.0,1.0,10
15389,8,1.0,1.0,1.0,0.625,8,1.0,1.0,1.0,0.625,8,1.0,1.0,1.0,1.0,8
11855,9,1.0,1.0,1.0,0.6666666666666666,9,1.0,1.0,1.0,0.6666666666666666,9,1.0,1.0,1.0,1.0,9
2104,9,0.8181818181818182,1.0,0.9,0.6666666666666666,11,0.8181818181818182,1.0,0.9,0.6666666666666666,11,1.0,1.0,1.0,1.0,9
1867,10,0.8333333333333334,1.0,0.9090909090909091,0.7,12,0.8333333333333334,1.0,0.9090909090909091,0.7,12,1.0,1.0,1.0,1.0,10
4058,15,0.8333333333333334,1.0,0.9090909090909091,0.9333333333333333,18,0.8333333333333334,1.0,0.9090909090909091,0.9333333333333333,18,1.0,1.0,1.0,1.0,15
6702,11,1.0,1.0,1.0,0.7272727272727273,11,1.0,1.0,1.0,0.7272727272727273,11,1.0,1.0,1.0,1.0,11
4858,13,1.0,1.0,1.0,0.46153846153846156,13,1.0,1.0,1.0,0.46153846153846156,13,1.0,1.0,1.0,1.0,13
14448,12,0.8,1.0,0.888888888888889,0.8333333333333334,15,0.8,1.0,0.888888888888889,0.8333333333333334,15,1.0,1.0,1.0,1.0,12
7022,10,0.9090909090909091,1.0,0.9523809523809523,0.8,11,0.9090909090909091,1.0,0.9523809523809523,0.8,11,1.0,1.0,1.0,1.0,10
10980,7,0.7777777777777778,1.0,0.8750000000000001,0.7142857142857143,9,0.7777777777777778,1.0,0.8750000000000001,0.7142857142857143,9,1.0,1.0,1.0,1.0,7
476,16,0.9411764705882353,1.0,0.9696969696969697,0.5625,17,0.9411764705882353,1.0,0.9696969696969697,0.5625,17,1.0,1.0,1.0,1.0,16
16391,13,0.8666666666666667,1.0,0.9285714285714286,0.6923076923076923,15,0.8666666666666667,1.0,0.9285714285714286,0.6923076923076923,15,1.0,1.0,1.0,1.0,13
7463,10,0.8333333333333334,1.0,0.9090909090909091,0.7,12,0.8333333333333334,1.0,0.9090909090909091,0.7,12,1.0,1.0,1.0,1.0,10
5421,13,0.8666666666666667,1.0,0.9285714285714286,0.7692307692307693,15,0.8666666666666667,1.0,0.9285714285714286,0.7692307692307693,15,1.0,1.0,1.0,1.0,13
6608,9,1.0,1.0,1.0,0.6666666666666666,9,1.0,1.0,1.0,0.6666666666666666,9,1.0,1.0,1.0,1.0,9
3084,17,0.9444444444444444,1.0,0.9714285714285714,0.6470588235294118,18,0.9444444444444444,1.0,0.9714285714285714,0.6470588235294118,18,1.0,1.0,1.0,1.0,17
6901,8,1.0,1.0,1.0,0.625,8,1.0,1.0,1.0,0.625,8,1.0,1.0,1.0,1.0,8
12206,11,1.0,1.0,1.0,0.7272727272727273,11,1.0,1.0,1.0,0.7272727272727273,11,1.0,1.0,1.0,1.0,11
8835,13,0.8666666666666667,1.0,0.9285714285714286,0.6153846153846154,15,0.8666666666666667,1.0,0.9285714285714286,0.6153846153846154,15,1.0,1.0,1.0,1.0,13
7505,11,1.0,1.0,1.0,0.7272727272727273,11,1.0,1.0,1.0,0.7272727272727273,11,1.0,1.0,1.0,1.0,11
5311,13,1.0,1.0,1.0,0.6153846153846154,13,1.0,1.0,1.0,0.6153846153846154,13,1.0,1.0,1.0,1.0,13
9901,25,0.8333333333333334,1.0,0.9090909090909091,0.76,30,0.8333333333333334,1.0,0.9090909090909091,0.76,30,1.0,1.0,1.0,1.0,25
10037,14,0.9333333333333333,1.0,0.9655172413793104,0.7857142857142857,15,0.9333333333333333,1.0,0.9655172413793104,0.7857142857142857,15,1.0,1.0,1.0,1.0,14
12686,16,0.8421052631578947,1.0,0.9142857142857143,0.6875,19,0.8421052631578947,1.0,0.9142857142857143,0.6875,19,1.0,1.0,1.0,1.0,16
11774,7,1.0,1.0,1.0,0.7142857142857143,7,1.0,1.0,1.0,0.7142857142857143,7,1.0,1.0,1.0,1.0,7
16184,8,1.0,1.0,1.0,0.625,8,1.0,1.0,1.0,0.625,8,1.0,1.0,1.0,1.0,8
8812,15,0.9375,1.0,0.967741935483871,0.6,16,0.9375,1.0,0.967741935483871,0.6,16,1.0,1.0,1.0,1.0,15
14447,14,1.0,1.0,1.0,0.7142857142857143,14,1.0,1.0,1.0,0.7142857142857143,14,1.0,1.0,1.0,1.0,14
14167,14,0.9333333333333333,1.0,0.9655172413793104,0.7142857142857143,15,0.9333333333333333,1.0,0.9655172413793104,0.7142857142857143,15,1.0,1.0,1.0,1.0,14
14330,9,1.0,1.0,1.0,0.8888888888888888,9,1.0,1.0,1.0,0.8888888888888888,9,1.0,1.0,1.0,1.0,9
12750,6,0.8571428571428571,1.0,0.923076923076923,0.5,7,0.8571428571428571,1.0,0.923076923076923,0.5,7,1.0,1.0,1.0,1.0,6
14651,13,0.6842105263157895,1.0,0.8125000000000001,0.7692307692307693,19,0.6842105263157895,1.0,0.8125000000000001,0.7692307692307693,19,1.0,0.9230769230769231,0.9600000000000001,1.0,12
11467,11,1.0,1.0,1.0,0.8181818181818182,11,1.0,1.0,1.0,0.8181818181818182,11,1.0,1.0,1.0,1.0,11
15797,7,1.0,1.0,1.0,0.7142857142857143,7,1.0,1.0,1.0,0.7142857142857143,7,1.0,1.0,1.0,1.0,7
11490,8,1.0,1.0,1.0,0.625,8,1.0,1.0,1.0,0.625,8,1.0,1.0,1.0,1.0,8
11211,11,0.9166666666666666,1.0,0.9565217391304348,0.6363636363636364,12,0.9166666666666666,1.0,0.9565217391304348,0.6363636363636364,12,1.0,1.0,1.0,1.0,11
10431,7,0.6363636363636364,1.0,0.7777777777777778,0.5714285714285714,11,0.5833333333333334,1.0,0.7368421052631579,0.5714285714285714,12,1.0,1.0,1.0,1.0,7
5179,8,0.8888888888888888,1.0,0.9411764705882353,0.625,9,0.8888888888888888,1.0,0.9411764705882353,0.625,9,1.0,1.0,1.0,1.0,8
8090,6,0.8571428571428571,1.0,0.923076923076923,0.6666666666666666,7,0.8571428571428571,1.0,0.923076923076923,0.6666666666666666,7,1.0,1.0,1.0,1.0,6
6460,11,0.7857142857142857,1.0,0.88,0.6363636363636364,14,0.7857142857142857,1.0,0.88,0.6363636363636364,14,1.0,1.0,1.0,1.0,11
12321,7,0.7777777777777778,1.0,0.8750000000000001,0.5714285714285714,9,0.7777777777777778,1.0,0.8750000000000001,0.5714285714285714,9,1.0,1.0,1.0,1.0,7
15674,18,0.8571428571428571,1.0,0.923076923076923,0.9444444444444444,21,0.8571428571428571,1.0,0.923076923076923,0.9444444444444444,21,1.0,1.0,1.0,1.0,18
6321,10,1.0,1.0,1.0,0.6,10,1.0,1.0,1.0,0.6,10,1.0,1.0,1.0,1.0,10
12107,9,0.6923076923076923,1.0,0.8181818181818181,0.5555555555555556,13,0.6923076923076923,1.0,0.8181818181818181,0.5555555555555556,13,1.0,1.0,1.0,0.8888888888888888,9
7313,12,0.9230769230769231,1.0,0.9600000000000001,0.5833333333333334,13,0.9230769230769231,1.0,0.9600000000000001,0.5833333333333334,13,1.0,1.0,1.0,1.0,12
14945,10,1.0,1.0,1.0,0.7,10,1.0,1.0,1.0,0.7,10,1.0,1.0,1.0,1.0,10
10868,11,1.0,1.0,1.0,0.6363636363636364,11,1.0,1.0,1.0,0.6363636363636364,11,1.0,1.0,1.0,1.0,11
1511,12,0.9230769230769231,1.0,0.9600000000000001,0.6666666666666666,13,0.9230769230769231,1.0,0.9600000000000001,0.6666666666666666,13,1.0,1.0,1.0,1.0,12
13492,15,0.8823529411764706,1.0,0.9375,0.6666666666666666,17,0.8823529411764706,1.0,0.9375,0.6666666666666666,17,1.0,1.0,1.0,1.0,15
12459,11,1.0,1.0,1.0,0.7272727272727273,11,1.0,1.0,1.0,0.7272727272727273,11,1.0,1.0,1.0,1.0,11
16332,11,1.0,1.0,1.0,0.7272727272727273,11,1.0,1.0,1.0,0.7272727272727273,11,1.0,1.0,1.0,1.0,11
1727,7,0.875,1.0,0.9333333333333333,0.5714285714285714,8,0.875,1.0,0.9333333333333333,0.5714285714285714,8,1.0,1.0,1.0,1.0,7
15479,12,1.0,1.0,1.0,0.9166666666666666,12,1.0,1.0,1.0,0.9166666666666666,12,1.0,1.0,1.0,1.0,12
3645,12,0.75,1.0,0.8571428571428571,0.6666666666666666,16,0.75,1.0,0.8571428571428571,0.6666666666666666,16,1.0,1.0,1.0,1.0,12
959,10,1.0,1.0,1.0,0.7,10,1.0,1.0,1.0,0.7,10,1.0,1.0,1.0,1.0,10
7462,10,0.9090909090909091,1.0,0.9523809523809523,0.8,11,0.9090909090909091,1.0,0.9523809523809523,0.8,11,1.0,1.0,1.0,1.0,10
3685,12,0.75,1.0,0.8571428571428571,0.6666666666666666,16,0.75,1.0,0.8571428571428571,0.6666666666666666,16,1.0,1.0,1.0,1.0,12
367,12,1.0,1.0,1.0,0.6666666666666666,12,1.0,1.0,1.0,0.6666666666666666,12,1.0,1.0,1.0,1.0,12
2382,15,1.0,1.0,1.0,0.7333333333333333,15,1.0,1.0,1.0,0.7333333333333333,15,1.0,1.0,1.0,1.0,15
2441,13,0.8,0.9230769230769231,0.8571428571428571,0.5833333333333334,15,0.7647058823529411,1.0,0.8666666666666666,0.5384615384615384,17,1.0,0.9230769230769231,0.9600000000000001,1.0,12
13441,10,0.8333333333333334,1.0,0.9090909090909091,0.7,12,0.8333333333333334,1.0,0.9090909090909091,0.7,12,1.0,1.0,1.0,1.0,10
9187,8,1.0,1.0,1.0,0.625,8,1.0,1.0,1.0,0.625,8,1.0,1.0,1.0,1.0,8
12935,7,0.875,1.0,0.9333333333333333,0.7142857142857143,8,0.875,1.0,0.9333333333333333,0.7142857142857143,8,1.0,1.0,1.0,1.0,7
12279,11,1.0,1.0,1.0,0.8181818181818182,11,1.0,1.0,1.0,0.8181818181818182,11,1.0,1.0,1.0,1.0,11
6492,9,0.9,1.0,0.9473684210526316,0.7777777777777778,10,0.9,1.0,0.9473684210526316,0.7777777777777778,10,1.0,1.0,1.0,1.0,9
2504,10,1.0,1.0,1.0,0.6,10,1.0,1.0,1.0,0.6,10,1.0,1.0,1.0,1.0,10
2562,11,0.8461538461538461,1.0,0.9166666666666666,0.8181818181818182,13,0.8461538461538461,1.0,0.9166666666666666,0.8181818181818182,13,1.0,1.0,1.0,1.0,11
1978,17,1.0,1.0,1.0,0.8235294117647058,17,1.0,1.0,1.0,0.8235294117647058,17,1.0,1.0,1.0,1.0,17
9057,13,1.0,1.0,1.0,0.5384615384615384,13,1.0,1.0,1.0,0.5384615384615384,13,1.0,1.0,1.0,1.0,13
6659,12,1.0,1.0,1.0,0.5833333333333334,12,1.0,1.0,1.0,0.5833333333333334,12,1.0,1.0,1.0,1.0,12
6000,23,0.9583333333333334,1.0,0.9787234042553191,0.782608695652174,24,0.9583333333333334,1.0,0.9787234042553191,0.782608695652174,24,1.0,0.8260869565217391,0.9047619047619047,1.0,19
4877,10,1.0,1.0,1.0,1.0,10,1.0,1.0,1.0,1.0,10,1.0,1.0,1.0,1.0,10
2747,11,0.7857142857142857,1.0,0.88,0.7272727272727273,14,0.7857142857142857,1.0,0.88,0.7272727272727273,14,1.0,1.0,1.0,1.0,11
10655,13,0.9285714285714286,1.0,0.962962962962963,0.8461538461538461,14,0.9285714285714286,1.0,0.962962962962963,0.8461538461538461,14,1.0,1.0,1.0,1.0,13
7658,10,1.0,1.0,1.0,0.6,10,1.0,1.0,1.0,0.6,10,1.0,1.0,1.0,1.0,10
984,12,1.0,1.0,1.0,0.8333333333333334,12,1.0,1.0,1.0,0.8333333333333334,12,1.0,1.0,1.0,1.0,12
16859,8,1.0,1.0,1.0,0.625,8,1.0,1.0,1.0,0.625,8,1.0,1.0,1.0,1.0,8
2939,15,0.9375,1.0,0.967741935483871,0.7333333333333333,16,0.9375,1.0,0.967741935483871,0.7333333333333333,16,1.0,1.0,1.0,1.0,15
7700,10,0.8333333333333334,1.0,0.9090909090909091,0.7,12,0.8333333333333334,1.0,0.9090909090909091,0.7,12,1.0,1.0,1.0,1.0,10
13914,15,0.8823529411764706,1.0,0.9375,0.8,17,0.8823529411764706,1.0,0.9375,0.8,17,1.0,1.0,1.0,1.0,15
453,13,0.8125,1.0,0.896551724137931,0.6923076923076923,16,0.8125,1.0,0.896551724137931,0.6923076923076923,16,1.0,1.0,1.0,1.0,13
10192,7,1.0,1.0,1.0,0.42857142857142855,7,1.0,1.0,1.0,0.42857142857142855,7,1.0,1.0,1.0,1.0,7
9131,13,0.7222222222222222,1.0,0.8387096774193548,0.9230769230769231,18,0.7222222222222222,1.0,0.8387096774193548,0.9230769230769231,18,1.0,1.0,1.0,1.0,13
3420,13,0.9285714285714286,1.0,0.962962962962963,0.6923076923076923,14,0.9285714285714286,1.0,0.962962962962963,0.6923076923076923,14,1.0,1.0,1.0,1.0,13
3343,9,0.8888888888888888,0.8888888888888888,0.8888888888888888,0.625,9,0.8181818181818182,1.0,0.9,0.5555555555555556,11,1.0,0.8888888888888888,0.9411764705882353,1.0,8
2480,12,1.0,1.0,1.0,0.6666666666666666,12,1.0,1.0,1.0,0.6666666666666666,12,1.0,1.0,1.0,1.0,12
12006,10,0.9090909090909091,1.0,0.9523809523809523,0.6,11,0.9090909090909091,1.0,0.9523809523809523,0.6,11,1.0,1.0,1.0,1.0,10
3202,13,1.0,1.0,1.0,0.7692307692307693,13,1.0,1.0,1.0,0.7692307692307693,13,1.0,1.0,1.0,1.0,13
8661,14,1.0,1.0,1.0,0.7857142857142857,14,1.0,1.0,1.0,0.7857142857142857,14,1.0,1.0,1.0,1.0,14
10217,7,0.7,1.0,0.8235294117647058,0.7142857142857143,10,0.7,1.0,0.8235294117647058,0.7142857142857143,10,0.875,1.0,0.9333333333333333,1.0,8
3334,13,0.6842105263157895,1.0,0.8125000000000001,0.7692307692307693,19,0.6842105263157895,1.0,0.8125000000000001,0.7692307692307693,19,1.0,1.0,1.0,1.0,13
7758,11,1.0,1.0,1.0,0.5454545454545454,11,1.0,1.0,1.0,0.5454545454545454,11,1.0,1.0,1.0,1.0,11
7944,12,0.8,1.0,0.888888888888889,0.8333333333333334,15,0.8,1.0,0.888888888888889,0.8333333333333334,15,1.0,1.0,1.0,1.0,12
11152,7,1.0,1.0,1.0,0.7142857142857143,7,1.0,1.0,1.0,0.7142857142857143,7,1.0,1.0,1.0,1.0,7
9430,10,1.0,1.0,1.0,0.6,10,1.0,1.0,1.0,0.6,10,1.0,1.0,1.0,1.0,10
7563,9,0.8181818181818182,1.0,0.9,0.6666666666666666,11,0.8181818181818182,1.0,0.9,0.6666666666666666,11,1.0,1.0,1.0,1.0,9
7095,15,0.8823529411764706,1.0,0.9375,0.6666666666666666,17,0.8823529411764706,1.0,0.9375,0.6666666666666666,17,1.0,1.0,1.0,1.0,15
1761,16,0.8888888888888888,1.0,0.9411764705882353,0.8125,18,0.8888888888888888,1.0,0.9411764705882353,0.8125,18,1.0,1.0,1.0,1.0,16
12610,13,0.7647058823529411,1.0,0.8666666666666666,0.9230769230769231,17,0.7647058823529411,1.0,0.8666666666666666,0.9230769230769231,17,1.0,0.9230769230769231,0.9600000000000001,1.0,12
14580,22,0.8461538461538461,1.0,0.9166666666666666,0.7727272727272727,26,0.8461538461538461,1.0,0.9166666666666666,0.7727272727272727,26,1.0,1.0,1.0,1.0,22
1410,21,0.7777777777777778,1.0,0.8750000000000001,0.7619047619047619,27,0.7777777777777778,1.0,0.8750000000000001,0.7619047619047619,27,1.0,1.0,1.0,1.0,21
6195,6,0.6666666666666666,1.0,0.8,0.8333333333333334,9,0.6666666666666666,1.0,0.8,0.8333333333333334,9,1.0,1.0,1.0,1.0,6
16236,8,0.8,1.0,0.888888888888889,0.625,10,0.8,1.0,0.888888888888889,0.625,10,1.0,1.0,1.0,1.0,8
845,11,1.0,1.0,1.0,0.7272727272727273,11,1.0,1.0,1.0,0.7272727272727273,11,1.0,1.0,1.0,1.0,11
999,17,1.0,1.0,1.0,0.7058823529411765,17,1.0,1.0,1.0,0.7058823529411765,17,1.0,1.0,1.0,1.0,17
1962,16,0.8888888888888888,1.0,0.9411764705882353,0.6875,18,0.8888888888888888,1.0,0.9411764705882353,0.6875,18,1.0,1.0,1.0,1.0,16
4127,20,0.8695652173913043,1.0,0.9302325581395349,0.7,23,0.8695652173913043,1.0,0.9302325581395349,0.7,23,1.0,1.0,1.0,1.0,20
3968,13,0.8666666666666667,1.0,0.9285714285714286,0.7692307692307693,15,0.8666666666666667,1.0,0.9285714285714286,0.7692307692307693,15,1.0,1.0,1.0,1.0,13
6238,6,0.6666666666666666,1.0,0.8,0.6666666666666666,9,0.6666666666666666,1.0,0.8,0.6666666666666666,9,1.0,1.0,1.0,1.0,6
3117,13,1.0,1.0,1.0,0.6153846153846154,13,1.0,1.0,1.0,0.6153846153846154,13,1.0,1.0,1.0,1.0,13
2193,13,0.9285714285714286,1.0,0.962962962962963,0.7692307692307693,14,0.9285714285714286,1.0,0.962962962962963,0.7692307692307693,14,1.0,1.0,1.0,1.0,13
14461,5,0.8333333333333334,1.0,0.9090909090909091,0.8,6,0.8333333333333334,1.0,0.9090909090909091,0.8,6,1.0,1.0,1.0,1.0,5
14161,12,0.75,1.0,0.8571428571428571,0.75,16,0.75,1.0,0.8571428571428571,0.75,16,1.0,1.0,1.0,1.0,12
207,17,0.9444444444444444,1.0,0.9714285714285714,0.6470588235294118,18,0.9444444444444444,1.0,0.9714285714285714,0.6470588235294118,18,1.0,1.0,1.0,1.0,17
9770,15,0.8823529411764706,1.0,0.9375,0.7333333333333333,17,0.8823529411764706,1.0,0.9375,0.7333333333333333,17,1.0,1.0,1.0,1.0,15
12772,13,0.8666666666666667,1.0,0.9285714285714286,0.6153846153846154,15,0.8666666666666667,1.0,0.9285714285714286,0.6153846153846154,15,1.0,1.0,1.0,1.0,13
6479,9,1.0,1.0,1.0,0.8888888888888888,9,1.0,1.0,1.0,0.8888888888888888,9,1.0,1.0,1.0,1.0,9
9694,8,1.0,1.0,1.0,0.625,8,1.0,1.0,1.0,0.625,8,1.0,1.0,1.0,1.0,8
7561,15,0.9375,1.0,0.967741935483871,0.6666666666666666,16,0.9375,1.0,0.967741935483871,0.6666666666666666,16,1.0,1.0,1.0,1.0,15
7752,14,0.9333333333333333,1.0,0.9655172413793104,0.6428571428571429,15,0.9333333333333333,1.0,0.9655172413793104,0.6428571428571429,15,1.0,1.0,1.0,1.0,14
13932,9,0.9,1.0,0.9473684210526316,0.5555555555555556,10,0.9,1.0,0.9473684210526316,0.5555555555555556,10,1.0,1.0,1.0,1.0,9
13569,8,1.0,1.0,1.0,0.625,8,1.0,1.0,1.0,0.625,8,1.0,1.0,1.0,1.0,8
13964,17,0.9444444444444444,1.0,0.9714285714285714,0.9411764705882353,18,0.9444444444444444,1.0,0.9714285714285714,0.9411764705882353,18,1.0,1.0,1.0,1.0,17
14539,9,1.0,1.0,1.0,0.5555555555555556,9,1.0,1.0,1.0,0.5555555555555556,9,1.0,1.0,1.0,1.0,9
11007,7,0.875,1.0,0.9333333333333333,0.8571428571428571,8,0.875,1.0,0.9333333333333333,0.8571428571428571,8,1.0,1.0,1.0,1.0,7
16875,18,0.75,1.0,0.8571428571428571,0.8333333333333334,24,0.75,1.0,0.8571428571428571,0.8333333333333334,24,1.0,1.0,1.0,1.0,18
13439,12,0.4,1.0,0.5714285714285715,0.9166666666666666,30,0.3870967741935484,1.0,0.5581395348837209,0.9166666666666666,31,1.0,1.0,1.0,1.0,12
6139,13,0.8666666666666667,1.0,0.9285714285714286,0.8461538461538461,15,0.8666666666666667,1.0,0.9285714285714286,0.8461538461538461,15,1.0,1.0,1.0,1.0,13
6676,9,0.9,1.0,0.9473684210526316,0.5555555555555556,10,0.9,1.0,0.9473684210526316,0.5555555555555556,10,1.0,1.0,1.0,1.0,9
3283,8,1.0,1.0,1.0,0.625,8,1.0,1.0,1.0,0.625,8,1.0,1.0,1.0,1.0,8
14451,12,0.8571428571428571,1.0,0.923076923076923,0.5833333333333334,14,0.8571428571428571,1.0,0.923076923076923,0.5833333333333334,14,1.0,1.0,1.0,1.0,12
1254,17,0.85,1.0,0.9189189189189189,0.7647058823529411,20,0.85,1.0,0.9189189189189189,0.7647058823529411,20,1.0,1.0,1.0,1.0,17
1248,11,1.0,1.0,1.0,0.8181818181818182,11,1.0,1.0,1.0,0.8181818181818182,11,1.0,1.0,1.0,1.0,11
3220,11,1.0,1.0,1.0,0.7272727272727273,11,1.0,1.0,1.0,0.7272727272727273,11,1.0,1.0,1.0,1.0,11
1223,9,0.9,1.0,0.9473684210526316,0.7777777777777778,10,0.9,1.0,0.9473684210526316,0.7777777777777778,10,1.0,1.0,1.0,1.0,9
16645,6,0.75,1.0,0.8571428571428571,0.6666666666666666,8,0.75,1.0,0.8571428571428571,0.6666666666666666,8,1.0,1.0,1.0,1.0,6
6539,9,1.0,1.0,1.0,0.5555555555555556,9,1.0,1.0,1.0,0.5555555555555556,9,1.0,1.0,1.0,1.0,9
5625,10,0.9090909090909091,1.0,0.9523809523809523,0.7,11,0.9090909090909091,1.0,0.9523809523809523,0.7,11,1.0,1.0,1.0,1.0,10
2077,13,1.0,1.0,1.0,0.6153846153846154,13,1.0,1.0,1.0,0.6153846153846154,13,1.0,1.0,1.0,1.0,13
4151,13,1.0,1.0,1.0,0.7692307692307693,13,1.0,1.0,1.0,0.7692307692307693,13,1.0,1.0,1.0,1.0,13
331,14,0.9333333333333333,1.0,0.9655172413793104,0.5714285714285714,15,0.9333333333333333,1.0,0.9655172413793104,0.5714285714285714,15,1.0,1.0,1.0,1.0,14
16152,8,0.7272727272727273,1.0,0.8421052631578948,0.625,11,0.7272727272727273,1.0,0.8421052631578948,0.625,11,1.0,1.0,1.0,1.0,8
13661,7,0.7777777777777778,1.0,0.8750000000000001,0.5714285714285714,9,0.7777777777777778,1.0,0.8750000000000001,0.5714285714285714,9,1.0,1.0,1.0,1.0,7
15007,9,1.0,1.0,1.0,0.6666666666666666,9,1.0,1.0,1.0,0.6666666666666666,9,1.0,1.0,1.0,1.0,9
1397,20,0.8695652173913043,1.0,0.9302325581395349,0.7,23,0.8695652173913043,1.0,0.9302325581395349,0.7,23,1.0,1.0,1.0,1.0,20
62,19,0.95,1.0,0.9743589743589743,0.8947368421052632,20,0.95,1.0,0.9743589743589743,0.8947368421052632,20,1.0,0.9473684210526315,0.972972972972973,1.0,18
1968,20,1.0,1.0,1.0,0.7,20,1.0,1.0,1.0,0.7,20,1.0,1.0,1.0,1.0,20
153,22,0.9565217391304348,1.0,0.9777777777777777,0.9090909090909091,23,0.9565217391304348,1.0,0.9777777777777777,0.9090909090909091,23,1.0,1.0,1.0,1.0,22
5186,11,0.7333333333333333,1.0,0.846153846153846,0.7272727272727273,15,0.6875,1.0,0.8148148148148148,0.7272727272727273,16,1.0,1.0,1.0,1.0,11
9996,13,1.0,1.0,1.0,0.6923076923076923,13,1.0,1.0,1.0,0.6923076923076923,13,1.0,1.0,1.0,1.0,13
10564,16,0.9411764705882353,1.0,0.9696969696969697,0.6875,17,0.9411764705882353,1.0,0.9696969696969697,0.6875,17,1.0,1.0,1.0,1.0,16
8762,11,0.9166666666666666,1.0,0.9565217391304348,0.8181818181818182,12,0.9166666666666666,1.0,0.9565217391304348,0.8181818181818182,12,1.0,1.0,1.0,1.0,11
15398,8,1.0,1.0,1.0,0.625,8,1.0,1.0,1.0,0.625,8,1.0,1.0,1.0,1.0,8
15292,8,1.0,1.0,1.0,0.625,8,1.0,1.0,1.0,0.625,8,1.0,1.0,1.0,1.0,8
10798,8,0.7272727272727273,1.0,0.8421052631578948,0.625,11,0.7272727272727273,1.0,0.8421052631578948,0.625,11,1.0,1.0,1.0,1.0,8
15177,9,0.9,1.0,0.9473684210526316,0.6666666666666666,10,0.9,1.0,0.9473684210526316,0.6666666666666666,10,1.0,1.0,1.0,1.0,9
12788,16,0.8888888888888888,1.0,0.9411764705882353,0.5625,18,0.8888888888888888,1.0,0.9411764705882353,0.5625,18,1.0,1.0,1.0,1.0,16
10795,16,0.9411764705882353,1.0,0.9696969696969697,0.6875,17,0.9411764705882353,1.0,0.9696969696969697,0.6875,17,1.0,1.0,1.0,1.0,16
9907,9,0.8181818181818182,1.0,0.9,0.6666666666666666,11,0.8181818181818182,1.0,0.9,0.6666666666666666,11,1.0,1.0,1.0,1.0,9
13140,12,1.0,1.0,1.0,0.75,12,1.0,1.0,1.0,0.75,12,1.0,1.0,1.0,1.0,12
16451,8,0.8,1.0,0.888888888888889,0.625,10,0.8,1.0,0.888888888888889,0.625,10,1.0,1.0,1.0,1.0,8
11161,14,1.0,1.0,1.0,0.7857142857142857,14,1.0,1.0,1.0,0.7857142857142857,14,1.0,1.0,1.0,1.0,14
5907,9,1.0,1.0,1.0,0.6666666666666666,9,1.0,1.0,1.0,0.6666666666666666,9,1.0,1.0,1.0,1.0,9
3224,15,1.0,1.0,1.0,0.8666666666666667,15,1.0,1.0,1.0,0.8666666666666667,15,1.0,1.0,1.0,1.0,15
12082,13,0.6842105263157895,1.0,0.8125000000000001,0.6153846153846154,19,0.6842105263157895,1.0,0.8125000000000001,0.6153846153846154,19,1.0,1.0,1.0,1.0,13
14225,12,0.9230769230769231,1.0,0.9600000000000001,0.6666666666666666,13,0.9230769230769231,1.0,0.9600000000000001,0.6666666666666666,13,1.0,1.0,1.0,1.0,12
1306,16,0.8,1.0,0.888888888888889,0.75,20,0.8,1.0,0.888888888888889,0.75,20,1.0,1.0,1.0,1.0,16
15481,15,1.0,1.0,1.0,0.8,15,1.0,1.0,1.0,0.8,15,1.0,1.0,1.0,1.0,15
4487,17,1.0,1.0,1.0,0.6470588235294118,17,1.0,1.0,1.0,0.6470588235294118,17,1.0,1.0,1.0,1.0,17
15167,13,0.8125,1.0,0.896551724137931,0.6923076923076923,16,0.8125,1.0,0.896551724137931,0.6923076923076923,16,1.0,1.0,1.0,1.0,13
14273,8,1.0,1.0,1.0,0.75,8,1.0,1.0,1.0,0.75,8,1.0,1.0,1.0,1.0,8
413,9,0.9,1.0,0.9473684210526316,0.7777777777777778,10,0.9,1.0,0.9473684210526316,0.7777777777777778,10,1.0,1.0,1.0,1.0,9
12816,9,0.8181818181818182,1.0,0.9,0.8888888888888888,11,0.8181818181818182,1.0,0.9,0.8888888888888888,11,1.0,1.0,1.0,1.0,9
9483,10,0.9090909090909091,1.0,0.9523809523809523,0.9,11,0.9090909090909091,1.0,0.9523809523809523,0.9,11,1.0,1.0,1.0,1.0,10
4446,15,0.8333333333333334,1.0,0.9090909090909091,0.6666666666666666,18,0.8333333333333334,1.0,0.9090909090909091,0.6666666666666666,18,1.0,1.0,1.0,1.0,15
2612,14,1.0,1.0,1.0,0.8571428571428571,14,1.0,1.0,1.0,0.8571428571428571,14,1.0,1.0,1.0,1.0,14
15698,11,0.8461538461538461,1.0,0.9166666666666666,0.7272727272727273,13,0.8461538461538461,1.0,0.9166666666666666,0.7272727272727273,13,1.0,1.0,1.0,1.0,11
14390,9,1.0,1.0,1.0,0.8888888888888888,9,1.0,1.0,1.0,0.8888888888888888,9,1.0,1.0,1.0,1.0,9
7182,11,1.0,1.0,1.0,0.7272727272727273,11,1.0,1.0,1.0,0.7272727272727273,11,1.0,1.0,1.0,1.0,11
967,13,0.9285714285714286,1.0,0.962962962962963,0.6923076923076923,14,0.9285714285714286,1.0,0.962962962962963,0.7692307692307693,14,1.0,1.0,1.0,1.0,13
8000,9,1.0,1.0,1.0,0.5555555555555556,9,1.0,1.0,1.0,0.5555555555555556,9,1.0,1.0,1.0,1.0,9
12044,7,0.7777777777777778,1.0,0.8750000000000001,0.8571428571428571,9,0.7777777777777778,1.0,0.8750000000000001,0.8571428571428571,9,1.0,1.0,1.0,1.0,7
14801,15,0.9375,1.0,0.967741935483871,0.9333333333333333,16,0.9375,1.0,0.967741935483871,0.9333333333333333,16,1.0,1.0,1.0,1.0,15
13705,10,1.0,1.0,1.0,0.7,10,1.0,1.0,1.0,0.7,10,1.0,1.0,1.0,1.0,10
6710,14,0.9333333333333333,1.0,0.9655172413793104,0.5714285714285714,15,0.9333333333333333,1.0,0.9655172413793104,0.5714285714285714,15,1.0,1.0,1.0,1.0,14
8102,11,0.9166666666666666,1.0,0.9565217391304348,0.6363636363636364,12,0.9166666666666666,1.0,0.9565217391304348,0.6363636363636364,12,1.0,1.0,1.0,1.0,11
8013,13,0.8666666666666667,1.0,0.9285714285714286,0.5384615384615384,15,0.8666666666666667,1.0,0.9285714285714286,0.5384615384615384,15,1.0,1.0,1.0,1.0,13
5163,12,0.9230769230769231,1.0,0.9600000000000001,0.75,13,0.8571428571428571,1.0,0.923076923076923,0.75,14,1.0,0.8333333333333334,0.9090909090909091,1.0,10
11045,11,1.0,1.0,1.0,0.5454545454545454,11,1.0,1.0,1.0,0.5454545454545454,11,1.0,1.0,1.0,1.0,11
1651,17,1.0,1.0,1.0,0.8823529411764706,17,1.0,1.0,1.0,0.8823529411764706,17,1.0,1.0,1.0,1.0,17
12227,10,0.9090909090909091,1.0,0.9523809523809523,0.5,11,0.9090909090909091,1.0,0.9523809523809523,0.5,11,1.0,1.0,1.0,1.0,10
6925,9,0.9,1.0,0.9473684210526316,0.6666666666666666,10,0.9,1.0,0.9473684210526316,0.6666666666666666,10,1.0,1.0,1.0,1.0,9
8518,10,0.9090909090909091,1.0,0.9523809523809523,0.6,11,0.9090909090909091,1.0,0.9523809523809523,0.6,11,1.0,1.0,1.0,1.0,10
8943,13,0.8666666666666667,1.0,0.9285714285714286,0.7692307692307693,15,0.8666666666666667,1.0,0.9285714285714286,0.7692307692307693,15,1.0,1.0,1.0,1.0,13
681,13,0.8125,1.0,0.896551724137931,0.6923076923076923,16,0.8125,1.0,0.896551724137931,0.7692307692307693,16,1.0,1.0,1.0,1.0,13
10651,6,0.8571428571428571,1.0,0.923076923076923,1.0,7,0.8571428571428571,1.0,0.923076923076923,1.0,7,1.0,1.0,1.0,1.0,6
6974,12,1.0,1.0,1.0,0.75,12,1.0,1.0,1.0,0.75,12,1.0,1.0,1.0,1.0,12
7998,8,0.6666666666666666,1.0,0.8,0.75,12,0.6666666666666666,1.0,0.8,0.75,12,1.0,1.0,1.0,1.0,8
8474,11,0.8461538461538461,1.0,0.9166666666666666,0.7272727272727273,13,0.8461538461538461,1.0,0.9166666666666666,0.7272727272727273,13,1.0,1.0,1.0,1.0,11
952,9,0.8181818181818182,1.0,0.9,0.5555555555555556,11,0.8181818181818182,1.0,0.9,0.5555555555555556,11,1.0,1.0,1.0,1.0,9
3217,9,0.9,1.0,0.9473684210526316,0.8888888888888888,10,0.9,1.0,0.9473684210526316,0.8888888888888888,10,1.0,1.0,1.0,1.0,9
1931,15,1.0,1.0,1.0,0.8666666666666667,15,1.0,1.0,1.0,0.8666666666666667,15,1.0,1.0,1.0,1.0,15
16435,10,1.0,1.0,1.0,0.7,10,1.0,1.0,1.0,0.7,10,1.0,1.0,1.0,1.0,10
9148,15,0.7894736842105263,1.0,0.8823529411764706,0.8666666666666667,19,0.7894736842105263,1.0,0.8823529411764706,0.8666666666666667,19,1.0,1.0,1.0,1.0,15
4238,9,1.0,1.0,1.0,0.6666666666666666,9,1.0,1.0,1.0,0.6666666666666666,9,1.0,1.0,1.0,1.0,9
9579,11,0.9166666666666666,1.0,0.9565217391304348,0.7272727272727273,12,0.9166666666666666,1.0,0.9565217391304348,0.7272727272727273,12,1.0,1.0,1.0,1.0,11
13228,6,0.75,1.0,0.8571428571428571,0.6666666666666666,8,0.75,1.0,0.8571428571428571,0.6666666666666666,8,1.0,1.0,1.0,1.0,6
9998,13,0.6190476190476191,1.0,0.7647058823529412,0.8461538461538461,21,0.6190476190476191,1.0,0.7647058823529412,0.8461538461538461,21,1.0,1.0,1.0,1.0,13
10944,9,0.5625,1.0,0.72,0.5555555555555556,16,0.5625,1.0,0.72,0.5555555555555556,16,1.0,0.6666666666666666,0.8,1.0,6
14256,8,1.0,1.0,1.0,0.75,8,1.0,1.0,1.0,0.75,8,1.0,1.0,1.0,1.0,8
15501,12,1.0,1.0,1.0,0.6666666666666666,12,1.0,1.0,1.0,0.6666666666666666,12,1.0,1.0,1.0,1.0,12
16309,6,1.0,1.0,1.0,0.6666666666666666,6,1.0,1.0,1.0,0.6666666666666666,6,1.0,1.0,1.0,1.0,6
5069,9,1.0,1.0,1.0,0.6666666666666666,9,1.0,1.0,1.0,0.6666666666666666,9,1.0,1.0,1.0,1.0,9
15680,19,0.76,1.0,0.8636363636363636,0.6842105263157895,25,0.76,1.0,0.8636363636363636,0.6842105263157895,25,0.9473684210526315,0.9473684210526315,0.9473684210526315,1.0,19
14141,14,0.8235294117647058,1.0,0.9032258064516129,0.8571428571428571,17,0.8235294117647058,1.0,0.9032258064516129,0.8571428571428571,17,1.0,1.0,1.0,1.0,14
10462,9,0.8181818181818182,1.0,0.9,0.7777777777777778,11,0.8181818181818182,1.0,0.9,0.7777777777777778,11,1.0,1.0,1.0,1.0,9
11273,8,0.8,1.0,0.888888888888889,0.875,10,0.8,1.0,0.888888888888889,0.875,10,1.0,1.0,1.0,1.0,8
16212,17,0.85,1.0,0.9189189189189189,0.7647058823529411,20,0.85,1.0,0.9189189189189189,0.7647058823529411,20,1.0,0.9411764705882353,0.9696969696969697,1.0,16
13477,11,1.0,1.0,1.0,0.5454545454545454,11,1.0,1.0,1.0,0.5454545454545454,11,1.0,1.0,1.0,1.0,11
1446,16,0.9411764705882353,1.0,0.9696969696969697,0.6875,17,0.9411764705882353,1.0,0.9696969696969697,0.6875,17,1.0,1.0,1.0,1.0,16
15480,18,1.0,1.0,1.0,0.9444444444444444,18,1.0,1.0,1.0,0.9444444444444444,18,1.0,1.0,1.0,1.0,18
10274,17,0.85,1.0,0.9189189189189189,0.7647058823529411,20,0.85,1.0,0.9189189189189189,0.7647058823529411,20,1.0,1.0,1.0,1.0,17
5,12,0.8,1.0,0.888888888888889,0.5833333333333334,15,0.8,1.0,0.888888888888889,0.5833333333333334,15,1.0,1.0,1.0,1.0,12
9288,15,0.8333333333333334,1.0,0.9090909090909091,0.6666666666666666,18,0.8333333333333334,1.0,0.9090909090909091,0.6666666666666666,18,1.0,1.0,1.0,1.0,15
14420,12,1.0,1.0,1.0,0.5833333333333334,12,1.0,1.0,1.0,0.5833333333333334,12,1.0,1.0,1.0,1.0,12
11370,12,0.7058823529411765,1.0,0.8275862068965517,0.9166666666666666,17,0.7058823529411765,1.0,0.8275862068965517,0.9166666666666666,17,1.0,1.0,1.0,1.0,12
9672,13,0.7647058823529411,1.0,0.8666666666666666,0.7692307692307693,17,0.7647058823529411,1.0,0.8666666666666666,0.7692307692307693,17,1.0,1.0,1.0,1.0,13
14711,9,0.9,1.0,0.9473684210526316,0.5555555555555556,10,0.9,1.0,0.9473684210526316,0.5555555555555556,10,1.0,1.0,1.0,1.0,9
6786,13,1.0,1.0,1.0,0.6923076923076923,13,1.0,1.0,1.0,0.6923076923076923,13,1.0,1.0,1.0,1.0,13
2598,17,0.85,1.0,0.9189189189189189,0.6470588235294118,20,0.85,1.0,0.9189189189189189,0.6470588235294118,20,1.0,1.0,1.0,1.0,17
13383,10,0.8333333333333334,1.0,0.9090909090909091,0.6,12,0.8333333333333334,1.0,0.9090909090909091,0.6,12,1.0,1.0,1.0,1.0,10
12695,10,1.0,1.0,1.0,0.7,10,1.0,1.0,1.0,0.7,10,1.0,1.0,1.0,1.0,10
14838,15,1.0,1.0,1.0,0.7333333333333333,15,1.0,1.0,1.0,0.7333333333333333,15,1.0,1.0,1.0,1.0,15
3261,19,1.0,1.0,1.0,0.7368421052631579,19,1.0,1.0,1.0,0.7368421052631579,19,1.0,1.0,1.0,1.0,19
14864,16,0.9411764705882353,1.0,0.9696969696969697,0.8125,17,0.9411764705882353,1.0,0.9696969696969697,0.8125,17,1.0,1.0,1.0,1.0,16
13904,17,0.85,1.0,0.9189189189189189,0.7647058823529411,20,0.85,1.0,0.9189189189189189,0.7647058823529411,20,1.0,1.0,1.0,1.0,17
1570,14,0.8235294117647058,1.0,0.9032258064516129,0.8571428571428571,17,0.8235294117647058,1.0,0.9032258064516129,0.8571428571428571,17,1.0,1.0,1.0,1.0,14
10357,16,0.8,1.0,0.888888888888889,0.625,20,0.8,1.0,0.888888888888889,0.625,20,1.0,1.0,1.0,1.0,16
138,13,0.6190476190476191,1.0,0.7647058823529412,0.6153846153846154,21,0.6190476190476191,1.0,0.7647058823529412,0.6923076923076923,21,1.0,0.9230769230769231,0.9600000000000001,1.0,12
5804,7,0.7777777777777778,1.0,0.8750000000000001,0.5714285714285714,9,0.7777777777777778,1.0,0.8750000000000001,0.5714285714285714,9,1.0,1.0,1.0,1.0,7
6645,8,1.0,1.0,1.0,0.625,8,1.0,1.0,1.0,0.625,8,1.0,1.0,1.0,1.0,8
5507,8,1.0,1.0,1.0,0.625,8,1.0,1.0,1.0,0.625,8,1.0,1.0,1.0,1.0,8
5178,12,0.6666666666666666,1.0,0.8,0.6666666666666666,18,0.6666666666666666,1.0,0.8,0.6666666666666666,18,1.0,1.0,1.0,1.0,12
16934,11,0.9166666666666666,1.0,0.9565217391304348,0.7272727272727273,12,0.9166666666666666,1.0,0.9565217391304348,0.7272727272727273,12,1.0,1.0,1.0,1.0,11
9373,8,1.0,1.0,1.0,0.625,8,1.0,1.0,1.0,0.625,8,1.0,1.0,1.0,1.0,8
4473,12,0.8,1.0,0.888888888888889,0.75,15,0.8,1.0,0.888888888888889,0.75,15,1.0,1.0,1.0,1.0,12
11429,10,0.8333333333333334,1.0,0.9090909090909091,0.6,12,0.8333333333333334,1.0,0.9090909090909091,0.6,12,1.0,1.0,1.0,1.0,10
2994,15,0.9375,1.0,0.967741935483871,0.6666666666666666,16,0.9375,1.0,0.967741935483871,0.6666666666666666,16,1.0,1.0,1.0,1.0,15
7575,12,0.9166666666666666,0.9166666666666666,0.9166666666666666,0.7272727272727273,12,0.8,1.0,0.888888888888889,0.75,15,1.0,0.9166666666666666,0.9565217391304348,1.0,11
9715,11,0.7857142857142857,1.0,0.88,0.6363636363636364,14,0.7857142857142857,1.0,0.88,0.6363636363636364,14,1.0,1.0,1.0,1.0,11
10138,10,1.0,1.0,1.0,0.5,10,1.0,1.0,1.0,0.5,10,1.0,1.0,1.0,1.0,10
10912,12,1.0,1.0,1.0,0.75,12,1.0,1.0,1.0,0.75,12,1.0,1.0,1.0,1.0,12
1000,19,0.95,1.0,0.9743589743589743,0.6842105263157895,20,0.95,1.0,0.9743589743589743,0.6842105263157895,20,1.0,1.0,1.0,1.0,19
9444,11,1.0,1.0,1.0,0.8181818181818182,11,1.0,1.0,1.0,0.8181818181818182,11,1.0,1.0,1.0,1.0,11
5162,7,1.0,1.0,1.0,0.8571428571428571,7,1.0,1.0,1.0,0.8571428571428571,7,1.0,1.0,1.0,1.0,7
12888,12,0.8571428571428571,1.0,0.923076923076923,0.6666666666666666,14,0.8571428571428571,1.0,0.923076923076923,0.6666666666666666,14,1.0,1.0,1.0,1.0,12
5043,7,0.7777777777777778,1.0,0.8750000000000001,0.7142857142857143,9,0.7777777777777778,1.0,0.8750000000000001,0.7142857142857143,9,1.0,1.0,1.0,1.0,7
12942,12,0.8,1.0,0.888888888888889,0.6666666666666666,15,0.8,1.0,0.888888888888889,0.6666666666666666,15,1.0,1.0,1.0,1.0,12
2312,10,0.9090909090909091,1.0,0.9523809523809523,0.6,11,0.9090909090909091,1.0,0.9523809523809523,0.6,11,1.0,1.0,1.0,1.0,10
10023,10,0.8333333333333334,1.0,0.9090909090909091,0.6,12,0.8333333333333334,1.0,0.9090909090909091,0.6,12,1.0,1.0,1.0,1.0,10
774,9,1.0,1.0,1.0,0.5555555555555556,9,1.0,1.0,1.0,0.5555555555555556,9,1.0,1.0,1.0,1.0,9
864,16,0.8888888888888888,1.0,0.9411764705882353,0.75,18,0.8888888888888888,1.0,0.9411764705882353,0.75,18,1.0,1.0,1.0,1.0,16
9462,11,0.9166666666666666,1.0,0.9565217391304348,0.6363636363636364,12,0.9166666666666666,1.0,0.9565217391304348,0.6363636363636364,12,1.0,1.0,1.0,1.0,11
8048,8,1.0,1.0,1.0,0.75,8,1.0,1.0,1.0,0.75,8,1.0,1.0,1.0,1.0,8
1073,15,0.8823529411764706,1.0,0.9375,0.8,17,0.8823529411764706,1.0,0.9375,0.8,17,1.0,1.0,1.0,1.0,15
7371,33,0.8461538461538461,1.0,0.9166666666666666,0.8484848484848485,39,0.8461538461538461,1.0,0.9166666666666666,0.8484848484848485,39,1.0,0.9696969696969697,0.9846153846153847,1.0,32
12222,14,0.8235294117647058,1.0,0.9032258064516129,0.7857142857142857,17,0.8235294117647058,1.0,0.9032258064516129,0.7857142857142857,17,1.0,1.0,1.0,1.0,14
13486,15,0.7894736842105263,1.0,0.8823529411764706,0.7333333333333333,19,0.7894736842105263,1.0,0.8823529411764706,0.7333333333333333,19,1.0,1.0,1.0,1.0,15
13164,10,1.0,1.0,1.0,0.8,10,1.0,1.0,1.0,0.8,10,1.0,1.0,1.0,1.0,10
3796,13,0.9285714285714286,1.0,0.962962962962963,0.7692307692307693,14,0.9285714285714286,1.0,0.962962962962963,0.7692307692307693,14,1.0,1.0,1.0,1.0,13
3339,16,0.8,1.0,0.888888888888889,0.875,20,0.8,1.0,0.888888888888889,0.875,20,1.0,1.0,1.0,1.0,16
13681,6,0.8571428571428571,1.0,0.923076923076923,0.6666666666666666,7,0.8571428571428571,1.0,0.923076923076923,0.6666666666666666,7,1.0,1.0,1.0,1.0,6
8404,6,0.75,1.0,0.8571428571428571,0.6666666666666666,8,0.75,1.0,0.8571428571428571,0.6666666666666666,8,1.0,1.0,1.0,1.0,6
11431,15,0.6521739130434783,1.0,0.7894736842105263,0.8,23,0.6521739130434783,1.0,0.7894736842105263,0.8,23,1.0,1.0,1.0,1.0,15
2831,14,0.9333333333333333,1.0,0.9655172413793104,0.5714285714285714,15,0.9333333333333333,1.0,0.9655172413793104,0.5714285714285714,15,1.0,1.0,1.0,1.0,14
1537,11,0.8461538461538461,1.0,0.9166666666666666,0.7272727272727273,13,0.8461538461538461,1.0,0.9166666666666666,0.7272727272727273,13,1.0,1.0,1.0,1.0,11
5534,5,0.8333333333333334,1.0,0.9090909090909091,0.6,6,0.8333333333333334,1.0,0.9090909090909091,0.6,6,1.0,1.0,1.0,1.0,5
8410,9,1.0,1.0,1.0,0.5555555555555556,9,1.0,1.0,1.0,0.5555555555555556,9,1.0,1.0,1.0,1.0,9
1712,9,1.0,1.0,1.0,0.5555555555555556,9,1.0,1.0,1.0,0.5555555555555556,9,1.0,1.0,1.0,1.0,9
6474,7,1.0,1.0,1.0,0.7142857142857143,7,1.0,1.0,1.0,0.7142857142857143,7,1.0,1.0,1.0,1.0,7
2163,10,1.0,1.0,1.0,0.7,10,1.0,1.0,1.0,0.7,10,1.0,1.0,1.0,1.0,10
13375,7,1.0,1.0,1.0,0.42857142857142855,7,1.0,1.0,1.0,0.42857142857142855,7,1.0,1.0,1.0,1.0,7
5238,10,1.0,1.0,1.0,0.7,10,1.0,1.0,1.0,0.7,10,1.0,1.0,1.0,1.0,10
16183,8,1.0,1.0,1.0,0.625,8,1.0,1.0,1.0,0.625,8,1.0,1.0,1.0,1.0,8
15387,8,1.0,1.0,1.0,0.625,8,1.0,1.0,1.0,0.625,8,1.0,1.0,1.0,1.0,8
4531,18,0.5625,1.0,0.72,0.6666666666666666,32,0.5294117647058824,1.0,0.6923076923076924,0.6666666666666666,34,1.0,0.8888888888888888,0.9411764705882353,1.0,16
12625,9,0.9,1.0,0.9473684210526316,0.6666666666666666,10,0.9,1.0,0.9473684210526316,0.6666666666666666,10,1.0,1.0,1.0,1.0,9
13610,8,0.8,1.0,0.888888888888889,0.75,10,0.8,1.0,0.888888888888889,0.75,10,1.0,1.0,1.0,1.0,8
5409,11,0.8461538461538461,1.0,0.9166666666666666,0.9090909090909091,13,0.8461538461538461,1.0,0.9166666666666666,0.9090909090909091,13,1.0,1.0,1.0,1.0,11
15819,6,1.0,1.0,1.0,0.5,6,1.0,1.0,1.0,0.5,6,1.0,1.0,1.0,1.0,6
13244,10,1.0,1.0,1.0,0.8,10,1.0,1.0,1.0,0.8,10,1.0,1.0,1.0,1.0,10
16111,6,1.0,1.0,1.0,0.6666666666666666,6,1.0,1.0,1.0,0.6666666666666666,6,1.0,1.0,1.0,1.0,6
16351,8,1.0,1.0,1.0,0.875,8,1.0,1.0,1.0,0.875,8,1.0,1.0,1.0,1.0,8
11384,8,0.8888888888888888,1.0,0.9411764705882353,0.875,9,0.8888888888888888,1.0,0.9411764705882353,0.875,9,1.0,1.0,1.0,1.0,8
1399,9,1.0,1.0,1.0,0.7777777777777778,9,1.0,1.0,1.0,0.7777777777777778,9,1.0,1.0,1.0,1.0,9
12479,9,0.9,1.0,0.9473684210526316,0.7777777777777778,10,0.9,1.0,0.9473684210526316,0.8888888888888888,10,0.9,1.0,0.9473684210526316,1.0,10
5885,14,0.7368421052631579,1.0,0.8484848484848484,0.6428571428571429,19,0.7368421052631579,1.0,0.8484848484848484,0.6428571428571429,19,1.0,1.0,1.0,1.0,14
8650,13,0.8125,1.0,0.896551724137931,0.7692307692307693,16,0.8125,1.0,0.896551724137931,0.7692307692307693,16,1.0,1.0,1.0,1.0,13
2031,14,1.0,1.0,1.0,0.7857142857142857,14,1.0,1.0,1.0,0.7857142857142857,14,1.0,1.0,1.0,1.0,14
16138,10,1.0,1.0,1.0,0.8,10,1.0,1.0,1.0,0.8,10,1.0,1.0,1.0,1.0,10
11503,8,1.0,1.0,1.0,0.75,8,1.0,1.0,1.0,0.75,8,1.0,1.0,1.0,1.0,8
5705,14,1.0,1.0,1.0,0.6428571428571429,14,1.0,1.0,1.0,0.6428571428571429,14,1.0,1.0,1.0,1.0,14
3249,13,0.8666666666666667,1.0,0.9285714285714286,0.8461538461538461,15,0.8666666666666667,1.0,0.9285714285714286,0.8461538461538461,15,1.0,1.0,1.0,1.0,13
3440,10,0.8333333333333334,1.0,0.9090909090909091,0.7,12,0.8333333333333334,1.0,0.9090909090909091,0.7,12,1.0,1.0,1.0,1.0,10
9777,15,1.0,1.0,1.0,0.5333333333333333,15,1.0,1.0,1.0,0.5333333333333333,15,1.0,1.0,1.0,1.0,15
8443,19,0.95,1.0,0.9743589743589743,0.7368421052631579,20,0.95,1.0,0.9743589743589743,0.7368421052631579,20,1.0,1.0,1.0,1.0,19
11862,16,0.9411764705882353,1.0,0.9696969696969697,0.6875,17,0.9411764705882353,1.0,0.9696969696969697,0.75,17,1.0,1.0,1.0,1.0,16
11782,7,0.875,1.0,0.9333333333333333,0.7142857142857143,8,0.875,1.0,0.9333333333333333,0.7142857142857143,8,1.0,1.0,1.0,1.0,7
14677,9,1.0,1.0,1.0,0.6666666666666666,9,1.0,1.0,1.0,0.6666666666666666,9,1.0,1.0,1.0,1.0,9
8828,8,1.0,1.0,1.0,0.625,8,1.0,1.0,1.0,0.625,8,1.0,1.0,1.0,1.0,8
4691,13,0.8666666666666667,1.0,0.9285714285714286,0.6923076923076923,15,0.8666666666666667,1.0,0.9285714285714286,0.6923076923076923,15,1.0,1.0,1.0,1.0,13
8895,10,1.0,1.0,1.0,0.6,10,1.0,1.0,1.0,0.6,10,1.0,1.0,1.0,1.0,10
9257,16,0.9411764705882353,1.0,0.9696969696969697,0.75,17,0.9411764705882353,1.0,0.9696969696969697,0.75,17,1.0,1.0,1.0,1.0,16
2309,9,1.0,1.0,1.0,0.7777777777777778,9,1.0,1.0,1.0,0.7777777777777778,9,1.0,1.0,1.0,1.0,9
9311,7,1.0,1.0,1.0,0.5714285714285714,7,1.0,1.0,1.0,0.5714285714285714,7,1.0,1.0,1.0,1.0,7
10783,8,0.7272727272727273,1.0,0.8421052631578948,0.75,11,0.7272727272727273,1.0,0.8421052631578948,0.75,11,1.0,1.0,1.0,1.0,8
2748,8,1.0,1.0,1.0,0.75,8,1.0,1.0,1.0,0.75,8,1.0,1.0,1.0,1.0,8
15944,13,1.0,1.0,1.0,0.6153846153846154,13,1.0,1.0,1.0,0.6153846153846154,13,1.0,1.0,1.0,1.0,13
7507,11,0.7857142857142857,1.0,0.88,0.7272727272727273,14,0.7857142857142857,1.0,0.88,0.7272727272727273,14,1.0,1.0,1.0,1.0,11
4146,9,0.9,1.0,0.9473684210526316,0.6666666666666666,10,0.9,1.0,0.9473684210526316,0.6666666666666666,10,1.0,1.0,1.0,1.0,9
16300,9,1.0,1.0,1.0,0.6666666666666666,9,1.0,1.0,1.0,0.6666666666666666,9,1.0,1.0,1.0,1.0,9
11078,13,0.8666666666666667,1.0,0.9285714285714286,0.6153846153846154,15,0.8666666666666667,1.0,0.9285714285714286,0.6153846153846154,15,1.0,1.0,1.0,1.0,13
16683,9,1.0,1.0,1.0,0.7777777777777778,9,1.0,1.0,1.0,0.7777777777777778,9,1.0,1.0,1.0,1.0,9
16372,14,0.7,1.0,0.8235294117647058,0.7142857142857143,20,0.7,1.0,0.8235294117647058,0.7142857142857143,20,1.0,1.0,1.0,1.0,14
396,13,0.8125,1.0,0.896551724137931,0.5384615384615384,16,0.8125,1.0,0.896551724137931,0.5384615384615384,16,1.0,1.0,1.0,1.0,13
6716,10,1.0,1.0,1.0,0.7,10,1.0,1.0,1.0,0.7,10,1.0,1.0,1.0,1.0,10
4067,11,1.0,1.0,1.0,0.9090909090909091,11,1.0,1.0,1.0,0.9090909090909091,11,1.0,1.0,1.0,1.0,11
11038,2,0.6666666666666666,1.0,0.8,0.5,3,0.6666666666666666,1.0,0.8,0.5,3,1.0,1.0,1.0,1.0,2
8454,8,0.7272727272727273,1.0,0.8421052631578948,0.5,11,0.7272727272727273,1.0,0.8421052631578948,0.5,11,1.0,1.0,1.0,1.0,8
14404,8,1.0,1.0,1.0,0.625,8,1.0,1.0,1.0,0.625,8,1.0,1.0,1.0,1.0,8
5628,11,0.8461538461538461,1.0,0.9166666666666666,0.5454545454545454,13,0.8461538461538461,1.0,0.9166666666666666,0.5454545454545454,13,1.0,1.0,1.0,1.0,11
1810,6,0.8571428571428571,1.0,0.923076923076923,0.8333333333333334,7,0.8571428571428571,1.0,0.923076923076923,0.8333333333333334,7,1.0,1.0,1.0,1.0,6
14190,11,0.8461538461538461,1.0,0.9166666666666666,0.7272727272727273,13,0.8461538461538461,1.0,0.9166666666666666,0.7272727272727273,13,1.0,1.0,1.0,1.0,11
230,10,0.8333333333333334,1.0,0.9090909090909091,0.7,12,0.8333333333333334,1.0,0.9090909090909091,0.7,12,1.0,1.0,1.0,1.0,10
5161,10,1.0,1.0,1.0,0.7,10,1.0,1.0,1.0,0.7,10,1.0,1.0,1.0,1.0,10
15619,9,0.9,1.0,0.9473684210526316,0.5555555555555556,10,0.9,1.0,0.9473684210526316,0.5555555555555556,10,1.0,0.8888888888888888,0.9411764705882353,1.0,8
1888,9,0.9,1.0,0.9473684210526316,0.7777777777777778,10,0.9,1.0,0.9473684210526316,0.7777777777777778,10,1.0,1.0,1.0,1.0,9
1961,15,0.9375,1.0,0.967741935483871,0.8,16,0.9375,1.0,0.967741935483871,0.8,16,1.0,1.0,1.0,1.0,15
4538,18,0.9,1.0,0.9473684210526316,0.7222222222222222,20,0.9,1.0,0.9473684210526316,0.7222222222222222,20,1.0,0.9444444444444444,0.9714285714285714,1.0,17
3313,8,0.7272727272727273,1.0,0.8421052631578948,0.625,11,0.7272727272727273,1.0,0.8421052631578948,0.625,11,1.0,1.0,1.0,1.0,8
8691,22,0.9166666666666666,1.0,0.9565217391304348,0.8181818181818182,24,0.9166666666666666,1.0,0.9565217391304348,0.8181818181818182,24,1.0,1.0,1.0,1.0,22
4889,13,0.9285714285714286,1.0,0.962962962962963,0.7692307692307693,14,0.9285714285714286,1.0,0.962962962962963,0.7692307692307693,14,1.0,1.0,1.0,1.0,13
2040,16,0.8421052631578947,1.0,0.9142857142857143,0.8125,19,0.8421052631578947,1.0,0.9142857142857143,0.8125,19,1.0,1.0,1.0,1.0,16
14382,23,0.9583333333333334,1.0,0.9787234042553191,0.7391304347826086,24,0.9583333333333334,1.0,0.9787234042553191,0.7391304347826086,24,1.0,1.0,1.0,1.0,23
1021,17,0.8095238095238095,1.0,0.8947368421052632,0.7647058823529411,21,0.8095238095238095,1.0,0.8947368421052632,0.7647058823529411,21,1.0,1.0,1.0,1.0,17
14535,17,1.0,1.0,1.0,0.6470588235294118,17,1.0,1.0,1.0,0.6470588235294118,17,1.0,1.0,1.0,1.0,17
1740,14,0.875,1.0,0.9333333333333333,0.6428571428571429,16,0.875,1.0,0.9333333333333333,0.6428571428571429,16,1.0,1.0,1.0,1.0,14
4507,15,0.9375,1.0,0.967741935483871,0.6,16,0.9375,1.0,0.967741935483871,0.6,16,1.0,1.0,1.0,1.0,15
5494,13,0.9285714285714286,1.0,0.962962962962963,0.6153846153846154,14,0.9285714285714286,1.0,0.962962962962963,0.6153846153846154,14,1.0,1.0,1.0,1.0,13
5251,7,1.0,1.0,1.0,0.42857142857142855,7,1.0,1.0,1.0,0.42857142857142855,7,1.0,1.0,1.0,1.0,7
10869,14,1.0,1.0,1.0,0.5714285714285714,14,1.0,1.0,1.0,0.5714285714285714,14,1.0,1.0,1.0,1.0,14
2453,14,0.7368421052631579,1.0,0.8484848484848484,0.6428571428571429,19,0.7368421052631579,1.0,0.8484848484848484,0.6428571428571429,19,1.0,1.0,1.0,1.0,14
6877,11,0.7857142857142857,1.0,0.88,0.6363636363636364,14,0.7857142857142857,1.0,0.88,0.6363636363636364,14,1.0,1.0,1.0,1.0,11
7196,13,0.9285714285714286,1.0,0.962962962962963,0.5384615384615384,14,0.9285714285714286,1.0,0.962962962962963,0.5384615384615384,14,1.0,1.0,1.0,1.0,13
14283,13,1.0,1.0,1.0,0.6923076923076923,13,1.0,1.0,1.0,0.6923076923076923,13,1.0,1.0,1.0,1.0,13
1096,13,0.8666666666666667,1.0,0.9285714285714286,0.6923076923076923,15,0.8666666666666667,1.0,0.9285714285714286,0.6923076923076923,15,1.0,1.0,1.0,1.0,13
203,9,0.8181818181818182,1.0,0.9,0.5555555555555556,11,0.8181818181818182,1.0,0.9,0.5555555555555556,11,1.0,1.0,1.0,1.0,9
14919,10,1.0,1.0,1.0,0.6,10,1.0,1.0,1.0,0.6,10,1.0,1.0,1.0,1.0,10
6220,7,0.7,1.0,0.8235294117647058,0.7142857142857143,10,0.7,1.0,0.8235294117647058,0.7142857142857143,10,1.0,1.0,1.0,1.0,7
12541,7,1.0,1.0,1.0,0.42857142857142855,7,1.0,1.0,1.0,0.42857142857142855,7,1.0,1.0,1.0,1.0,7
15733,27,0.7297297297297297,1.0,0.8437499999999999,0.7037037037037037,37,0.7297297297297297,1.0,0.8437499999999999,0.7037037037037037,37,1.0,1.0,1.0,1.0,27
8176,9,1.0,1.0,1.0,0.5555555555555556,9,1.0,1.0,1.0,0.5555555555555556,9,1.0,1.0,1.0,1.0,9
15748,7,1.0,1.0,1.0,0.7142857142857143,7,1.0,1.0,1.0,0.7142857142857143,7,1.0,1.0,1.0,1.0,7
1259,10,0.8333333333333334,1.0,0.9090909090909091,0.7,12,0.8333333333333334,1.0,0.9090909090909091,0.7,12,1.0,1.0,1.0,1.0,10
11981,12,1.0,0.9166666666666666,0.9565217391304348,0.7272727272727273,11,0.9230769230769231,1.0,0.9600000000000001,0.6666666666666666,13,1.0,0.9166666666666666,0.9565217391304348,1.0,11
6170,8,1.0,1.0,1.0,0.75,8,1.0,1.0,1.0,0.75,8,1.0,1.0,1.0,1.0,8
5118,10,0.8333333333333334,1.0,0.9090909090909091,0.7,12,0.8333333333333334,1.0,0.9090909090909091,0.7,12,1.0,1.0,1.0,1.0,10
15729,9,0.9,1.0,0.9473684210526316,0.6666666666666666,10,0.9,1.0,0.9473684210526316,0.6666666666666666,10,1.0,1.0,1.0,1.0,9
8527,7,1.0,1.0,1.0,0.5714285714285714,7,1.0,1.0,1.0,0.5714285714285714,7,1.0,1.0,1.0,1.0,7
9228,11,0.9166666666666666,1.0,0.9565217391304348,0.7272727272727273,12,0.9166666666666666,1.0,0.9565217391304348,0.7272727272727273,12,1.0,1.0,1.0,1.0,11
16002,10,1.0,1.0,1.0,0.7,10,1.0,1.0,1.0,0.7,10,1.0,1.0,1.0,1.0,10
11651,8,1.0,1.0,1.0,0.625,8,1.0,1.0,1.0,0.625,8,1.0,1.0,1.0,1.0,8
11916,10,1.0,1.0,1.0,0.5,10,1.0,1.0,1.0,0.5,10,1.0,1.0,1.0,1.0,10
2630,13,0.9285714285714286,1.0,0.962962962962963,0.7692307692307693,14,0.9285714285714286,1.0,0.962962962962963,0.7692307692307693,14,1.0,1.0,1.0,1.0,13
3253,11,0.7333333333333333,1.0,0.846153846153846,0.6363636363636364,15,0.7333333333333333,1.0,0.846153846153846,0.6363636363636364,15,1.0,1.0,1.0,1.0,11
4117,13,0.7647058823529411,1.0,0.8666666666666666,0.5384615384615384,17,0.7222222222222222,1.0,0.8387096774193548,0.5384615384615384,18,1.0,1.0,1.0,1.0,13
16674,7,1.0,1.0,1.0,0.5714285714285714,7,1.0,1.0,1.0,0.5714285714285714,7,1.0,1.0,1.0,1.0,7
15947,11,1.0,1.0,1.0,0.6363636363636364,11,1.0,1.0,1.0,0.6363636363636364,11,1.0,1.0,1.0,1.0,11
8,10,0.9090909090909091,1.0,0.9523809523809523,0.8,11,0.9090909090909091,1.0,0.9523809523809523,0.8,11,1.0,1.0,1.0,1.0,10
17101,23,0.8518518518518519,1.0,0.92,0.6956521739130435,27,0.8518518518518519,1.0,0.92,0.6956521739130435,27,1.0,1.0,1.0,1.0,23
1640,16,1.0,1.0,1.0,0.625,16,1.0,1.0,1.0,0.625,16,1.0,1.0,1.0,1.0,16
2813,8,1.0,1.0,1.0,0.75,8,1.0,1.0,1.0,0.75,8,1.0,1.0,1.0,1.0,8
16568,8,0.7272727272727273,1.0,0.8421052631578948,0.75,11,0.7272727272727273,1.0,0.8421052631578948,0.75,11,1.0,1.0,1.0,1.0,8
16924,7,1.0,1.0,1.0,0.8571428571428571,7,1.0,1.0,1.0,0.8571428571428571,7,1.0,1.0,1.0,1.0,7
2989,14,0.875,1.0,0.9333333333333333,0.7857142857142857,16,0.9333333333333333,1.0,0.9655172413793104,0.7857142857142857,15,1.0,1.0,1.0,1.0,14
13726,10,0.9090909090909091,1.0,0.9523809523809523,0.6,11,0.9090909090909091,1.0,0.9523809523809523,0.6,11,1.0,1.0,1.0,1.0,10
8801,15,0.7894736842105263,1.0,0.8823529411764706,0.6666666666666666,19,0.7894736842105263,1.0,0.8823529411764706,0.6666666666666666,19,1.0,1.0,1.0,1.0,15
13086,8,1.0,1.0,1.0,0.75,8,1.0,1.0,1.0,0.75,8,1.0,1.0,1.0,1.0,8
4813,9,0.9,1.0,0.9473684210526316,0.7777777777777778,10,0.9,1.0,0.9473684210526316,0.7777777777777778,10,1.0,1.0,1.0,1.0,9
13571,14,0.7777777777777778,1.0,0.8750000000000001,0.6428571428571429,18,0.7777777777777778,1.0,0.8750000000000001,0.6428571428571429,18,1.0,1.0,1.0,1.0,14
2102,10,0.5555555555555556,1.0,0.7142857142857143,0.7,18,0.5555555555555556,1.0,0.7142857142857143,0.7,18,1.0,1.0,1.0,1.0,10
14811,10,1.0,1.0,1.0,0.6,10,1.0,1.0,1.0,0.6,10,1.0,1.0,1.0,1.0,10
14995,14,0.7,1.0,0.8235294117647058,0.7142857142857143,20,0.7,1.0,0.8235294117647058,0.7142857142857143,20,1.0,1.0,1.0,1.0,14
7811,13,0.8666666666666667,1.0,0.9285714285714286,0.6153846153846154,15,0.8666666666666667,1.0,0.9285714285714286,0.6153846153846154,15,1.0,1.0,1.0,1.0,13
4671,14,0.9333333333333333,1.0,0.9655172413793104,0.5714285714285714,15,0.9333333333333333,1.0,0.9655172413793104,0.5714285714285714,15,1.0,1.0,1.0,1.0,14
9175,20,0.9523809523809523,1.0,0.975609756097561,0.85,21,0.9523809523809523,1.0,0.975609756097561,0.85,21,0.9523809523809523,1.0,0.975609756097561,1.0,21
14337,9,1.0,1.0,1.0,0.6666666666666666,9,1.0,1.0,1.0,0.6666666666666666,9,1.0,1.0,1.0,1.0,9
13943,6,0.8571428571428571,1.0,0.923076923076923,0.6666666666666666,7,0.8571428571428571,1.0,0.923076923076923,0.6666666666666666,7,1.0,1.0,1.0,1.0,6
9294,11,1.0,1.0,1.0,0.6363636363636364,11,1.0,1.0,1.0,0.6363636363636364,11,1.0,1.0,1.0,1.0,11
957,8,0.8888888888888888,1.0,0.9411764705882353,0.75,9,0.8888888888888888,1.0,0.9411764705882353,0.75,9,1.0,1.0,1.0,1.0,8
9771,18,0.8181818181818182,1.0,0.9,0.8333333333333334,22,0.8181818181818182,1.0,0.9,0.8333333333333334,22,1.0,1.0,1.0,1.0,18
1539,14,0.9333333333333333,1.0,0.9655172413793104,0.7857142857142857,15,0.9333333333333333,1.0,0.9655172413793104,0.7857142857142857,15,1.0,1.0,1.0,1.0,14
11877,11,1.0,1.0,1.0,0.5454545454545454,11,1.0,1.0,1.0,0.5454545454545454,11,1.0,1.0,1.0,1.0,11
5816,10,1.0,1.0,1.0,0.5,10,1.0,1.0,1.0,0.5,10,1.0,1.0,1.0,1.0,10
874,10,0.8333333333333334,1.0,0.9090909090909091,0.7,12,0.8333333333333334,1.0,0.9090909090909091,0.7,12,1.0,1.0,1.0,1.0,10
78,12,0.8571428571428571,1.0,0.923076923076923,0.6666666666666666,14,0.8571428571428571,1.0,0.923076923076923,0.6666666666666666,14,1.0,1.0,1.0,1.0,12
15341,10,1.0,1.0,1.0,0.7,10,1.0,1.0,1.0,0.7,10,1.0,1.0,1.0,1.0,10
1683,14,0.8235294117647058,1.0,0.9032258064516129,0.7142857142857143,17,0.8235294117647058,1.0,0.9032258064516129,0.7142857142857143,17,1.0,1.0,1.0,1.0,14
1953,11,1.0,1.0,1.0,0.5454545454545454,11,1.0,1.0,1.0,0.5454545454545454,11,1.0,1.0,1.0,1.0,11
6726,7,0.875,1.0,0.9333333333333333,0.7142857142857143,8,0.875,1.0,0.9333333333333333,0.7142857142857143,8,1.0,1.0,1.0,1.0,7
272,13,0.8666666666666667,1.0,0.9285714285714286,0.6153846153846154,15,0.8666666666666667,1.0,0.9285714285714286,0.6153846153846154,15,1.0,1.0,1.0,1.0,13
8282,15,0.8823529411764706,1.0,0.9375,0.7333333333333333,17,0.8823529411764706,1.0,0.9375,0.7333333333333333,17,1.0,1.0,1.0,1.0,15
6433,14,0.8235294117647058,1.0,0.9032258064516129,0.7857142857142857,17,0.8235294117647058,1.0,0.9032258064516129,0.7857142857142857,17,1.0,1.0,1.0,1.0,14
5841,9,0.9,1.0,0.9473684210526316,0.4444444444444444,10,0.8181818181818182,1.0,0.9,0.4444444444444444,11,1.0,1.0,1.0,1.0,9
14223,8,0.8,1.0,0.888888888888889,0.5,10,0.8,1.0,0.888888888888889,0.625,10,1.0,1.0,1.0,1.0,8
10503,14,1.0,1.0,1.0,0.6428571428571429,14,1.0,1.0,1.0,0.6428571428571429,14,1.0,1.0,1.0,1.0,14
10551,16,0.9411764705882353,1.0,0.9696969696969697,0.6875,17,0.9411764705882353,1.0,0.9696969696969697,0.6875,17,1.0,1.0,1.0,1.0,16
9539,9,0.9,1.0,0.9473684210526316,0.6666666666666666,10,0.9,1.0,0.9473684210526316,0.6666666666666666,10,1.0,1.0,1.0,1.0,9
9894,14,0.875,1.0,0.9333333333333333,0.7857142857142857,16,0.875,1.0,0.9333333333333333,0.7857142857142857,16,1.0,1.0,1.0,1.0,14
3809,5,0.7142857142857143,1.0,0.8333333333333333,0.6,7,0.7142857142857143,1.0,0.8333333333333333,0.6,7,1.0,1.0,1.0,1.0,5
13095,12,0.8,1.0,0.888888888888889,0.6666666666666666,15,0.8,1.0,0.888888888888889,0.6666666666666666,15,1.0,1.0,1.0,1.0,12
14265,7,1.0,1.0,1.0,0.5714285714285714,7,1.0,1.0,1.0,0.5714285714285714,7,1.0,1.0,1.0,1.0,7
16265,9,0.8181818181818182,1.0,0.9,0.5555555555555556,11,0.8181818181818182,1.0,0.9,0.5555555555555556,11,1.0,1.0,1.0,1.0,9
2687,10,0.7692307692307693,1.0,0.8695652173913044,0.8,13,0.7692307692307693,1.0,0.8695652173913044,0.8,13,1.0,1.0,1.0,1.0,10
3228,28,0.8484848484848485,1.0,0.9180327868852458,0.6785714285714286,33,0.8484848484848485,1.0,0.9180327868852458,0.6785714285714286,33,1.0,1.0,1.0,1.0,28
840,12,0.9230769230769231,1.0,0.9600000000000001,0.75,13,0.9230769230769231,1.0,0.9600000000000001,0.75,13,1.0,1.0,1.0,1.0,12
9994,22,0.6666666666666666,1.0,0.8,0.6818181818181818,33,0.6666666666666666,1.0,0.8,0.6818181818181818,33,1.0,1.0,1.0,1.0,22
4752,8,1.0,1.0,1.0,0.625,8,1.0,1.0,1.0,0.625,8,1.0,1.0,1.0,1.0,8
2065,10,1.0,1.0,1.0,0.7,10,1.0,1.0,1.0,0.7,10,1.0,1.0,1.0,1.0,10
4849,20,0.8695652173913043,1.0,0.9302325581395349,0.8,23,0.8695652173913043,1.0,0.9302325581395349,0.8,23,1.0,1.0,1.0,1.0,20
10076,11,1.0,1.0,1.0,0.6363636363636364,11,1.0,1.0,1.0,0.6363636363636364,11,1.0,1.0,1.0,1.0,11
8640,12,0.8571428571428571,1.0,0.923076923076923,0.75,14,0.8571428571428571,1.0,0.923076923076923,0.75,14,1.0,1.0,1.0,1.0,12
16751,14,0.7368421052631579,1.0,0.8484848484848484,0.7857142857142857,19,0.7368421052631579,1.0,0.8484848484848484,0.7857142857142857,19,1.0,1.0,1.0,1.0,14
1188,16,0.9411764705882353,1.0,0.9696969696969697,0.625,17,0.9411764705882353,1.0,0.9696969696969697,0.625,17,1.0,1.0,1.0,1.0,16
8293,13,1.0,1.0,1.0,0.6923076923076923,13,1.0,1.0,1.0,0.6923076923076923,13,1.0,1.0,1.0,1.0,13
11502,8,1.0,1.0,1.0,0.625,8,1.0,1.0,1.0,0.625,8,1.0,1.0,1.0,1.0,8
10712,12,0.9230769230769231,1.0,0.9600000000000001,0.8333333333333334,13,0.9230769230769231,1.0,0.9600000000000001,0.8333333333333334,13,1.0,1.0,1.0,1.0,12
9436,12,1.0,1.0,1.0,0.6666666666666666,12,1.0,1.0,1.0,0.6666666666666666,12,1.0,1.0,1.0,1.0,12
7363,9,1.0,1.0,1.0,0.7777777777777778,9,1.0,1.0,1.0,0.7777777777777778,9,1.0,1.0,1.0,1.0,9
15118,12,0.9230769230769231,1.0,0.9600000000000001,0.6666666666666666,13,0.9230769230769231,1.0,0.9600000000000001,0.6666666666666666,13,1.0,1.0,1.0,1.0,12
14673,13,1.0,1.0,1.0,0.8461538461538461,13,1.0,1.0,1.0,0.8461538461538461,13,1.0,1.0,1.0,1.0,13
10730,12,1.0,1.0,1.0,0.8333333333333334,12,1.0,1.0,1.0,0.8333333333333334,12,1.0,1.0,1.0,1.0,12
12182,15,0.9375,1.0,0.967741935483871,0.6666666666666666,16,0.9375,1.0,0.967741935483871,0.6666666666666666,16,1.0,0.9333333333333333,0.9655172413793104,1.0,14
4830,10,0.8333333333333334,1.0,0.9090909090909091,0.8,12,0.8333333333333334,1.0,0.9090909090909091,0.8,12,1.0,1.0,1.0,1.0,10
2373,12,1.0,1.0,1.0,0.5833333333333334,12,1.0,1.0,1.0,0.5833333333333334,12,1.0,1.0,1.0,1.0,12
9190,8,1.0,1.0,1.0,0.75,8,1.0,1.0,1.0,0.75,8,1.0,1.0,1.0,1.0,8
3484,14,0.9333333333333333,1.0,0.9655172413793104,0.7142857142857143,15,0.9333333333333333,1.0,0.9655172413793104,0.7142857142857143,15,1.0,1.0,1.0,1.0,14
5546,10,1.0,1.0,1.0,0.6,10,1.0,1.0,1.0,0.6,10,1.0,1.0,1.0,1.0,10
7627,10,0.9090909090909091,1.0,0.9523809523809523,0.7,11,0.9090909090909091,1.0,0.9523809523809523,0.7,11,1.0,1.0,1.0,1.0,10
7801,9,0.8181818181818182,1.0,0.9,0.6666666666666666,11,0.8181818181818182,1.0,0.9,0.6666666666666666,11,1.0,1.0,1.0,1.0,9
1304,15,0.9375,1.0,0.967741935483871,0.6666666666666666,16,0.9375,1.0,0.967741935483871,0.6666666666666666,16,1.0,1.0,1.0,1.0,15
1148,16,0.8888888888888888,1.0,0.9411764705882353,0.75,18,0.8888888888888888,1.0,0.9411764705882353,0.75,18,1.0,1.0,1.0,1.0,16
11627,9,0.75,1.0,0.8571428571428571,0.6666666666666666,12,0.75,1.0,0.8571428571428571,0.6666666666666666,12,1.0,1.0,1.0,1.0,9
16940,9,0.9,1.0,0.9473684210526316,0.8888888888888888,10,0.9,1.0,0.9473684210526316,0.8888888888888888,10,1.0,1.0,1.0,1.0,9
7777,12,1.0,1.0,1.0,0.75,12,1.0,1.0,1.0,0.75,12,1.0,1.0,1.0,1.0,12
9688,16,1.0,1.0,1.0,0.8125,16,1.0,1.0,1.0,0.8125,16,1.0,1.0,1.0,1.0,16
8936,18,0.8571428571428571,1.0,0.923076923076923,0.5,21,0.8571428571428571,1.0,0.923076923076923,0.5,21,1.0,1.0,1.0,1.0,18
3780,22,0.7333333333333333,1.0,0.846153846153846,0.7727272727272727,30,0.7333333333333333,1.0,0.846153846153846,0.7727272727272727,30,1.0,1.0,1.0,1.0,22
16648,9,1.0,1.0,1.0,0.7777777777777778,9,1.0,1.0,1.0,0.7777777777777778,9,1.0,1.0,1.0,1.0,9
9866,8,1.0,1.0,1.0,0.625,8,1.0,1.0,1.0,0.625,8,1.0,1.0,1.0,1.0,8
9347,8,0.7272727272727273,1.0,0.8421052631578948,0.75,11,0.7272727272727273,1.0,0.8421052631578948,0.75,11,1.0,1.0,1.0,1.0,8
5821,18,0.782608695652174,1.0,0.878048780487805,0.6666666666666666,23,0.782608695652174,1.0,0.878048780487805,0.6666666666666666,23,1.0,1.0,1.0,1.0,18
15474,19,0.8636363636363636,1.0,0.9268292682926829,0.7894736842105263,22,0.8636363636363636,1.0,0.9268292682926829,0.7894736842105263,22,1.0,0.8421052631578947,0.9142857142857143,1.0,16
7916,16,0.8421052631578947,1.0,0.9142857142857143,0.6875,19,0.8421052631578947,1.0,0.9142857142857143,0.6875,19,1.0,1.0,1.0,1.0,16
4625,8,1.0,1.0,1.0,0.75,8,1.0,1.0,1.0,0.75,8,1.0,1.0,1.0,1.0,8
17104,10,1.0,1.0,1.0,0.6,10,1.0,1.0,1.0,0.6,10,1.0,1.0,1.0,1.0,10
5259,6,0.8571428571428571,1.0,0.923076923076923,0.5,7,0.8571428571428571,1.0,0.923076923076923,0.5,7,1.0,1.0,1.0,1.0,6
14459,17,0.8947368421052632,1.0,0.9444444444444444,0.6470588235294118,19,0.8947368421052632,1.0,0.9444444444444444,0.6470588235294118,19,1.0,1.0,1.0,1.0,17
4231,8,1.0,1.0,1.0,0.75,8,1.0,1.0,1.0,0.75,8,1.0,1.0,1.0,1.0,8
14721,10,0.9090909090909091,1.0,0.9523809523809523,0.9,11,0.9090909090909091,1.0,0.9523809523809523,0.9,11,1.0,1.0,1.0,1.0,10
15673,16,0.7619047619047619,1.0,0.8648648648648648,0.8125,21,0.7619047619047619,1.0,0.8648648648648648,0.8125,21,1.0,1.0,1.0,1.0,16
16334,14,1.0,1.0,1.0,0.5714285714285714,14,1.0,1.0,1.0,0.5714285714285714,14,1.0,1.0,1.0,1.0,14
10000,13,0.7222222222222222,1.0,0.8387096774193548,0.6153846153846154,18,0.7222222222222222,1.0,0.8387096774193548,0.6153846153846154,18,1.0,1.0,1.0,1.0,13
11946,10,1.0,1.0,1.0,0.8,10,1.0,1.0,1.0,0.8,10,1.0,1.0,1.0,1.0,10
1373,16,0.9411764705882353,1.0,0.9696969696969697,0.6875,17,0.9411764705882353,1.0,0.9696969696969697,0.6875,17,1.0,1.0,1.0,1.0,16
7170,18,0.9,1.0,0.9473684210526316,0.7777777777777778,20,0.9,1.0,0.9473684210526316,0.7777777777777778,20,1.0,1.0,1.0,1.0,18
6343,20,0.8,1.0,0.888888888888889,0.8,25,0.8,1.0,0.888888888888889,0.8,25,1.0,1.0,1.0,1.0,20
15299,16,0.9411764705882353,1.0,0.9696969696969697,0.75,17,0.9411764705882353,1.0,0.9696969696969697,0.75,17,1.0,1.0,1.0,1.0,16
15679,20,0.8333333333333334,1.0,0.9090909090909091,0.7,24,0.8333333333333334,1.0,0.9090909090909091,0.7,24,1.0,1.0,1.0,1.0,20
2477,10,0.8333333333333334,1.0,0.9090909090909091,0.8,12,0.8333333333333334,1.0,0.9090909090909091,0.8,12,1.0,1.0,1.0,1.0,10
4609,9,0.8181818181818182,1.0,0.9,0.6666666666666666,11,0.8181818181818182,1.0,0.9,0.6666666666666666,11,1.0,1.0,1.0,1.0,9
5557,11,1.0,1.0,1.0,0.6363636363636364,11,1.0,1.0,1.0,0.6363636363636364,11,1.0,1.0,1.0,1.0,11
4048,8,0.6666666666666666,1.0,0.8,0.75,12,0.6666666666666666,1.0,0.8,0.75,12,1.0,1.0,1.0,1.0,8
6383,9,1.0,1.0,1.0,0.6666666666666666,9,1.0,1.0,1.0,0.6666666666666666,9,1.0,1.0,1.0,1.0,9
5323,13,0.8125,1.0,0.896551724137931,0.7692307692307693,16,0.8125,1.0,0.896551724137931,0.7692307692307693,16,1.0,1.0,1.0,1.0,13
10296,8,1.0,0.75,0.8571428571428571,0.6666666666666666,6,0.8,1.0,0.888888888888889,0.625,10,1.0,0.75,0.8571428571428571,1.0,6
11810,10,0.8333333333333334,1.0,0.9090909090909091,0.8,12,0.8333333333333334,1.0,0.9090909090909091,0.8,12,1.0,1.0,1.0,1.0,10
3725,14,0.7,1.0,0.8235294117647058,0.7142857142857143,20,0.7,1.0,0.8235294117647058,0.7142857142857143,20,1.0,0.9285714285714286,0.962962962962963,1.0,13
2909,14,0.8666666666666667,0.9285714285714286,0.896551724137931,0.7692307692307693,15,0.8235294117647058,1.0,0.9032258064516129,0.7142857142857143,17,1.0,0.9285714285714286,0.962962962962963,1.0,13
606,8,1.0,1.0,1.0,0.875,8,1.0,1.0,1.0,0.875,8,1.0,1.0,1.0,1.0,8
244,21,0.76,0.9047619047619048,0.8260869565217391,0.7368421052631579,25,0.7241379310344828,1.0,0.8400000000000001,0.7142857142857143,29,1.0,0.9047619047619048,0.9500000000000001,1.0,19
16164,11,0.9166666666666666,1.0,0.9565217391304348,0.5454545454545454,12,0.9166666666666666,1.0,0.9565217391304348,0.5454545454545454,12,1.0,1.0,1.0,1.0,11
13925,10,0.7142857142857143,1.0,0.8333333333333333,0.7,14,0.7142857142857143,1.0,0.8333333333333333,0.7,14,1.0,1.0,1.0,1.0,10
5481,12,0.8,1.0,0.888888888888889,0.5833333333333334,15,0.8,1.0,0.888888888888889,0.5833333333333334,15,1.0,1.0,1.0,1.0,12
1144,20,0.7142857142857143,1.0,0.8333333333333333,0.75,28,0.7142857142857143,1.0,0.8333333333333333,0.75,28,1.0,1.0,1.0,1.0,20
8890,12,1.0,1.0,1.0,0.5833333333333334,12,1.0,1.0,1.0,0.5833333333333334,12,1.0,1.0,1.0,1.0,12
9050,15,0.7894736842105263,1.0,0.8823529411764706,0.8666666666666667,19,0.7894736842105263,1.0,0.8823529411764706,0.8666666666666667,19,1.0,0.9333333333333333,0.9655172413793104,1.0,14
15580,8,1.0,1.0,1.0,0.625,8,1.0,1.0,1.0,0.625,8,1.0,1.0,1.0,1.0,8
7044,16,0.8888888888888888,1.0,0.9411764705882353,0.5625,18,0.8888888888888888,1.0,0.9411764705882353,0.5625,18,1.0,1.0,1.0,1.0,16
11517,8,1.0,1.0,1.0,0.625,8,1.0,1.0,1.0,0.625,8,1.0,1.0,1.0,1.0,8
10344,13,0.8125,1.0,0.896551724137931,0.7692307692307693,16,0.8125,1.0,0.896551724137931,0.7692307692307693,16,1.0,1.0,1.0,1.0,13
14215,18,0.9473684210526315,1.0,0.972972972972973,0.7777777777777778,19,0.9473684210526315,1.0,0.972972972972973,0.7777777777777778,19,1.0,1.0,1.0,1.0,18
15455,8,1.0,1.0,1.0,0.625,8,1.0,1.0,1.0,0.625,8,1.0,1.0,1.0,1.0,8
2415,8,0.7272727272727273,1.0,0.8421052631578948,0.75,11,0.7272727272727273,1.0,0.8421052631578948,0.75,11,1.0,1.0,1.0,1.0,8
5503,9,1.0,1.0,1.0,0.6666666666666666,9,1.0,1.0,1.0,0.6666666666666666,9,1.0,1.0,1.0,1.0,9
1162,10,0.7692307692307693,1.0,0.8695652173913044,1.0,13,0.7692307692307693,1.0,0.8695652173913044,1.0,13,1.0,1.0,1.0,1.0,10
13102,14,0.9333333333333333,1.0,0.9655172413793104,0.7142857142857143,15,0.9333333333333333,1.0,0.9655172413793104,0.7142857142857143,15,1.0,1.0,1.0,1.0,14
261,8,0.8888888888888888,1.0,0.9411764705882353,0.75,9,0.8888888888888888,1.0,0.9411764705882353,0.75,9,1.0,1.0,1.0,1.0,8
12876,10,0.9090909090909091,1.0,0.9523809523809523,0.5,11,0.9090909090909091,1.0,0.9523809523809523,0.5,11,1.0,1.0,1.0,1.0,10
3277,13,1.0,1.0,1.0,0.6923076923076923,13,1.0,1.0,1.0,0.6923076923076923,13,1.0,1.0,1.0,1.0,13
16532,10,0.9090909090909091,1.0,0.9523809523809523,0.7,11,0.9090909090909091,1.0,0.9523809523809523,0.7,11,1.0,1.0,1.0,1.0,10
8797,14,0.8235294117647058,1.0,0.9032258064516129,0.7857142857142857,17,0.8235294117647058,1.0,0.9032258064516129,0.7857142857142857,17,1.0,1.0,1.0,1.0,14
2127,10,1.0,1.0,1.0,0.7,10,1.0,1.0,1.0,0.7,10,1.0,1.0,1.0,1.0,10
3713,10,0.8333333333333334,1.0,0.9090909090909091,0.6,12,0.8333333333333334,1.0,0.9090909090909091,0.6,12,1.0,1.0,1.0,1.0,10
13842,10,0.8333333333333334,1.0,0.9090909090909091,0.7,12,0.8333333333333334,1.0,0.9090909090909091,0.7,12,1.0,1.0,1.0,1.0,10
4036,9,1.0,1.0,1.0,0.4444444444444444,9,1.0,1.0,1.0,0.4444444444444444,9,1.0,1.0,1.0,1.0,9
7739,14,0.8235294117647058,1.0,0.9032258064516129,0.7142857142857143,17,0.8235294117647058,1.0,0.9032258064516129,0.7142857142857143,17,1.0,1.0,1.0,1.0,14
3077,10,1.0,1.0,1.0,0.8,10,1.0,1.0,1.0,0.8,10,1.0,1.0,1.0,1.0,10
1829,13,0.8125,1.0,0.896551724137931,0.7692307692307693,16,0.8125,1.0,0.896551724137931,0.7692307692307693,16,1.0,1.0,1.0,1.0,13
14041,8,1.0,1.0,1.0,0.5,8,1.0,1.0,1.0,0.5,8,1.0,1.0,1.0,1.0,8
7253,10,0.8333333333333334,1.0,0.9090909090909091,0.7,12,0.8333333333333334,1.0,0.9090909090909091,0.7,12,1.0,1.0,1.0,1.0,10
16500,9,1.0,1.0,1.0,0.4444444444444444,9,1.0,1.0,1.0,0.4444444444444444,9,1.0,1.0,1.0,1.0,9
13241,10,0.8333333333333334,1.0,0.9090909090909091,0.7,12,0.8333333333333334,1.0,0.9090909090909091,0.7,12,1.0,1.0,1.0,1.0,10
702,12,0.75,1.0,0.8571428571428571,0.5833333333333334,16,0.75,1.0,0.8571428571428571,0.5833333333333334,16,1.0,1.0,1.0,1.0,12
6616,11,1.0,1.0,1.0,0.7272727272727273,11,1.0,1.0,1.0,0.7272727272727273,11,1.0,1.0,1.0,1.0,11
287,10,1.0,1.0,1.0,0.7,10,1.0,1.0,1.0,0.7,10,1.0,1.0,1.0,1.0,10
3101,12,0.8,1.0,0.888888888888889,0.8333333333333334,15,0.8,1.0,0.888888888888889,0.8333333333333334,15,1.0,1.0,1.0,1.0,12
177,12,0.8571428571428571,1.0,0.923076923076923,0.5833333333333334,14,0.8571428571428571,1.0,0.923076923076923,0.5833333333333334,14,1.0,1.0,1.0,1.0,12
10446,6,0.8571428571428571,1.0,0.923076923076923,0.5,7,0.8571428571428571,1.0,0.923076923076923,0.5,7,1.0,1.0,1.0,1.0,6
12442,14,0.875,1.0,0.9333333333333333,0.7857142857142857,16,0.875,1.0,0.9333333333333333,0.7857142857142857,16,1.0,1.0,1.0,1.0,14
14022,11,1.0,1.0,1.0,0.6363636363636364,11,1.0,1.0,1.0,0.6363636363636364,11,1.0,1.0,1.0,1.0,11
2772,13,0.8125,1.0,0.896551724137931,0.7692307692307693,16,0.8125,1.0,0.896551724137931,0.7692307692307693,16,1.0,1.0,1.0,1.0,13
6747,12,0.9230769230769231,1.0,0.9600000000000001,0.6666666666666666,13,0.9230769230769231,1.0,0.9600000000000001,0.6666666666666666,13,1.0,1.0,1.0,1.0,12
4724,10,0.9090909090909091,1.0,0.9523809523809523,0.6,11,0.9090909090909091,1.0,0.9523809523809523,0.6,11,1.0,1.0,1.0,1.0,10
5613,9,1.0,1.0,1.0,0.6666666666666666,9,1.0,1.0,1.0,0.6666666666666666,9,1.0,1.0,1.0,1.0,9
7192,8,0.8,1.0,0.888888888888889,0.75,10,0.8,1.0,0.888888888888889,0.75,10,1.0,1.0,1.0,1.0,8
4864,15,0.9375,1.0,0.967741935483871,0.6,16,0.9375,1.0,0.967741935483871,0.6,16,1.0,1.0,1.0,1.0,15
4947,12,0.9230769230769231,1.0,0.9600000000000001,0.6666666666666666,13,0.9230769230769231,1.0,0.9600000000000001,0.6666666666666666,13,1.0,1.0,1.0,1.0,12
7134,11,0.8461538461538461,1.0,0.9166666666666666,0.5454545454545454,13,0.8461538461538461,1.0,0.9166666666666666,0.5454545454545454,13,1.0,1.0,1.0,1.0,11
3064,8,0.8888888888888888,1.0,0.9411764705882353,0.75,9,0.8888888888888888,1.0,0.9411764705882353,0.75,9,1.0,1.0,1.0,1.0,8
11630,13,0.8666666666666667,1.0,0.9285714285714286,0.7692307692307693,15,0.8666666666666667,1.0,0.9285714285714286,0.7692307692307693,15,1.0,1.0,1.0,1.0,13
5844,16,0.8888888888888888,1.0,0.9411764705882353,0.75,18,0.8888888888888888,1.0,0.9411764705882353,0.75,18,1.0,1.0,1.0,1.0,16
11941,5,0.7142857142857143,1.0,0.8333333333333333,0.6,7,0.7142857142857143,1.0,0.8333333333333333,0.6,7,1.0,1.0,1.0,1.0,5
11979,13,0.7647058823529411,1.0,0.8666666666666666,0.6923076923076923,17,0.7647058823529411,1.0,0.8666666666666666,0.6923076923076923,17,1.0,1.0,1.0,1.0,13
15181,16,0.7619047619047619,1.0,0.8648648648648648,0.9375,21,0.7619047619047619,1.0,0.8648648648648648,0.9375,21,1.0,1.0,1.0,1.0,16
8803,11,0.6111111111111112,1.0,0.7586206896551725,0.8181818181818182,18,0.6111111111111112,1.0,0.7586206896551725,0.8181818181818182,18,1.0,1.0,1.0,1.0,11
7228,11,0.8461538461538461,1.0,0.9166666666666666,0.9090909090909091,13,0.8461538461538461,1.0,0.9166666666666666,0.9090909090909091,13,1.0,1.0,1.0,1.0,11
16963,8,1.0,1.0,1.0,0.75,8,1.0,1.0,1.0,0.75,8,1.0,1.0,1.0,1.0,8
6203,10,1.0,1.0,1.0,0.7,10,1.0,1.0,1.0,0.7,10,1.0,1.0,1.0,1.0,10
4286,12,0.8571428571428571,1.0,0.923076923076923,0.75,14,0.8571428571428571,1.0,0.923076923076923,0.75,14,1.0,1.0,1.0,1.0,12
14562,12,0.9230769230769231,1.0,0.9600000000000001,0.75,13,0.9230769230769231,1.0,0.9600000000000001,0.75,13,1.0,1.0,1.0,1.0,12
10589,10,0.9090909090909091,1.0,0.9523809523809523,0.6,11,0.9090909090909091,1.0,0.9523809523809523,0.6,11,1.0,1.0,1.0,1.0,10
4032,8,1.0,1.0,1.0,0.5,8,1.0,1.0,1.0,0.5,8,1.0,1.0,1.0,1.0,8
13196,9,0.8181818181818182,1.0,0.9,0.7777777777777778,11,0.8181818181818182,1.0,0.9,0.7777777777777778,11,1.0,1.0,1.0,1.0,9
11717,11,1.0,1.0,1.0,0.6363636363636364,11,1.0,1.0,1.0,0.6363636363636364,11,1.0,1.0,1.0,1.0,11
4725,11,0.8461538461538461,1.0,0.9166666666666666,0.5454545454545454,13,0.8461538461538461,1.0,0.9166666666666666,0.5454545454545454,13,1.0,1.0,1.0,1.0,11
17036,23,1.0,1.0,1.0,0.6521739130434783,23,1.0,1.0,1.0,0.6521739130434783,23,1.0,1.0,1.0,1.0,23
14125,17,1.0,1.0,1.0,0.5882352941176471,17,1.0,1.0,1.0,0.5882352941176471,17,1.0,1.0,1.0,1.0,17
17027,10,0.9090909090909091,1.0,0.9523809523809523,0.5,11,0.9090909090909091,1.0,0.9523809523809523,0.5,11,1.0,1.0,1.0,1.0,10
3263,13,1.0,1.0,1.0,0.6923076923076923,13,1.0,1.0,1.0,0.6923076923076923,13,1.0,1.0,1.0,1.0,13
4420,9,0.8181818181818182,1.0,0.9,0.7777777777777778,11,0.8181818181818182,1.0,0.9,0.7777777777777778,11,1.0,1.0,1.0,1.0,9
8332,11,1.0,1.0,1.0,0.6363636363636364,11,1.0,1.0,1.0,0.6363636363636364,11,1.0,1.0,1.0,1.0,11
15160,9,1.0,1.0,1.0,0.6666666666666666,9,1.0,1.0,1.0,0.6666666666666666,9,1.0,1.0,1.0,1.0,9
12331,8,1.0,1.0,1.0,0.875,8,1.0,1.0,1.0,0.875,8,1.0,1.0,1.0,1.0,8
279,19,0.7037037037037037,1.0,0.8260869565217391,0.6842105263157895,27,0.7037037037037037,1.0,0.8260869565217391,0.6842105263157895,27,1.0,1.0,1.0,1.0,19
11083,11,1.0,1.0,1.0,0.5454545454545454,11,1.0,1.0,1.0,0.5454545454545454,11,1.0,1.0,1.0,1.0,11
5468,14,0.875,1.0,0.9333333333333333,0.7142857142857143,16,0.875,1.0,0.9333333333333333,0.7142857142857143,16,1.0,1.0,1.0,1.0,14
16827,6,0.8571428571428571,1.0,0.923076923076923,0.6666666666666666,7,0.8571428571428571,1.0,0.923076923076923,0.6666666666666666,7,1.0,1.0,1.0,1.0,6
3638,18,0.72,1.0,0.8372093023255813,0.7777777777777778,25,0.75,1.0,0.8571428571428571,0.7777777777777778,24,1.0,0.9444444444444444,0.9714285714285714,1.0,17
8856,14,0.9333333333333333,1.0,0.9655172413793104,0.7142857142857143,15,0.9333333333333333,1.0,0.9655172413793104,0.7142857142857143,15,1.0,1.0,1.0,1.0,14
11677,15,1.0,1.0,1.0,0.5333333333333333,15,1.0,1.0,1.0,0.5333333333333333,15,1.0,1.0,1.0,1.0,15
12744,9,0.9,1.0,0.9473684210526316,0.6666666666666666,10,0.9,1.0,0.9473684210526316,0.6666666666666666,10,1.0,1.0,1.0,1.0,9
5723,11,1.0,1.0,1.0,0.8181818181818182,11,1.0,1.0,1.0,0.8181818181818182,11,1.0,1.0,1.0,1.0,11
2653,11,0.8461538461538461,1.0,0.9166666666666666,0.8181818181818182,13,0.8461538461538461,1.0,0.9166666666666666,0.8181818181818182,13,1.0,1.0,1.0,1.0,11
6054,9,0.8181818181818182,1.0,0.9,0.7777777777777778,11,0.8181818181818182,1.0,0.9,0.7777777777777778,11,1.0,1.0,1.0,1.0,9
7754,8,1.0,1.0,1.0,0.625,8,1.0,1.0,1.0,0.625,8,1.0,1.0,1.0,1.0,8
8091,11,0.9166666666666666,1.0,0.9565217391304348,0.7272727272727273,12,0.9166666666666666,1.0,0.9565217391304348,0.7272727272727273,12,1.0,1.0,1.0,1.0,11
7296,15,1.0,1.0,1.0,0.8,15,1.0,1.0,1.0,0.8,15,1.0,1.0,1.0,1.0,15
11574,20,0.9523809523809523,1.0,0.975609756097561,0.65,21,0.9523809523809523,1.0,0.975609756097561,0.7,21,1.0,1.0,1.0,1.0,20
8764,14,0.8235294117647058,1.0,0.9032258064516129,0.7857142857142857,17,0.8235294117647058,1.0,0.9032258064516129,0.7857142857142857,17,1.0,1.0,1.0,1.0,14
7860,8,1.0,1.0,1.0,0.625,8,1.0,1.0,1.0,0.625,8,1.0,1.0,1.0,1.0,8
13853,5,0.8333333333333334,1.0,0.9090909090909091,0.6,6,0.8333333333333334,1.0,0.9090909090909091,0.6,6,1.0,1.0,1.0,1.0,5
8076,12,0.8571428571428571,1.0,0.923076923076923,0.6666666666666666,14,0.8571428571428571,1.0,0.923076923076923,0.6666666666666666,14,1.0,1.0,1.0,1.0,12
13378,11,0.8461538461538461,1.0,0.9166666666666666,0.6363636363636364,13,0.8461538461538461,1.0,0.9166666666666666,0.6363636363636364,13,1.0,1.0,1.0,1.0,11
11918,13,1.0,0.9230769230769231,0.9600000000000001,0.75,12,0.8666666666666667,1.0,0.9285714285714286,0.6153846153846154,15,1.0,0.8461538461538461,0.9166666666666666,1.0,11
13592,9,1.0,1.0,1.0,0.6666666666666666,9,1.0,1.0,1.0,0.6666666666666666,9,1.0,1.0,1.0,1.0,9
1035,19,1.0,1.0,1.0,0.7894736842105263,19,1.0,1.0,1.0,0.7894736842105263,19,1.0,1.0,1.0,1.0,19
14617,10,1.0,1.0,1.0,0.6,10,1.0,1.0,1.0,0.6,10,1.0,1.0,1.0,1.0,10
1263,19,0.8260869565217391,1.0,0.9047619047619047,0.7894736842105263,23,0.8260869565217391,1.0,0.9047619047619047,0.7894736842105263,23,1.0,1.0,1.0,1.0,19
14063,11,0.8461538461538461,1.0,0.9166666666666666,0.6363636363636364,13,0.8461538461538461,1.0,0.9166666666666666,0.6363636363636364,13,1.0,1.0,1.0,1.0,11
5135,12,0.9230769230769231,1.0,0.9600000000000001,0.6666666666666666,13,0.9230769230769231,1.0,0.9600000000000001,0.6666666666666666,13,1.0,0.9166666666666666,0.9565217391304348,1.0,11
10582,12,0.9230769230769231,1.0,0.9600000000000001,0.75,13,0.9230769230769231,1.0,0.9600000000000001,0.75,13,1.0,1.0,1.0,1.0,12
146,13,0.8125,1.0,0.896551724137931,0.8461538461538461,16,0.8125,1.0,0.896551724137931,0.8461538461538461,16,1.0,1.0,1.0,1.0,13
17053,14,0.7,1.0,0.8235294117647058,0.7142857142857143,20,0.7,1.0,0.8235294117647058,0.7142857142857143,20,1.0,1.0,1.0,1.0,14
8486,16,0.8421052631578947,1.0,0.9142857142857143,0.75,19,0.8421052631578947,1.0,0.9142857142857143,0.8125,19,1.0,1.0,1.0,0.9375,16
3308,10,1.0,1.0,1.0,0.7,10,1.0,1.0,1.0,0.7,10,1.0,1.0,1.0,1.0,10
156,8,1.0,1.0,1.0,0.75,8,1.0,1.0,1.0,0.75,8,1.0,1.0,1.0,1.0,8
14433,15,0.9375,1.0,0.967741935483871,0.7333333333333333,16,0.9375,1.0,0.967741935483871,0.7333333333333333,16,1.0,1.0,1.0,1.0,15
1747,7,0.875,1.0,0.9333333333333333,0.7142857142857143,8,0.875,1.0,0.9333333333333333,0.7142857142857143,8,1.0,1.0,1.0,1.0,7
14976,8,1.0,1.0,1.0,0.625,8,1.0,1.0,1.0,0.625,8,1.0,1.0,1.0,1.0,8
5744,9,1.0,1.0,1.0,0.6666666666666666,9,1.0,1.0,1.0,0.6666666666666666,9,1.0,1.0,1.0,1.0,9
5956,9,0.9,1.0,0.9473684210526316,0.5555555555555556,10,0.9,1.0,0.9473684210526316,0.5555555555555556,10,1.0,1.0,1.0,1.0,9
3648,12,0.9230769230769231,1.0,0.9600000000000001,0.6666666666666666,13,0.9230769230769231,1.0,0.9600000000000001,0.6666666666666666,13,1.0,1.0,1.0,1.0,12
958,13,1.0,1.0,1.0,0.5384615384615384,13,1.0,1.0,1.0,0.5384615384615384,13,1.0,1.0,1.0,1.0,13
3238,11,1.0,1.0,1.0,0.5454545454545454,11,1.0,1.0,1.0,0.5454545454545454,11,1.0,1.0,1.0,1.0,11
5189,9,0.9,1.0,0.9473684210526316,0.6666666666666666,10,0.9,1.0,0.9473684210526316,0.6666666666666666,10,1.0,1.0,1.0,1.0,9
14358,8,0.7272727272727273,1.0,0.8421052631578948,0.75,11,0.7272727272727273,1.0,0.8421052631578948,0.75,11,1.0,0.875,0.9333333333333333,1.0,7
14375,15,0.8125,0.8666666666666667,0.8387096774193549,0.46153846153846156,16,0.8333333333333334,1.0,0.9090909090909091,0.4,18,1.0,0.8666666666666667,0.9285714285714286,1.0,13
4583,14,0.9333333333333333,1.0,0.9655172413793104,0.7142857142857143,15,0.9333333333333333,1.0,0.9655172413793104,0.7142857142857143,15,1.0,1.0,1.0,1.0,14
8771,15,0.8823529411764706,1.0,0.9375,0.7333333333333333,17,0.8823529411764706,1.0,0.9375,0.7333333333333333,17,1.0,1.0,1.0,1.0,15
7167,15,0.9375,1.0,0.967741935483871,0.7333333333333333,16,0.9375,1.0,0.967741935483871,0.7333333333333333,16,1.0,1.0,1.0,1.0,15
6415,14,0.9333333333333333,1.0,0.9655172413793104,0.7857142857142857,15,0.9333333333333333,1.0,0.9655172413793104,0.7857142857142857,15,1.0,1.0,1.0,1.0,14
4324,9,0.6923076923076923,1.0,0.8181818181818181,0.7777777777777778,13,0.6923076923076923,1.0,0.8181818181818181,0.7777777777777778,13,1.0,1.0,1.0,1.0,9
6036,10,1.0,1.0,1.0,0.6,10,1.0,1.0,1.0,0.6,10,1.0,1.0,1.0,1.0,10
2119,7,0.875,1.0,0.9333333333333333,0.7142857142857143,8,0.875,1.0,0.9333333333333333,0.7142857142857143,8,1.0,1.0,1.0,1.0,7
9745,8,1.0,1.0,1.0,0.625,8,1.0,1.0,1.0,0.625,8,1.0,1.0,1.0,1.0,8
1921,9,0.8181818181818182,1.0,0.9,0.5555555555555556,11,0.8181818181818182,1.0,0.9,0.5555555555555556,11,1.0,1.0,1.0,1.0,9
9553,10,1.0,1.0,1.0,0.6,10,1.0,1.0,1.0,0.6,10,1.0,1.0,1.0,1.0,10
1773,16,1.0,1.0,1.0,0.8125,16,1.0,1.0,1.0,0.8125,16,1.0,1.0,1.0,1.0,16
14457,16,0.9411764705882353,1.0,0.9696969696969697,0.75,17,0.9411764705882353,1.0,0.9696969696969697,0.75,17,1.0,1.0,1.0,1.0,16
10099,10,1.0,1.0,1.0,0.5,10,1.0,1.0,1.0,0.5,10,1.0,1.0,1.0,1.0,10
1288,12,0.9230769230769231,1.0,0.9600000000000001,1.0,13,0.9230769230769231,1.0,0.9600000000000001,1.0,13,1.0,0.9166666666666666,0.9565217391304348,1.0,11
13092,8,1.0,1.0,1.0,0.75,8,1.0,1.0,1.0,0.75,8,1.0,1.0,1.0,1.0,8
11487,9,0.6923076923076923,1.0,0.8181818181818181,0.7777777777777778,13,0.6923076923076923,1.0,0.8181818181818181,0.7777777777777778,13,1.0,1.0,1.0,1.0,9
1036,10,0.8333333333333334,1.0,0.9090909090909091,0.7,12,0.8333333333333334,1.0,0.9090909090909091,0.7,12,1.0,1.0,1.0,1.0,10
6361,8,1.0,1.0,1.0,0.75,8,1.0,1.0,1.0,0.75,8,1.0,1.0,1.0,1.0,8
10574,12,0.8,1.0,0.888888888888889,0.6666666666666666,15,0.8,1.0,0.888888888888889,0.6666666666666666,15,1.0,1.0,1.0,1.0,12
1012,9,0.9,1.0,0.9473684210526316,0.6666666666666666,10,0.9,1.0,0.9473684210526316,0.6666666666666666,10,1.0,1.0,1.0,1.0,9
5696,11,1.0,1.0,1.0,0.45454545454545453,11,1.0,1.0,1.0,0.45454545454545453,11,1.0,1.0,1.0,1.0,11
3504,14,1.0,1.0,1.0,0.7142857142857143,14,1.0,1.0,1.0,0.7142857142857143,14,1.0,1.0,1.0,1.0,14
8641,13,0.9285714285714286,1.0,0.962962962962963,0.46153846153846156,14,0.9285714285714286,1.0,0.962962962962963,0.46153846153846156,14,1.0,1.0,1.0,1.0,13
3916,14,0.7,1.0,0.8235294117647058,0.7857142857142857,20,0.7,1.0,0.8235294117647058,0.7857142857142857,20,1.0,1.0,1.0,1.0,14
7472,7,1.0,1.0,1.0,0.7142857142857143,7,1.0,1.0,1.0,0.7142857142857143,7,1.0,1.0,1.0,1.0,7
11167,8,1.0,1.0,1.0,0.625,8,1.0,1.0,1.0,0.625,8,1.0,1.0,1.0,1.0,8
12401,20,0.8695652173913043,1.0,0.9302325581395349,0.7,23,0.8695652173913043,1.0,0.9302325581395349,0.7,23,1.0,1.0,1.0,1.0,20
14211,10,0.9090909090909091,1.0,0.9523809523809523,0.9,11,0.9090909090909091,1.0,0.9523809523809523,0.9,11,1.0,1.0,1.0,1.0,10
15056,11,0.6875,1.0,0.8148148148148148,0.7272727272727273,16,0.6875,1.0,0.8148148148148148,0.7272727272727273,16,1.0,1.0,1.0,1.0,11
7533,14,0.9333333333333333,1.0,0.9655172413793104,0.7857142857142857,15,0.9333333333333333,1.0,0.9655172413793104,0.7857142857142857,15,1.0,1.0,1.0,1.0,14
15522,8,1.0,1.0,1.0,0.625,8,1.0,1.0,1.0,0.625,8,1.0,1.0,1.0,1.0,8
15141,17,1.0,1.0,1.0,0.6470588235294118,17,1.0,1.0,1.0,0.6470588235294118,17,1.0,1.0,1.0,1.0,17
13548,8,1.0,1.0,1.0,0.875,8,1.0,1.0,1.0,0.875,8,1.0,1.0,1.0,1.0,8
13996,13,0.8125,1.0,0.896551724137931,0.46153846153846156,16,0.8125,1.0,0.896551724137931,0.46153846153846156,16,1.0,1.0,1.0,1.0,13
15165,11,1.0,1.0,1.0,0.7272727272727273,11,1.0,1.0,1.0,0.7272727272727273,11,1.0,1.0,1.0,1.0,11
9920,16,0.8421052631578947,1.0,0.9142857142857143,0.5625,19,0.8421052631578947,1.0,0.9142857142857143,0.5625,19,1.0,1.0,1.0,1.0,16
9749,13,0.8666666666666667,1.0,0.9285714285714286,0.6923076923076923,15,0.8666666666666667,1.0,0.9285714285714286,0.6923076923076923,15,1.0,1.0,1.0,1.0,13
7086,12,1.0,1.0,1.0,0.75,12,1.0,1.0,1.0,0.75,12,1.0,1.0,1.0,1.0,12
1787,10,1.0,1.0,1.0,0.8,10,1.0,1.0,1.0,0.8,10,1.0,1.0,1.0,1.0,10
6963,12,0.8571428571428571,1.0,0.923076923076923,0.6666666666666666,14,0.8571428571428571,1.0,0.923076923076923,0.6666666666666666,14,1.0,1.0,1.0,1.0,12
4404,8,0.7272727272727273,1.0,0.8421052631578948,0.875,11,0.7272727272727273,1.0,0.8421052631578948,0.875,11,1.0,1.0,1.0,1.0,8
9102,19,0.5757575757575758,1.0,0.7307692307692308,0.8421052631578947,33,0.5757575757575758,1.0,0.7307692307692308,0.8421052631578947,33,1.0,1.0,1.0,1.0,19
1774,25,0.8620689655172413,1.0,0.9259259259259259,0.84,29,0.8620689655172413,1.0,0.9259259259259259,0.84,29,1.0,1.0,1.0,1.0,25
5588,14,1.0,1.0,1.0,0.5714285714285714,14,1.0,1.0,1.0,0.5714285714285714,14,1.0,1.0,1.0,1.0,14
15193,13,0.8666666666666667,1.0,0.9285714285714286,0.6923076923076923,15,0.8666666666666667,1.0,0.9285714285714286,0.6923076923076923,15,1.0,1.0,1.0,1.0,13
149,15,0.6521739130434783,1.0,0.7894736842105263,0.8,23,0.6521739130434783,1.0,0.7894736842105263,0.8,23,1.0,1.0,1.0,1.0,15
15957,8,0.8,1.0,0.888888888888889,0.75,10,0.8,1.0,0.888888888888889,0.75,10,1.0,1.0,1.0,1.0,8
5170,10,0.9090909090909091,1.0,0.9523809523809523,0.8,11,0.9090909090909091,1.0,0.9523809523809523,0.8,11,1.0,1.0,1.0,1.0,10
3705,17,0.85,1.0,0.9189189189189189,0.6470588235294118,20,0.85,1.0,0.9189189189189189,0.6470588235294118,20,1.0,1.0,1.0,1.0,17
3635,11,0.8461538461538461,1.0,0.9166666666666666,0.7272727272727273,13,0.8461538461538461,1.0,0.9166666666666666,0.7272727272727273,13,1.0,1.0,1.0,1.0,11
13267,8,1.0,1.0,1.0,0.625,8,1.0,1.0,1.0,0.625,8,1.0,1.0,1.0,1.0,8
12175,13,0.9285714285714286,1.0,0.962962962962963,0.6153846153846154,14,0.9285714285714286,1.0,0.962962962962963,0.6153846153846154,14,1.0,1.0,1.0,1.0,13
14199,13,0.9285714285714286,1.0,0.962962962962963,0.6923076923076923,14,0.9285714285714286,1.0,0.962962962962963,0.6923076923076923,14,1.0,0.9230769230769231,0.9600000000000001,1.0,12
5794,8,0.7272727272727273,1.0,0.8421052631578948,0.75,11,0.7272727272727273,1.0,0.8421052631578948,0.75,11,1.0,1.0,1.0,1.0,8
11638,9,0.9,1.0,0.9473684210526316,0.5555555555555556,10,0.9,1.0,0.9473684210526316,0.5555555555555556,10,1.0,0.8888888888888888,0.9411764705882353,1.0,8
4706,13,1.0,1.0,1.0,0.5384615384615384,13,1.0,1.0,1.0,0.5384615384615384,13,1.0,1.0,1.0,1.0,13
8134,12,0.8,1.0,0.888888888888889,0.8333333333333334,15,0.8,1.0,0.888888888888889,0.8333333333333334,15,1.0,1.0,1.0,1.0,12
3812,6,0.75,1.0,0.8571428571428571,0.6666666666666666,8,0.75,1.0,0.8571428571428571,0.6666666666666666,8,1.0,1.0,1.0,1.0,6
4387,12,0.9230769230769231,1.0,0.9600000000000001,0.5,13,0.9230769230769231,1.0,0.9600000000000001,0.5,13,1.0,1.0,1.0,1.0,12
8106,14,0.7777777777777778,1.0,0.8750000000000001,0.7857142857142857,18,0.7777777777777778,1.0,0.8750000000000001,0.7857142857142857,18,1.0,1.0,1.0,1.0,14
7570,10,1.0,1.0,1.0,0.6,10,1.0,1.0,1.0,0.6,10,1.0,1.0,1.0,1.0,10
8367,21,0.875,1.0,0.9333333333333333,0.7142857142857143,24,0.9130434782608695,1.0,0.9545454545454545,0.7142857142857143,23,1.0,1.0,1.0,1.0,21
6949,8,0.8,1.0,0.888888888888889,0.75,10,0.8,1.0,0.888888888888889,0.75,10,1.0,1.0,1.0,1.0,8
14982,19,0.7307692307692307,1.0,0.8444444444444443,0.631578947368421,26,0.7307692307692307,1.0,0.8444444444444443,0.631578947368421,26,0.9473684210526315,0.9473684210526315,0.9473684210526315,1.0,19
6103,13,0.9285714285714286,1.0,0.962962962962963,0.6923076923076923,14,0.9285714285714286,1.0,0.962962962962963,0.6923076923076923,14,1.0,1.0,1.0,1.0,13
11700,6,0.8571428571428571,1.0,0.923076923076923,0.8333333333333334,7,0.8571428571428571,1.0,0.923076923076923,0.8333333333333334,7,1.0,1.0,1.0,1.0,6
3190,10,0.7692307692307693,1.0,0.8695652173913044,0.6,13,0.7692307692307693,1.0,0.8695652173913044,0.6,13,1.0,1.0,1.0,1.0,10
10300,8,0.7272727272727273,1.0,0.8421052631578948,0.75,11,0.7272727272727273,1.0,0.8421052631578948,0.75,11,1.0,1.0,1.0,1.0,8
1995,15,0.75,1.0,0.8571428571428571,0.6666666666666666,20,0.75,1.0,0.8571428571428571,0.6666666666666666,20,1.0,1.0,1.0,1.0,15
3337,21,0.8076923076923077,1.0,0.8936170212765957,0.7142857142857143,26,0.8076923076923077,1.0,0.8936170212765957,0.7142857142857143,26,1.0,1.0,1.0,1.0,21
14298,12,0.8,1.0,0.888888888888889,0.75,15,0.8,1.0,0.888888888888889,0.75,15,1.0,1.0,1.0,1.0,12
1295,24,0.8888888888888888,1.0,0.9411764705882353,0.7083333333333334,27,0.8888888888888888,1.0,0.9411764705882353,0.7083333333333334,27,1.0,0.9583333333333334,0.9787234042553191,1.0,23
962,15,1.0,1.0,1.0,0.6666666666666666,15,1.0,1.0,1.0,0.6666666666666666,15,1.0,1.0,1.0,1.0,15
14080,8,1.0,1.0,1.0,0.625,8,1.0,1.0,1.0,0.625,8,1.0,1.0,1.0,1.0,8
11690,14,0.5384615384615384,1.0,0.7000000000000001,0.7857142857142857,26,0.5384615384615384,1.0,0.7000000000000001,0.7857142857142857,26,1.0,1.0,1.0,1.0,14
10260,13,0.8666666666666667,1.0,0.9285714285714286,0.6923076923076923,15,0.8666666666666667,1.0,0.9285714285714286,0.6923076923076923,15,1.0,1.0,1.0,1.0,13
6658,7,1.0,1.0,1.0,0.8571428571428571,7,1.0,1.0,1.0,0.8571428571428571,7,1.0,1.0,1.0,1.0,7
5410,12,0.8571428571428571,1.0,0.923076923076923,0.6666666666666666,14,0.8571428571428571,1.0,0.923076923076923,0.6666666666666666,14,1.0,1.0,1.0,1.0,12
10227,7,1.0,1.0,1.0,0.7142857142857143,7,1.0,1.0,1.0,0.7142857142857143,7,1.0,1.0,1.0,1.0,7
1120,11,0.8461538461538461,1.0,0.9166666666666666,0.7272727272727273,13,0.8461538461538461,1.0,0.9166666666666666,0.7272727272727273,13,1.0,1.0,1.0,1.0,11
5340,9,1.0,1.0,1.0,0.6666666666666666,9,1.0,1.0,1.0,0.6666666666666666,9,1.0,1.0,1.0,1.0,9
11135,11,0.7857142857142857,1.0,0.88,0.8181818181818182,14,0.7857142857142857,1.0,0.88,0.8181818181818182,14,1.0,1.0,1.0,1.0,11
12655,12,0.9230769230769231,1.0,0.9600000000000001,0.6666666666666666,13,0.9230769230769231,1.0,0.9600000000000001,0.6666666666666666,13,1.0,1.0,1.0,1.0,12
10033,11,0.9166666666666666,1.0,0.9565217391304348,0.6363636363636364,12,0.9166666666666666,1.0,0.9565217391304348,0.6363636363636364,12,1.0,1.0,1.0,1.0,11
2668,11,1.0,1.0,1.0,0.5454545454545454,11,1.0,1.0,1.0,0.5454545454545454,11,1.0,1.0,1.0,1.0,11
8213,8,0.8,1.0,0.888888888888889,0.875,10,0.8,1.0,0.888888888888889,0.875,10,1.0,1.0,1.0,1.0,8
10321,7,1.0,1.0,1.0,0.7142857142857143,7,1.0,1.0,1.0,0.7142857142857143,7,1.0,1.0,1.0,1.0,7
7376,10,1.0,1.0,1.0,0.9,10,1.0,1.0,1.0,0.9,10,1.0,1.0,1.0,1.0,10
2660,15,0.9375,1.0,0.967741935483871,0.7333333333333333,16,0.9375,1.0,0.967741935483871,0.7333333333333333,16,0.9375,1.0,0.967741935483871,1.0,16
9504,8,1.0,1.0,1.0,0.625,8,1.0,1.0,1.0,0.625,8,1.0,1.0,1.0,1.0,8
11132,18,0.9473684210526315,1.0,0.972972972972973,0.8333333333333334,19,0.9473684210526315,1.0,0.972972972972973,0.8333333333333334,19,1.0,1.0,1.0,1.0,18
12294,11,1.0,1.0,1.0,0.8181818181818182,11,1.0,1.0,1.0,0.8181818181818182,11,1.0,1.0,1.0,1.0,11
2151,9,1.0,1.0,1.0,0.6666666666666666,9,1.0,1.0,1.0,0.6666666666666666,9,1.0,1.0,1.0,1.0,9
5459,7,0.5384615384615384,1.0,0.7000000000000001,0.8571428571428571,13,0.5384615384615384,1.0,0.7000000000000001,0.8571428571428571,13,1.0,1.0,1.0,1.0,7
14051,14,0.9333333333333333,1.0,0.9655172413793104,0.6428571428571429,15,0.9333333333333333,1.0,0.9655172413793104,0.6428571428571429,15,1.0,0.9285714285714286,0.962962962962963,1.0,13
12455,10,0.9090909090909091,1.0,0.9523809523809523,0.7,11,0.9090909090909091,1.0,0.9523809523809523,0.7,11,1.0,1.0,1.0,1.0,10
8066,12,0.9230769230769231,1.0,0.9600000000000001,0.75,13,0.9230769230769231,1.0,0.9600000000000001,0.75,13,1.0,1.0,1.0,1.0,12
2070,14,0.75,0.8571428571428571,0.7999999999999999,0.75,16,0.7368421052631579,1.0,0.8484848484848484,0.7142857142857143,19,1.0,0.8571428571428571,0.923076923076923,1.0,12
6687,9,1.0,1.0,1.0,0.5555555555555556,9,1.0,1.0,1.0,0.5555555555555556,9,1.0,1.0,1.0,1.0,9
5552,7,0.875,1.0,0.9333333333333333,0.8571428571428571,8,0.875,1.0,0.9333333333333333,0.8571428571428571,8,1.0,1.0,1.0,1.0,7
14954,14,0.9333333333333333,1.0,0.9655172413793104,0.5714285714285714,15,0.9333333333333333,1.0,0.9655172413793104,0.5714285714285714,15,1.0,1.0,1.0,1.0,14
11599,10,0.9090909090909091,1.0,0.9523809523809523,0.7,11,0.9090909090909091,1.0,0.9523809523809523,0.7,11,1.0,1.0,1.0,1.0,10
17014,12,0.9230769230769231,1.0,0.9600000000000001,0.6666666666666666,13,0.9230769230769231,1.0,0.9600000000000001,0.6666666666666666,13,1.0,1.0,1.0,1.0,12
12737,8,0.6666666666666666,1.0,0.8,0.75,12,0.6666666666666666,1.0,0.8,0.75,12,1.0,1.0,1.0,1.0,8
140,15,1.0,1.0,1.0,0.7333333333333333,15,1.0,1.0,1.0,0.7333333333333333,15,1.0,1.0,1.0,1.0,15
4163,14,0.7777777777777778,1.0,0.8750000000000001,0.7857142857142857,18,0.7777777777777778,1.0,0.8750000000000001,0.7857142857142857,18,1.0,1.0,1.0,1.0,14
10562,7,1.0,1.0,1.0,0.5714285714285714,7,1.0,1.0,1.0,0.5714285714285714,7,1.0,1.0,1.0,1.0,7
13501,9,0.9,1.0,0.9473684210526316,0.5555555555555556,10,0.9,1.0,0.9473684210526316,0.5555555555555556,10,1.0,1.0,1.0,1.0,9
8659,9,0.9,1.0,0.9473684210526316,0.6666666666666666,10,0.9,1.0,0.9473684210526316,0.6666666666666666,10,1.0,1.0,1.0,1.0,9
1748,13,0.9285714285714286,1.0,0.962962962962963,0.6153846153846154,14,0.9285714285714286,1.0,0.962962962962963,0.6153846153846154,14,1.0,1.0,1.0,1.0,13
5057,17,0.85,1.0,0.9189189189189189,0.7647058823529411,20,0.8947368421052632,1.0,0.9444444444444444,0.7647058823529411,19,1.0,1.0,1.0,1.0,17
2591,12,0.8,1.0,0.888888888888889,0.6666666666666666,15,0.8,1.0,0.888888888888889,0.6666666666666666,15,1.0,1.0,1.0,1.0,12
4408,7,1.0,1.0,1.0,1.0,7,1.0,1.0,1.0,1.0,7,1.0,1.0,1.0,1.0,7
6200,12,1.0,1.0,1.0,0.6666666666666666,12,1.0,1.0,1.0,0.6666666666666666,12,1.0,1.0,1.0,1.0,12
7394,18,0.782608695652174,1.0,0.878048780487805,0.9444444444444444,23,0.782608695652174,1.0,0.878048780487805,0.9444444444444444,23,1.0,1.0,1.0,1.0,18
7845,13,1.0,1.0,1.0,0.6923076923076923,13,1.0,1.0,1.0,0.6923076923076923,13,1.0,1.0,1.0,1.0,13
13060,11,1.0,1.0,1.0,0.7272727272727273,11,1.0,1.0,1.0,0.7272727272727273,11,1.0,1.0,1.0,1.0,11
17052,11,0.8461538461538461,1.0,0.9166666666666666,0.6363636363636364,13,0.8461538461538461,1.0,0.9166666666666666,0.6363636363636364,13,1.0,1.0,1.0,1.0,11
2543,8,1.0,1.0,1.0,0.625,8,1.0,1.0,1.0,0.625,8,1.0,1.0,1.0,1.0,8
11668,17,1.0,1.0,1.0,0.6470588235294118,17,1.0,1.0,1.0,0.6470588235294118,17,1.0,1.0,1.0,1.0,17
8679,19,0.95,1.0,0.9743589743589743,0.7894736842105263,20,0.95,1.0,0.9743589743589743,0.7894736842105263,20,1.0,1.0,1.0,1.0,19
14680,13,1.0,1.0,1.0,0.6923076923076923,13,1.0,1.0,1.0,0.6923076923076923,13,1.0,1.0,1.0,1.0,13
12642,8,1.0,1.0,1.0,0.875,8,1.0,1.0,1.0,0.875,8,1.0,1.0,1.0,1.0,8
16664,12,0.8571428571428571,1.0,0.923076923076923,0.5833333333333334,14,0.8571428571428571,1.0,0.923076923076923,0.5833333333333334,14,1.0,1.0,1.0,1.0,12
14843,7,0.875,1.0,0.9333333333333333,0.5714285714285714,8,0.875,1.0,0.9333333333333333,0.5714285714285714,8,1.0,1.0,1.0,1.0,7
3828,14,0.875,1.0,0.9333333333333333,0.8571428571428571,16,0.875,1.0,0.9333333333333333,0.8571428571428571,16,1.0,1.0,1.0,1.0,14
7594,12,0.9230769230769231,1.0,0.9600000000000001,0.5833333333333334,13,0.9230769230769231,1.0,0.9600000000000001,0.5833333333333334,13,1.0,1.0,1.0,1.0,12
513,12,0.8,1.0,0.888888888888889,0.75,15,0.8,1.0,0.888888888888889,0.75,15,1.0,1.0,1.0,1.0,12
16922,10,0.9090909090909091,1.0,0.9523809523809523,0.7,11,0.9090909090909091,1.0,0.9523809523809523,0.7,11,1.0,1.0,1.0,1.0,10
3662,10,0.9090909090909091,1.0,0.9523809523809523,0.5,11,0.9090909090909091,1.0,0.9523809523809523,0.5,11,1.0,1.0,1.0,1.0,10
7259,7,0.7777777777777778,1.0,0.8750000000000001,0.5714285714285714,9,0.7777777777777778,1.0,0.8750000000000001,0.5714285714285714,9,1.0,1.0,1.0,1.0,7
6661,15,0.9375,1.0,0.967741935483871,0.8,16,0.9375,1.0,0.967741935483871,0.8,16,1.0,1.0,1.0,1.0,15
16744,18,0.75,1.0,0.8571428571428571,0.7777777777777778,24,0.75,1.0,0.8571428571428571,0.7777777777777778,24,1.0,1.0,1.0,1.0,18
5951,12,0.8571428571428571,1.0,0.923076923076923,0.8333333333333334,14,0.8571428571428571,1.0,0.923076923076923,0.8333333333333334,14,1.0,1.0,1.0,1.0,12
10814,8,1.0,1.0,1.0,0.75,8,1.0,1.0,1.0,0.75,8,1.0,1.0,1.0,1.0,8
11009,9,0.75,1.0,0.8571428571428571,0.7777777777777778,12,0.75,1.0,0.8571428571428571,0.7777777777777778,12,1.0,1.0,1.0,1.0,9
11655,7,0.875,1.0,0.9333333333333333,0.8571428571428571,8,0.875,1.0,0.9333333333333333,0.8571428571428571,8,1.0,1.0,1.0,1.0,7
14644,13,0.9285714285714286,1.0,0.962962962962963,0.6153846153846154,14,0.9285714285714286,1.0,0.962962962962963,0.6153846153846154,14,1.0,1.0,1.0,1.0,13
13826,15,0.75,1.0,0.8571428571428571,0.8666666666666667,20,0.75,1.0,0.8571428571428571,0.8666666666666667,20,1.0,1.0,1.0,1.0,15
11921,8,0.7272727272727273,1.0,0.8421052631578948,0.625,11,0.7272727272727273,1.0,0.8421052631578948,0.625,11,1.0,1.0,1.0,1.0,8
4045,7,1.0,1.0,1.0,0.7142857142857143,7,1.0,1.0,1.0,0.7142857142857143,7,1.0,1.0,1.0,1.0,7
10775,9,1.0,1.0,1.0,0.5555555555555556,9,1.0,1.0,1.0,0.5555555555555556,9,1.0,1.0,1.0,1.0,9
6491,11,1.0,1.0,1.0,0.5454545454545454,11,1.0,1.0,1.0,0.5454545454545454,11,1.0,1.0,1.0,1.0,11
7197,13,0.9285714285714286,1.0,0.962962962962963,0.5384615384615384,14,0.9285714285714286,1.0,0.962962962962963,0.5384615384615384,14,1.0,1.0,1.0,1.0,13
11271,11,1.0,1.0,1.0,0.6363636363636364,11,1.0,1.0,1.0,0.6363636363636364,11,1.0,1.0,1.0,1.0,11
8354,10,0.9090909090909091,1.0,0.9523809523809523,0.6,11,0.9090909090909091,1.0,0.9523809523809523,0.6,11,1.0,1.0,1.0,1.0,10
1871,9,0.8181818181818182,1.0,0.9,0.6666666666666666,11,0.8181818181818182,1.0,0.9,0.6666666666666666,11,1.0,1.0,1.0,1.0,9
13883,11,0.9166666666666666,1.0,0.9565217391304348,0.8181818181818182,12,0.9166666666666666,1.0,0.9565217391304348,0.8181818181818182,12,1.0,1.0,1.0,1.0,11
1670,10,1.0,1.0,1.0,0.6,10,1.0,1.0,1.0,0.6,10,1.0,1.0,1.0,1.0,10
2189,8,0.8888888888888888,1.0,0.9411764705882353,0.75,9,0.8888888888888888,1.0,0.9411764705882353,0.75,9,1.0,1.0,1.0,1.0,8
16113,6,1.0,1.0,1.0,0.6666666666666666,6,1.0,1.0,1.0,0.6666666666666666,6,1.0,1.0,1.0,1.0,6
7481,8,1.0,1.0,1.0,0.625,8,1.0,1.0,1.0,0.625,8,1.0,1.0,1.0,1.0,8
8484,6,0.8571428571428571,1.0,0.923076923076923,0.5,7,0.8571428571428571,1.0,0.923076923076923,0.5,7,1.0,1.0,1.0,1.0,6
4939,8,0.8888888888888888,1.0,0.9411764705882353,0.75,9,0.8888888888888888,1.0,0.9411764705882353,0.75,9,1.0,1.0,1.0,1.0,8
16554,13,0.7647058823529411,1.0,0.8666666666666666,0.6923076923076923,17,0.7647058823529411,1.0,0.8666666666666666,0.6923076923076923,17,1.0,0.9230769230769231,0.9600000000000001,1.0,12
2118,10,1.0,1.0,1.0,0.7,10,1.0,1.0,1.0,0.7,10,1.0,1.0,1.0,1.0,10
10248,9,1.0,1.0,1.0,0.6666666666666666,9,1.0,1.0,1.0,0.6666666666666666,9,1.0,1.0,1.0,1.0,9
16428,10,1.0,1.0,1.0,1.0,10,1.0,1.0,1.0,1.0,10,1.0,1.0,1.0,1.0,10
2277,11,1.0,1.0,1.0,0.5454545454545454,11,1.0,1.0,1.0,0.5454545454545454,11,1.0,1.0,1.0,1.0,11
11006,9,0.9,1.0,0.9473684210526316,0.6666666666666666,10,0.9,1.0,0.9473684210526316,0.6666666666666666,10,1.0,1.0,1.0,1.0,9
1216,11,0.9090909090909091,0.9090909090909091,0.9090909090909091,0.8,11,0.7857142857142857,1.0,0.88,0.7272727272727273,14,1.0,0.9090909090909091,0.9523809523809523,1.0,10
1213,12,1.0,1.0,1.0,0.5833333333333334,12,1.0,1.0,1.0,0.5833333333333334,12,1.0,1.0,1.0,1.0,12
15024,10,0.7692307692307693,1.0,0.8695652173913044,0.7,13,0.7692307692307693,1.0,0.8695652173913044,0.7,13,1.0,1.0,1.0,1.0,10
15724,11,0.9166666666666666,1.0,0.9565217391304348,0.6363636363636364,12,0.9166666666666666,1.0,0.9565217391304348,0.6363636363636364,12,1.0,1.0,1.0,1.0,11
7147,16,1.0,1.0,1.0,0.6875,16,1.0,1.0,1.0,0.6875,16,1.0,1.0,1.0,1.0,16
6855,14,0.875,1.0,0.9333333333333333,0.5714285714285714,16,0.875,1.0,0.9333333333333333,0.5714285714285714,16,1.0,1.0,1.0,1.0,14
13952,11,0.6875,1.0,0.8148148148148148,0.7272727272727273,16,0.6875,1.0,0.8148148148148148,0.7272727272727273,16,1.0,1.0,1.0,1.0,11
7787,9,0.9,1.0,0.9473684210526316,0.6666666666666666,10,0.9,1.0,0.9473684210526316,0.6666666666666666,10,1.0,1.0,1.0,1.0,9
8563,15,0.7894736842105263,1.0,0.8823529411764706,0.8666666666666667,19,0.7894736842105263,1.0,0.8823529411764706,0.8666666666666667,19,1.0,1.0,1.0,1.0,15
17076,13,0.8666666666666667,1.0,0.9285714285714286,0.7692307692307693,15,0.8666666666666667,1.0,0.9285714285714286,0.7692307692307693,15,1.0,1.0,1.0,1.0,13
6154,10,1.0,1.0,1.0,0.8,10,1.0,1.0,1.0,0.8,10,1.0,1.0,1.0,1.0,10
8664,12,0.7857142857142857,0.9166666666666666,0.8461538461538461,0.8181818181818182,14,0.75,1.0,0.8571428571428571,0.75,16,1.0,0.9166666666666666,0.9565217391304348,1.0,11
14537,11,0.8461538461538461,1.0,0.9166666666666666,0.7272727272727273,13,0.8461538461538461,1.0,0.9166666666666666,0.7272727272727273,13,1.0,1.0,1.0,1.0,11
15379,11,1.0,1.0,1.0,0.7272727272727273,11,1.0,1.0,1.0,0.7272727272727273,11,1.0,1.0,1.0,1.0,11
12677,15,1.0,1.0,1.0,0.9333333333333333,15,1.0,1.0,1.0,0.9333333333333333,15,1.0,1.0,1.0,1.0,15
11799,7,0.875,1.0,0.9333333333333333,0.7142857142857143,8,0.875,1.0,0.9333333333333333,0.7142857142857143,8,1.0,1.0,1.0,1.0,7
13685,11,1.0,1.0,1.0,0.7272727272727273,11,1.0,1.0,1.0,0.7272727272727273,11,1.0,1.0,1.0,1.0,11
7696,16,1.0,1.0,1.0,0.875,16,1.0,1.0,1.0,0.875,16,1.0,1.0,1.0,1.0,16
3258,9,0.6428571428571429,1.0,0.782608695652174,0.6666666666666666,14,0.6428571428571429,1.0,0.782608695652174,0.6666666666666666,14,1.0,1.0,1.0,1.0,9
355,10,1.0,1.0,1.0,1.0,10,1.0,1.0,1.0,1.0,10,1.0,1.0,1.0,1.0,10
14747,8,0.8888888888888888,1.0,0.9411764705882353,0.75,9,0.8888888888888888,1.0,0.9411764705882353,0.75,9,1.0,1.0,1.0,1.0,8
10509,11,1.0,1.0,1.0,0.7272727272727273,11,1.0,1.0,1.0,0.7272727272727273,11,1.0,0.9090909090909091,0.9523809523809523,1.0,10
13516,10,0.7142857142857143,1.0,0.8333333333333333,0.7,14,0.7142857142857143,1.0,0.8333333333333333,0.7,14,1.0,1.0,1.0,1.0,10
9978,13,1.0,1.0,1.0,0.5384615384615384,13,1.0,1.0,1.0,0.5384615384615384,13,1.0,1.0,1.0,1.0,13
4851,10,0.8333333333333334,1.0,0.9090909090909091,0.6,12,0.8333333333333334,1.0,0.9090909090909091,0.6,12,1.0,1.0,1.0,1.0,10
15948,11,0.7857142857142857,1.0,0.88,0.6363636363636364,14,0.7333333333333333,1.0,0.846153846153846,0.6363636363636364,15,1.0,1.0,1.0,1.0,11
12057,8,0.6666666666666666,1.0,0.8,0.75,12,0.6666666666666666,1.0,0.8,0.75,12,1.0,1.0,1.0,1.0,8
1668,11,0.7333333333333333,1.0,0.846153846153846,0.7272727272727273,15,0.7333333333333333,1.0,0.846153846153846,0.7272727272727273,15,1.0,1.0,1.0,1.0,11
12477,7,1.0,1.0,1.0,0.8571428571428571,7,1.0,1.0,1.0,0.8571428571428571,7,1.0,1.0,1.0,1.0,7
14528,9,0.9,1.0,0.9473684210526316,0.7777777777777778,10,0.9,1.0,0.9473684210526316,0.7777777777777778,10,1.0,1.0,1.0,1.0,9
9255,18,0.8181818181818182,1.0,0.9,0.7777777777777778,22,0.8181818181818182,1.0,0.9,0.7777777777777778,22,1.0,1.0,1.0,1.0,18
1318,12,0.8571428571428571,1.0,0.923076923076923,0.5,14,0.8571428571428571,1.0,0.923076923076923,0.5,14,1.0,1.0,1.0,1.0,12
15683,11,1.0,1.0,1.0,0.6363636363636364,11,1.0,1.0,1.0,0.6363636363636364,11,1.0,1.0,1.0,1.0,11
4218,10,1.0,1.0,1.0,0.5,10,1.0,1.0,1.0,0.5,10,1.0,1.0,1.0,1.0,10
16240,15,0.7894736842105263,1.0,0.8823529411764706,0.8,19,0.7894736842105263,1.0,0.8823529411764706,0.8,19,1.0,1.0,1.0,1.0,15
15368,10,1.0,1.0,1.0,0.6,10,1.0,1.0,1.0,0.6,10,1.0,1.0,1.0,1.0,10
986,17,0.85,1.0,0.9189189189189189,0.7647058823529411,20,0.85,1.0,0.9189189189189189,0.7647058823529411,20,1.0,1.0,1.0,1.0,17
15983,12,0.75,1.0,0.8571428571428571,0.6666666666666666,16,0.75,1.0,0.8571428571428571,0.6666666666666666,16,1.0,1.0,1.0,1.0,12
13204,8,0.7272727272727273,1.0,0.8421052631578948,0.75,11,0.7272727272727273,1.0,0.8421052631578948,0.75,11,1.0,1.0,1.0,1.0,8
10922,11,1.0,1.0,1.0,0.8181818181818182,11,1.0,1.0,1.0,0.8181818181818182,11,1.0,1.0,1.0,1.0,11
13126,9,1.0,1.0,1.0,0.4444444444444444,9,1.0,1.0,1.0,0.4444444444444444,9,1.0,1.0,1.0,1.0,9
11952,11,1.0,1.0,1.0,0.7272727272727273,11,1.0,1.0,1.0,0.7272727272727273,11,1.0,1.0,1.0,1.0,11
4468,10,1.0,1.0,1.0,0.8,10,1.0,1.0,1.0,0.8,10,1.0,1.0,1.0,1.0,10
14197,8,1.0,1.0,1.0,0.625,8,1.0,1.0,1.0,0.625,8,1.0,1.0,1.0,1.0,8
1923,10,1.0,1.0,1.0,0.6,10,1.0,1.0,1.0,0.6,10,1.0,1.0,1.0,1.0,10
1661,12,0.8,1.0,0.888888888888889,0.6666666666666666,15,0.8,1.0,0.888888888888889,0.6666666666666666,15,1.0,1.0,1.0,1.0,12
3016,8,1.0,1.0,1.0,0.625,8,1.0,1.0,1.0,0.625,8,1.0,1.0,1.0,1.0,8
3045,11,0.9166666666666666,1.0,0.9565217391304348,0.6363636363636364,12,0.9166666666666666,1.0,0.9565217391304348,0.6363636363636364,12,1.0,0.9090909090909091,0.9523809523809523,1.0,10
1646,14,0.9333333333333333,1.0,0.9655172413793104,0.8571428571428571,15,0.9333333333333333,1.0,0.9655172413793104,0.8571428571428571,15,1.0,1.0,1.0,1.0,14
3615,12,1.0,1.0,1.0,0.8333333333333334,12,1.0,1.0,1.0,0.8333333333333334,12,1.0,1.0,1.0,1.0,12
7145,10,1.0,1.0,1.0,0.7,10,1.0,1.0,1.0,0.7,10,1.0,1.0,1.0,1.0,10
2928,20,0.9523809523809523,1.0,0.975609756097561,0.85,21,0.9523809523809523,1.0,0.975609756097561,0.85,21,1.0,1.0,1.0,1.0,20
11696,8,1.0,1.0,1.0,0.625,8,1.0,1.0,1.0,0.625,8,1.0,1.0,1.0,1.0,8
16738,13,0.7647058823529411,1.0,0.8666666666666666,0.5384615384615384,17,0.7647058823529411,1.0,0.8666666666666666,0.5384615384615384,17,1.0,1.0,1.0,1.0,13
6946,12,0.9230769230769231,1.0,0.9600000000000001,0.75,13,0.9230769230769231,1.0,0.9600000000000001,0.75,13,1.0,1.0,1.0,1.0,12
12832,11,1.0,1.0,1.0,0.6363636363636364,11,1.0,1.0,1.0,0.6363636363636364,11,1.0,1.0,1.0,1.0,11
6853,8,1.0,1.0,1.0,0.875,8,1.0,1.0,1.0,0.875,8,1.0,1.0,1.0,1.0,8
2563,14,0.7,1.0,0.8235294117647058,0.7857142857142857,20,0.7,1.0,0.8235294117647058,0.7857142857142857,20,1.0,1.0,1.0,1.0,14
5706,10,1.0,1.0,1.0,0.6,10,1.0,1.0,1.0,0.6,10,1.0,1.0,1.0,1.0,10
7350,11,1.0,1.0,1.0,0.6363636363636364,11,1.0,1.0,1.0,0.6363636363636364,11,1.0,1.0,1.0,1.0,11
1477,16,0.9411764705882353,1.0,0.9696969696969697,0.6875,17,0.9411764705882353,1.0,0.9696969696969697,0.6875,17,1.0,1.0,1.0,1.0,16
7546,13,1.0,1.0,1.0,0.6153846153846154,13,1.0,1.0,1.0,0.6153846153846154,13,1.0,1.0,1.0,1.0,13
10695,9,0.9,1.0,0.9473684210526316,0.6666666666666666,10,0.9,1.0,0.9473684210526316,0.6666666666666666,10,1.0,1.0,1.0,1.0,9
5237,10,0.9090909090909091,1.0,0.9523809523809523,0.5,11,0.9090909090909091,1.0,0.9523809523809523,0.5,11,1.0,1.0,1.0,1.0,10
14368,14,0.8235294117647058,1.0,0.9032258064516129,0.7857142857142857,17,0.8235294117647058,1.0,0.9032258064516129,0.7857142857142857,17,1.0,1.0,1.0,1.0,14
6631,19,0.95,1.0,0.9743589743589743,0.8421052631578947,20,0.95,1.0,0.9743589743589743,0.8421052631578947,20,1.0,1.0,1.0,1.0,19
3667,15,1.0,1.0,1.0,0.7333333333333333,15,1.0,1.0,1.0,0.7333333333333333,15,1.0,1.0,1.0,1.0,15
7494,10,1.0,1.0,1.0,0.8,10,1.0,1.0,1.0,0.8,10,1.0,1.0,1.0,1.0,10
1183,14,0.8235294117647058,1.0,0.9032258064516129,0.7142857142857143,17,0.8235294117647058,1.0,0.9032258064516129,0.7142857142857143,17,1.0,1.0,1.0,1.0,14
2775,19,0.8636363636363636,1.0,0.9268292682926829,0.7368421052631579,22,0.8636363636363636,1.0,0.9268292682926829,0.7368421052631579,22,1.0,0.8947368421052632,0.9444444444444444,1.0,17
4726,13,0.8125,1.0,0.896551724137931,0.6153846153846154,16,0.8125,1.0,0.896551724137931,0.6153846153846154,16,1.0,1.0,1.0,1.0,13
7440,10,0.8333333333333334,1.0,0.9090909090909091,0.7,12,0.8333333333333334,1.0,0.9090909090909091,0.7,12,1.0,1.0,1.0,1.0,10
1645,13,1.0,1.0,1.0,0.8461538461538461,13,1.0,1.0,1.0,0.8461538461538461,13,1.0,1.0,1.0,1.0,13
2162,8,1.0,1.0,1.0,0.75,8,1.0,1.0,1.0,0.75,8,1.0,1.0,1.0,1.0,8
13538,8,1.0,1.0,1.0,0.5,8,1.0,1.0,1.0,0.5,8,1.0,1.0,1.0,1.0,8
16283,9,0.9,1.0,0.9473684210526316,0.6666666666666666,10,0.9,1.0,0.9473684210526316,0.6666666666666666,10,1.0,1.0,1.0,1.0,9
12278,10,0.7142857142857143,1.0,0.8333333333333333,0.6,14,0.7142857142857143,1.0,0.8333333333333333,0.6,14,1.0,1.0,1.0,1.0,10
9767,7,0.875,1.0,0.9333333333333333,0.7142857142857143,8,0.875,1.0,0.9333333333333333,0.7142857142857143,8,1.0,1.0,1.0,1.0,7
1059,2,0.3333333333333333,1.0,0.5,0.5,6,0.3333333333333333,1.0,0.5,0.5,6,1.0,1.0,1.0,1.0,2
16233,10,0.9090909090909091,1.0,0.9523809523809523,0.8,11,0.9090909090909091,1.0,0.9523809523809523,0.8,11,1.0,1.0,1.0,1.0,10
14169,15,0.9375,1.0,0.967741935483871,0.6666666666666666,16,0.9375,1.0,0.967741935483871,0.6666666666666666,16,1.0,1.0,1.0,1.0,15
8237,16,0.9411764705882353,1.0,0.9696969696969697,0.6875,17,0.9411764705882353,1.0,0.9696969696969697,0.6875,17,1.0,1.0,1.0,1.0,16
1265,11,0.9166666666666666,1.0,0.9565217391304348,0.6363636363636364,12,0.9166666666666666,1.0,0.9565217391304348,0.6363636363636364,12,1.0,1.0,1.0,1.0,11
772,13,0.7222222222222222,1.0,0.8387096774193548,0.6923076923076923,18,0.7222222222222222,1.0,0.8387096774193548,0.6923076923076923,18,1.0,1.0,1.0,1.0,13
3673,12,1.0,1.0,1.0,0.5833333333333334,12,1.0,1.0,1.0,0.5833333333333334,12,1.0,1.0,1.0,1.0,12
9808,14,0.7368421052631579,1.0,0.8484848484848484,0.7142857142857143,19,0.7368421052631579,1.0,0.8484848484848484,0.7142857142857143,19,1.0,1.0,1.0,1.0,14
16880,8,0.8888888888888888,1.0,0.9411764705882353,0.75,9,0.8888888888888888,1.0,0.9411764705882353,0.75,9,1.0,1.0,1.0,1.0,8
13920,10,0.8333333333333334,1.0,0.9090909090909091,0.7,12,0.8333333333333334,1.0,0.9090909090909091,0.7,12,1.0,1.0,1.0,1.0,10
16338,12,0.8,1.0,0.888888888888889,0.5,15,0.8,1.0,0.888888888888889,0.5,15,1.0,1.0,1.0,1.0,12
3222,12,0.7058823529411765,1.0,0.8275862068965517,0.8333333333333334,17,0.7058823529411765,1.0,0.8275862068965517,0.8333333333333334,17,1.0,1.0,1.0,1.0,12
4996,11,0.9166666666666666,1.0,0.9565217391304348,0.6363636363636364,12,0.9166666666666666,1.0,0.9565217391304348,0.6363636363636364,12,1.0,1.0,1.0,1.0,11
12103,9,1.0,1.0,1.0,0.6666666666666666,9,1.0,1.0,1.0,0.6666666666666666,9,1.0,1.0,1.0,1.0,9
15929,9,1.0,1.0,1.0,0.5555555555555556,9,1.0,1.0,1.0,0.5555555555555556,9,1.0,1.0,1.0,1.0,9
5258,6,0.8571428571428571,1.0,0.923076923076923,0.5,7,0.8571428571428571,1.0,0.923076923076923,0.5,7,1.0,1.0,1.0,1.0,6
15278,18,0.75,1.0,0.8571428571428571,0.6111111111111112,24,0.75,1.0,0.8571428571428571,0.6111111111111112,24,1.0,1.0,1.0,1.0,18
8247,10,0.8333333333333334,1.0,0.9090909090909091,0.7,12,0.8333333333333334,1.0,0.9090909090909091,0.7,12,1.0,1.0,1.0,1.0,10
3264,13,1.0,1.0,1.0,0.6153846153846154,13,1.0,1.0,1.0,0.6153846153846154,13,1.0,1.0,1.0,1.0,13
7722,11,0.7857142857142857,1.0,0.88,0.6363636363636364,14,0.7857142857142857,1.0,0.88,0.6363636363636364,14,1.0,1.0,1.0,1.0,11
3852,10,0.9090909090909091,1.0,0.9523809523809523,0.7,11,0.9090909090909091,1.0,0.9523809523809523,0.7,11,1.0,1.0,1.0,1.0,10
7985,8,1.0,1.0,1.0,0.5,8,1.0,1.0,1.0,0.5,8,1.0,1.0,1.0,1.0,8
6416,8,1.0,1.0,1.0,1.0,8,1.0,1.0,1.0,1.0,8,1.0,1.0,1.0,1.0,8
2275,8,1.0,1.0,1.0,0.5,8,1.0,1.0,1.0,0.5,8,1.0,1.0,1.0,1.0,8
8658,7,1.0,1.0,1.0,0.7142857142857143,7,1.0,1.0,1.0,0.7142857142857143,7,1.0,1.0,1.0,1.0,7
4469,11,0.9166666666666666,1.0,0.9565217391304348,0.8181818181818182,12,0.9166666666666666,1.0,0.9565217391304348,0.8181818181818182,12,1.0,1.0,1.0,1.0,11
2514,11,1.0,1.0,1.0,0.7272727272727273,11,1.0,1.0,1.0,0.7272727272727273,11,1.0,1.0,1.0,1.0,11
1443,18,1.0,1.0,1.0,0.7222222222222222,18,1.0,1.0,1.0,0.7222222222222222,18,1.0,1.0,1.0,1.0,18
12985,17,0.7391304347826086,1.0,0.85,0.8235294117647058,23,0.7391304347826086,1.0,0.85,0.8235294117647058,23,1.0,1.0,1.0,1.0,17
5399,8,1.0,1.0,1.0,0.625,8,1.0,1.0,1.0,0.625,8,1.0,1.0,1.0,1.0,8
6111,10,0.7692307692307693,1.0,0.8695652173913044,0.6,13,0.7692307692307693,1.0,0.8695652173913044,0.6,13,1.0,1.0,1.0,1.0,10
6270,7,1.0,1.0,1.0,0.42857142857142855,7,1.0,1.0,1.0,0.42857142857142855,7,1.0,1.0,1.0,1.0,7
9877,13,1.0,1.0,1.0,0.6923076923076923,13,1.0,1.0,1.0,0.6923076923076923,13,1.0,1.0,1.0,1.0,13
2785,14,0.9333333333333333,1.0,0.9655172413793104,0.6428571428571429,15,0.9333333333333333,1.0,0.9655172413793104,0.6428571428571429,15,1.0,1.0,1.0,1.0,14
8783,13,1.0,1.0,1.0,0.8461538461538461,13,1.0,1.0,1.0,0.8461538461538461,13,1.0,1.0,1.0,1.0,13
10225,8,1.0,1.0,1.0,0.625,8,1.0,1.0,1.0,0.625,8,1.0,1.0,1.0,1.0,8
2755,7,1.0,1.0,1.0,0.7142857142857143,7,1.0,1.0,1.0,0.7142857142857143,7,1.0,1.0,1.0,1.0,7
417,11,0.8461538461538461,1.0,0.9166666666666666,0.7272727272727273,13,0.8461538461538461,1.0,0.9166666666666666,0.7272727272727273,13,1.0,1.0,1.0,1.0,11
13058,10,0.9090909090909091,1.0,0.9523809523809523,0.5,11,0.9090909090909091,1.0,0.9523809523809523,0.5,11,1.0,1.0,1.0,1.0,10
17045,7,0.7777777777777778,1.0,0.8750000000000001,0.7142857142857143,9,0.7777777777777778,1.0,0.8750000000000001,0.7142857142857143,9,1.0,1.0,1.0,1.0,7
16896,8,1.0,1.0,1.0,0.625,8,1.0,1.0,1.0,0.625,8,1.0,1.0,1.0,1.0,8
8278,13,1.0,1.0,1.0,0.6923076923076923,13,1.0,1.0,1.0,0.6923076923076923,13,1.0,1.0,1.0,1.0,13
10035,15,0.9375,1.0,0.967741935483871,0.8666666666666667,16,0.9375,1.0,0.967741935483871,0.8666666666666667,16,1.0,1.0,1.0,1.0,15
12501,10,0.7692307692307693,1.0,0.8695652173913044,0.8,13,0.7692307692307693,1.0,0.8695652173913044,0.8,13,1.0,1.0,1.0,1.0,10
16120,11,1.0,1.0,1.0,0.6363636363636364,11,1.0,1.0,1.0,0.6363636363636364,11,1.0,1.0,1.0,1.0,11
9902,19,1.0,1.0,1.0,0.6842105263157895,19,1.0,1.0,1.0,0.6842105263157895,19,1.0,1.0,1.0,1.0,19
13636,7,1.0,1.0,1.0,0.42857142857142855,7,1.0,1.0,1.0,0.42857142857142855,7,1.0,1.0,1.0,1.0,7
923,12,0.9230769230769231,1.0,0.9600000000000001,0.6666666666666666,13,0.9230769230769231,1.0,0.9600000000000001,0.6666666666666666,13,1.0,1.0,1.0,1.0,12
2862,14,1.0,1.0,1.0,0.6428571428571429,14,1.0,1.0,1.0,0.6428571428571429,14,1.0,1.0,1.0,1.0,14
277,17,0.85,1.0,0.9189189189189189,0.8235294117647058,20,0.85,1.0,0.9189189189189189,0.8235294117647058,20,1.0,1.0,1.0,1.0,17
6319,12,0.8571428571428571,1.0,0.923076923076923,0.8333333333333334,14,0.8571428571428571,1.0,0.923076923076923,0.8333333333333334,14,1.0,1.0,1.0,1.0,12
13719,8,1.0,1.0,1.0,0.625,8,1.0,1.0,1.0,0.625,8,1.0,1.0,1.0,1.0,8
1004,9,0.6923076923076923,1.0,0.8181818181818181,0.6666666666666666,13,0.6923076923076923,1.0,0.8181818181818181,0.6666666666666666,13,1.0,1.0,1.0,1.0,9
10266,10,1.0,1.0,1.0,0.7,10,1.0,1.0,1.0,0.7,10,1.0,1.0,1.0,1.0,10
15815,8,1.0,1.0,1.0,0.75,8,1.0,1.0,1.0,0.75,8,1.0,1.0,1.0,1.0,8
9200,7,0.875,1.0,0.9333333333333333,0.5714285714285714,8,0.875,1.0,0.9333333333333333,0.5714285714285714,8,1.0,1.0,1.0,1.0,7
11596,10,0.7142857142857143,1.0,0.8333333333333333,0.6,14,0.7142857142857143,1.0,0.8333333333333333,0.6,14,1.0,1.0,1.0,1.0,10
13420,8,0.8888888888888888,1.0,0.9411764705882353,0.5,9,0.8888888888888888,1.0,0.9411764705882353,0.5,9,1.0,1.0,1.0,1.0,8
13961,15,1.0,1.0,1.0,0.8,15,1.0,1.0,1.0,0.8,15,1.0,1.0,1.0,1.0,15
3788,10,0.7142857142857143,1.0,0.8333333333333333,0.8,14,0.7142857142857143,1.0,0.8333333333333333,0.8,14,1.0,1.0,1.0,1.0,10
8053,11,0.8461538461538461,1.0,0.9166666666666666,0.8181818181818182,13,0.8461538461538461,1.0,0.9166666666666666,0.8181818181818182,13,1.0,1.0,1.0,1.0,11
5234,6,1.0,1.0,1.0,0.6666666666666666,6,1.0,1.0,1.0,0.6666666666666666,6,1.0,1.0,1.0,1.0,6
13646,9,0.9,1.0,0.9473684210526316,0.8888888888888888,10,0.9,1.0,0.9473684210526316,0.8888888888888888,10,1.0,1.0,1.0,1.0,9
8678,18,1.0,1.0,1.0,0.7777777777777778,18,1.0,1.0,1.0,0.7777777777777778,18,1.0,1.0,1.0,1.0,18
7456,10,0.8333333333333334,1.0,0.9090909090909091,0.7,12,0.8333333333333334,1.0,0.9090909090909091,0.7,12,1.0,1.0,1.0,1.0,10
15677,22,0.8461538461538461,1.0,0.9166666666666666,0.8181818181818182,26,0.8461538461538461,1.0,0.9166666666666666,0.8181818181818182,26,1.0,1.0,1.0,1.0,22
9351,11,0.8461538461538461,1.0,0.9166666666666666,0.7272727272727273,13,0.8461538461538461,1.0,0.9166666666666666,0.7272727272727273,13,1.0,1.0,1.0,1.0,11
7982,9,0.8181818181818182,1.0,0.9,0.7777777777777778,11,0.8181818181818182,1.0,0.9,0.7777777777777778,11,1.0,1.0,1.0,1.0,9
4626,13,0.8666666666666667,1.0,0.9285714285714286,0.7692307692307693,15,0.8666666666666667,1.0,0.9285714285714286,0.7692307692307693,15,1.0,1.0,1.0,1.0,13
6032,11,1.0,1.0,1.0,0.7272727272727273,11,1.0,1.0,1.0,0.7272727272727273,11,1.0,1.0,1.0,1.0,11
3299,15,0.9375,1.0,0.967741935483871,0.8,16,0.9375,1.0,0.967741935483871,0.8,16,1.0,1.0,1.0,1.0,15
4327,11,1.0,1.0,1.0,0.6363636363636364,11,1.0,1.0,1.0,0.6363636363636364,11,1.0,1.0,1.0,1.0,11
7163,13,1.0,1.0,1.0,0.6153846153846154,13,1.0,1.0,1.0,0.6153846153846154,13,1.0,1.0,1.0,1.0,13
10410,6,0.8571428571428571,1.0,0.923076923076923,0.6666666666666666,7,0.8571428571428571,1.0,0.923076923076923,0.6666666666666666,7,1.0,1.0,1.0,1.0,6
10288,14,1.0,1.0,1.0,0.7857142857142857,14,1.0,1.0,1.0,0.7857142857142857,14,1.0,1.0,1.0,1.0,14
6915,21,0.9130434782608695,1.0,0.9545454545454545,0.7619047619047619,23,0.9130434782608695,1.0,0.9545454545454545,0.7619047619047619,23,1.0,1.0,1.0,1.0,21
10204,13,0.8666666666666667,1.0,0.9285714285714286,0.6153846153846154,15,0.8666666666666667,1.0,0.9285714285714286,0.6153846153846154,15,1.0,1.0,1.0,1.0,13
7846,16,1.0,1.0,1.0,0.6875,16,1.0,1.0,1.0,0.6875,16,1.0,1.0,1.0,1.0,16
10130,13,1.0,1.0,1.0,0.6923076923076923,13,1.0,1.0,1.0,0.6923076923076923,13,1.0,1.0,1.0,1.0,13
4522,10,1.0,1.0,1.0,0.7,10,1.0,1.0,1.0,0.7,10,1.0,1.0,1.0,1.0,10
465,15,0.7894736842105263,1.0,0.8823529411764706,0.8,19,0.7894736842105263,1.0,0.8823529411764706,0.8,19,1.0,1.0,1.0,1.0,15
16754,10,1.0,1.0,1.0,0.9,10,1.0,1.0,1.0,0.9,10,1.0,1.0,1.0,1.0,10
6709,8,0.8888888888888888,1.0,0.9411764705882353,0.75,9,0.8888888888888888,1.0,0.9411764705882353,0.75,9,1.0,1.0,1.0,1.0,8
14955,15,0.8823529411764706,1.0,0.9375,0.6,17,0.8823529411764706,1.0,0.9375,0.6,17,1.0,1.0,1.0,1.0,15
13629,15,0.9375,1.0,0.967741935483871,0.7333333333333333,16,0.9375,1.0,0.967741935483871,0.7333333333333333,16,1.0,1.0,1.0,1.0,15
7432,12,0.9230769230769231,1.0,0.9600000000000001,0.8333333333333334,13,0.9230769230769231,1.0,0.9600000000000001,0.8333333333333334,13,1.0,1.0,1.0,1.0,12
5026,9,1.0,1.0,1.0,0.5555555555555556,9,1.0,1.0,1.0,0.5555555555555556,9,1.0,1.0,1.0,1.0,9
9646,10,0.9090909090909091,1.0,0.9523809523809523,0.8,11,0.9090909090909091,1.0,0.9523809523809523,0.8,11,1.0,1.0,1.0,1.0,10
15893,13,0.8125,1.0,0.896551724137931,0.46153846153846156,16,0.8125,1.0,0.896551724137931,0.46153846153846156,16,1.0,1.0,1.0,1.0,13
15108,16,1.0,1.0,1.0,0.75,16,1.0,1.0,1.0,0.75,16,1.0,1.0,1.0,1.0,16
7273,11,0.9166666666666666,1.0,0.9565217391304348,0.6363636363636364,12,0.9166666666666666,1.0,0.9565217391304348,0.6363636363636364,12,1.0,1.0,1.0,1.0,11
4198,10,0.8333333333333334,1.0,0.9090909090909091,0.7,12,0.8333333333333334,1.0,0.9090909090909091,0.7,12,1.0,1.0,1.0,1.0,10
11034,11,0.7857142857142857,1.0,0.88,0.8181818181818182,14,0.7857142857142857,1.0,0.88,0.8181818181818182,14,1.0,1.0,1.0,1.0,11
7066,6,0.8571428571428571,1.0,0.923076923076923,0.8333333333333334,7,0.8571428571428571,1.0,0.923076923076923,0.8333333333333334,7,1.0,1.0,1.0,1.0,6
12687,14,1.0,1.0,1.0,0.7142857142857143,14,1.0,1.0,1.0,0.7142857142857143,14,1.0,1.0,1.0,1.0,14
11121,12,0.75,1.0,0.8571428571428571,0.6666666666666666,16,0.75,1.0,0.8571428571428571,0.6666666666666666,16,1.0,1.0,1.0,1.0,12
13876,19,0.9047619047619048,1.0,0.9500000000000001,0.8421052631578947,21,0.9047619047619048,1.0,0.9500000000000001,0.8421052631578947,21,1.0,1.0,1.0,1.0,19
8063,8,1.0,1.0,1.0,0.75,8,1.0,1.0,1.0,0.75,8,1.0,1.0,1.0,1.0,8
13120,14,0.8235294117647058,1.0,0.9032258064516129,0.7142857142857143,17,0.8235294117647058,1.0,0.9032258064516129,0.7142857142857143,17,1.0,1.0,1.0,1.0,14
17048,11,0.8461538461538461,1.0,0.9166666666666666,0.8181818181818182,13,0.8461538461538461,1.0,0.9166666666666666,0.8181818181818182,13,1.0,1.0,1.0,1.0,11
14073,10,1.0,1.0,1.0,0.5,10,1.0,1.0,1.0,0.5,10,1.0,1.0,1.0,1.0,10
3833,12,0.9230769230769231,1.0,0.9600000000000001,0.8333333333333334,13,0.9230769230769231,1.0,0.9600000000000001,0.8333333333333334,13,1.0,1.0,1.0,1.0,12
7336,14,0.875,1.0,0.9333333333333333,0.7142857142857143,16,0.875,1.0,0.9333333333333333,0.7142857142857143,16,1.0,1.0,1.0,1.0,14
11973,11,1.0,1.0,1.0,0.5454545454545454,11,1.0,1.0,1.0,0.5454545454545454,11,1.0,1.0,1.0,1.0,11
1290,9,0.9,1.0,0.9473684210526316,0.8888888888888888,10,0.9,1.0,0.9473684210526316,0.8888888888888888,10,1.0,1.0,1.0,1.0,9
1828,13,0.8125,1.0,0.896551724137931,0.7692307692307693,16,0.8125,1.0,0.896551724137931,0.7692307692307693,16,1.0,1.0,1.0,1.0,13
15221,10,0.8333333333333334,1.0,0.9090909090909091,0.6,12,0.8333333333333334,1.0,0.9090909090909091,0.6,12,1.0,1.0,1.0,1.0,10
12255,11,0.9166666666666666,1.0,0.9565217391304348,0.5454545454545454,12,0.9166666666666666,1.0,0.9565217391304348,0.5454545454545454,12,1.0,1.0,1.0,1.0,11
9887,13,1.0,1.0,1.0,0.7692307692307693,13,1.0,1.0,1.0,0.7692307692307693,13,1.0,1.0,1.0,1.0,13
1572,14,0.875,1.0,0.9333333333333333,0.9285714285714286,16,0.875,1.0,0.9333333333333333,0.9285714285714286,16,1.0,1.0,1.0,1.0,14
4780,13,0.8125,1.0,0.896551724137931,0.6923076923076923,16,0.8125,1.0,0.896551724137931,0.6923076923076923,16,1.0,1.0,1.0,1.0,13
10674,8,1.0,1.0,1.0,0.5,8,1.0,1.0,1.0,0.5,8,1.0,1.0,1.0,1.0,8
7950,12,0.8571428571428571,1.0,0.923076923076923,0.75,14,0.8571428571428571,1.0,0.923076923076923,0.75,14,1.0,1.0,1.0,1.0,12
2394,12,0.8,1.0,0.888888888888889,0.6666666666666666,15,0.8,1.0,0.888888888888889,0.6666666666666666,15,1.0,1.0,1.0,1.0,12
9585,9,0.8181818181818182,1.0,0.9,0.6666666666666666,11,0.8181818181818182,1.0,0.9,0.6666666666666666,11,1.0,1.0,1.0,1.0,9
12451,10,1.0,1.0,1.0,0.7,10,1.0,1.0,1.0,0.7,10,1.0,1.0,1.0,1.0,10
7810,5,0.7142857142857143,1.0,0.8333333333333333,0.6,7,0.7142857142857143,1.0,0.8333333333333333,0.6,7,1.0,1.0,1.0,1.0,5
14116,9,1.0,1.0,1.0,0.5555555555555556,9,1.0,1.0,1.0,0.5555555555555556,9,1.0,1.0,1.0,1.0,9
10293,11,0.9166666666666666,1.0,0.9565217391304348,0.7272727272727273,12,0.9166666666666666,1.0,0.9565217391304348,0.7272727272727273,12,1.0,1.0,1.0,1.0,11
8920,13,1.0,1.0,1.0,0.6923076923076923,13,1.0,1.0,1.0,0.6923076923076923,13,1.0,1.0,1.0,1.0,13
11812,9,1.0,1.0,1.0,0.5555555555555556,9,1.0,1.0,1.0,0.5555555555555556,9,1.0,1.0,1.0,1.0,9
9697,10,0.9090909090909091,1.0,0.9523809523809523,0.6,11,0.9090909090909091,1.0,0.9523809523809523,0.6,11,1.0,1.0,1.0,1.0,10
14372,17,0.9444444444444444,1.0,0.9714285714285714,0.6470588235294118,18,0.9444444444444444,1.0,0.9714285714285714,0.6470588235294118,18,1.0,1.0,1.0,1.0,17
4474,8,0.8,1.0,0.888888888888889,0.75,10,0.8,1.0,0.888888888888889,0.75,10,1.0,1.0,1.0,1.0,8
4331,10,0.9090909090909091,1.0,0.9523809523809523,0.7,11,0.9090909090909091,1.0,0.9523809523809523,0.7,11,1.0,1.0,1.0,1.0,10
15145,8,0.7272727272727273,1.0,0.8421052631578948,0.75,11,0.7272727272727273,1.0,0.8421052631578948,0.75,11,1.0,1.0,1.0,1.0,8
8145,8,1.0,1.0,1.0,0.5,8,1.0,1.0,1.0,0.5,8,1.0,1.0,1.0,1.0,8
8603,14,1.0,1.0,1.0,0.6428571428571429,14,1.0,1.0,1.0,0.6428571428571429,14,1.0,1.0,1.0,1.0,14
1142,19,0.8260869565217391,1.0,0.9047619047619047,0.7894736842105263,23,0.8260869565217391,1.0,0.9047619047619047,0.7894736842105263,23,1.0,1.0,1.0,1.0,19
12751,8,0.8888888888888888,1.0,0.9411764705882353,0.625,9,0.8888888888888888,1.0,0.9411764705882353,0.625,9,1.0,1.0,1.0,1.0,8
12232,8,1.0,1.0,1.0,0.625,8,1.0,1.0,1.0,0.625,8,1.0,1.0,1.0,1.0,8
5725,11,0.9166666666666666,1.0,0.9565217391304348,0.7272727272727273,12,0.9166666666666666,1.0,0.9565217391304348,0.7272727272727273,12,1.0,1.0,1.0,1.0,11
5793,9,1.0,1.0,1.0,0.7777777777777778,9,1.0,1.0,1.0,0.7777777777777778,9,1.0,1.0,1.0,1.0,9
13881,15,0.8823529411764706,1.0,0.9375,0.7333333333333333,17,0.8823529411764706,1.0,0.9375,0.7333333333333333,17,1.0,1.0,1.0,1.0,15
832,10,0.9090909090909091,1.0,0.9523809523809523,0.6,11,0.9090909090909091,1.0,0.9523809523809523,0.6,11,1.0,1.0,1.0,1.0,10
2299,10,0.9090909090909091,1.0,0.9523809523809523,0.7,11,0.9090909090909091,1.0,0.9523809523809523,0.7,11,1.0,1.0,1.0,1.0,10
5667,9,1.0,1.0,1.0,0.7777777777777778,9,1.0,1.0,1.0,0.7777777777777778,9,1.0,1.0,1.0,1.0,9
963,11,1.0,1.0,1.0,0.7272727272727273,11,1.0,1.0,1.0,0.7272727272727273,11,1.0,1.0,1.0,1.0,11
11186,12,0.8,1.0,0.888888888888889,0.5833333333333334,15,0.8,1.0,0.888888888888889,0.5833333333333334,15,1.0,1.0,1.0,1.0,12
14624,9,1.0,1.0,1.0,0.6666666666666666,9,1.0,1.0,1.0,0.6666666666666666,9,1.0,1.0,1.0,1.0,9
6450,11,1.0,1.0,1.0,0.7272727272727273,11,1.0,1.0,1.0,0.7272727272727273,11,1.0,1.0,1.0,1.0,11
4619,14,0.875,1.0,0.9333333333333333,0.7142857142857143,16,0.875,1.0,0.9333333333333333,0.7142857142857143,16,1.0,1.0,1.0,1.0,14
8339,12,0.8,1.0,0.888888888888889,0.75,15,0.8,1.0,0.888888888888889,0.75,15,1.0,1.0,1.0,1.0,12
7929,10,0.9090909090909091,1.0,0.9523809523809523,0.7,11,0.9090909090909091,1.0,0.9523809523809523,0.7,11,1.0,1.0,1.0,1.0,10
15642,8,1.0,1.0,1.0,0.75,8,1.0,1.0,1.0,0.75,8,1.0,1.0,1.0,1.0,8
126,7,0.875,1.0,0.9333333333333333,0.7142857142857143,8,0.875,1.0,0.9333333333333333,0.7142857142857143,8,1.0,1.0,1.0,1.0,7
5606,11,1.0,1.0,1.0,0.7272727272727273,11,1.0,1.0,1.0,0.7272727272727273,11,1.0,1.0,1.0,1.0,11
9615,14,1.0,1.0,1.0,0.6428571428571429,14,1.0,1.0,1.0,0.6428571428571429,14,1.0,1.0,1.0,1.0,14
1574,17,0.9444444444444444,1.0,0.9714285714285714,0.8235294117647058,18,0.9444444444444444,1.0,0.9714285714285714,0.8235294117647058,18,1.0,1.0,1.0,1.0,17
9873,9,1.0,1.0,1.0,0.6666666666666666,9,1.0,1.0,1.0,0.6666666666666666,9,1.0,1.0,1.0,1.0,9
10729,9,1.0,1.0,1.0,0.6666666666666666,9,1.0,1.0,1.0,0.6666666666666666,9,1.0,1.0,1.0,1.0,9
6947,15,0.8333333333333334,1.0,0.9090909090909091,0.6666666666666666,18,0.8333333333333334,1.0,0.9090909090909091,0.6666666666666666,18,1.0,1.0,1.0,1.0,15
11544,8,1.0,1.0,1.0,0.625,8,1.0,1.0,1.0,0.625,8,1.0,1.0,1.0,1.0,8
11744,8,0.8,1.0,0.888888888888889,0.75,10,0.8,1.0,0.888888888888889,0.75,10,1.0,1.0,1.0,1.0,8
1447,9,0.9,1.0,0.9473684210526316,0.5555555555555556,10,0.9,1.0,0.9473684210526316,0.5555555555555556,10,1.0,1.0,1.0,1.0,9
237,10,1.0,1.0,1.0,0.8,10,1.0,1.0,1.0,0.8,10,1.0,1.0,1.0,1.0,10
3006,6,0.8571428571428571,1.0,0.923076923076923,0.5,7,0.8571428571428571,1.0,0.923076923076923,0.5,7,1.0,1.0,1.0,1.0,6
16742,18,0.75,1.0,0.8571428571428571,0.8333333333333334,24,0.75,1.0,0.8571428571428571,0.8333333333333334,24,1.0,1.0,1.0,1.0,18
12017,14,0.8235294117647058,1.0,0.9032258064516129,0.7142857142857143,17,0.8235294117647058,1.0,0.9032258064516129,0.7142857142857143,17,1.0,1.0,1.0,1.0,14
11347,12,0.9230769230769231,1.0,0.9600000000000001,0.6666666666666666,13,0.9230769230769231,1.0,0.9600000000000001,0.6666666666666666,13,1.0,1.0,1.0,1.0,12
4064,8,1.0,1.0,1.0,0.625,8,1.0,1.0,1.0,0.625,8,1.0,1.0,1.0,1.0,8
9356,9,1.0,1.0,1.0,0.8888888888888888,9,1.0,1.0,1.0,0.8888888888888888,9,1.0,1.0,1.0,1.0,9
4970,9,1.0,1.0,1.0,0.7777777777777778,9,1.0,1.0,1.0,0.7777777777777778,9,1.0,1.0,1.0,1.0,9
6262,14,1.0,1.0,1.0,0.7857142857142857,14,1.0,1.0,1.0,0.7857142857142857,14,1.0,1.0,1.0,1.0,14
2626,11,1.0,1.0,1.0,0.8181818181818182,11,1.0,1.0,1.0,0.8181818181818182,11,1.0,1.0,1.0,1.0,11
9201,12,0.75,1.0,0.8571428571428571,0.75,16,0.75,1.0,0.8571428571428571,0.75,16,0.9230769230769231,1.0,0.9600000000000001,1.0,13
4413,20,0.9523809523809523,1.0,0.975609756097561,0.65,21,0.9523809523809523,1.0,0.975609756097561,0.65,21,1.0,1.0,1.0,1.0,20
6340,11,0.8461538461538461,1.0,0.9166666666666666,0.9090909090909091,13,0.8461538461538461,1.0,0.9166666666666666,0.9090909090909091,13,1.0,1.0,1.0,1.0,11
13313,10,0.9090909090909091,1.0,0.9523809523809523,0.7,11,0.9090909090909091,1.0,0.9523809523809523,0.7,11,1.0,1.0,1.0,1.0,10
3627,11,1.0,1.0,1.0,0.7272727272727273,11,1.0,1.0,1.0,0.7272727272727273,11,1.0,1.0,1.0,1.0,11
11531,8,1.0,1.0,1.0,0.625,8,1.0,1.0,1.0,0.625,8,1.0,1.0,1.0,1.0,8
15500,14,0.9333333333333333,1.0,0.9655172413793104,0.7142857142857143,15,0.9333333333333333,1.0,0.9655172413793104,0.7142857142857143,15,1.0,1.0,1.0,1.0,14
292,8,1.0,1.0,1.0,0.625,8,1.0,1.0,1.0,0.625,8,1.0,1.0,1.0,1.0,8
11937,13,1.0,1.0,1.0,0.8461538461538461,13,1.0,1.0,1.0,0.8461538461538461,13,1.0,1.0,1.0,1.0,13
10107,10,1.0,1.0,1.0,0.8,10,1.0,1.0,1.0,0.8,10,1.0,1.0,1.0,1.0,10
48,7,1.0,1.0,1.0,0.5714285714285714,7,1.0,1.0,1.0,0.5714285714285714,7,1.0,1.0,1.0,1.0,7
11540,8,1.0,1.0,1.0,0.625,8,1.0,1.0,1.0,0.625,8,1.0,1.0,1.0,1.0,8
9508,10,1.0,1.0,1.0,0.6,10,1.0,1.0,1.0,0.6,10,1.0,1.0,1.0,1.0,10
1844,12,0.75,1.0,0.8571428571428571,0.5833333333333334,16,0.75,1.0,0.8571428571428571,0.5833333333333334,16,1.0,1.0,1.0,1.0,12
11233,8,0.8,1.0,0.888888888888889,0.625,10,0.8,1.0,0.888888888888889,0.625,10,1.0,1.0,1.0,1.0,8
3503,14,0.875,1.0,0.9333333333333333,0.7857142857142857,16,0.875,1.0,0.9333333333333333,0.7857142857142857,16,1.0,1.0,1.0,1.0,14
15461,14,0.7,1.0,0.8235294117647058,0.7857142857142857,20,0.7,1.0,0.8235294117647058,0.7857142857142857,20,1.0,1.0,1.0,1.0,14
5938,14,0.9333333333333333,1.0,0.9655172413793104,0.6428571428571429,15,0.9333333333333333,1.0,0.9655172413793104,0.6428571428571429,15,1.0,1.0,1.0,1.0,14
10396,9,1.0,1.0,1.0,0.7777777777777778,9,1.0,1.0,1.0,0.7777777777777778,9,1.0,1.0,1.0,1.0,9
6369,9,0.9,1.0,0.9473684210526316,0.5555555555555556,10,0.9,1.0,0.9473684210526316,0.5555555555555556,10,1.0,1.0,1.0,1.0,9
15121,9,1.0,1.0,1.0,0.6666666666666666,9,1.0,1.0,1.0,0.6666666666666666,9,1.0,1.0,1.0,1.0,9
7536,16,0.8421052631578947,1.0,0.9142857142857143,0.6875,19,0.8421052631578947,1.0,0.9142857142857143,0.6875,19,1.0,1.0,1.0,1.0,16
8526,11,0.9166666666666666,1.0,0.9565217391304348,0.7272727272727273,12,0.9166666666666666,1.0,0.9565217391304348,0.7272727272727273,12,1.0,1.0,1.0,1.0,11
11892,12,0.8571428571428571,1.0,0.923076923076923,0.8333333333333334,14,0.8571428571428571,1.0,0.923076923076923,0.8333333333333334,14,1.0,1.0,1.0,1.0,12
10398,8,1.0,1.0,1.0,0.875,8,1.0,1.0,1.0,0.875,8,1.0,1.0,1.0,1.0,8
464,11,0.7857142857142857,1.0,0.88,0.8181818181818182,14,0.7857142857142857,1.0,0.88,0.8181818181818182,14,1.0,1.0,1.0,1.0,11
6454,9,1.0,1.0,1.0,0.6666666666666666,9,1.0,1.0,1.0,0.6666666666666666,9,1.0,1.0,1.0,1.0,9
13261,10,0.9090909090909091,1.0,0.9523809523809523,0.7,11,0.9090909090909091,1.0,0.9523809523809523,0.7,11,1.0,1.0,1.0,1.0,10
2240,10,1.0,1.0,1.0,0.8,10,1.0,1.0,1.0,0.8,10,1.0,1.0,1.0,1.0,10
12393,8,1.0,1.0,1.0,0.625,8,1.0,1.0,1.0,0.625,8,1.0,1.0,1.0,1.0,8
3970,14,1.0,1.0,1.0,0.7857142857142857,14,1.0,1.0,1.0,0.7857142857142857,14,1.0,1.0,1.0,1.0,14
12093,9,0.9,1.0,0.9473684210526316,0.5555555555555556,10,0.9,1.0,0.9473684210526316,0.5555555555555556,10,1.0,1.0,1.0,1.0,9
2349,11,1.0,1.0,1.0,0.45454545454545453,11,1.0,1.0,1.0,0.45454545454545453,11,1.0,1.0,1.0,1.0,11
8786,11,0.9166666666666666,1.0,0.9565217391304348,0.5454545454545454,12,0.9166666666666666,1.0,0.9565217391304348,0.5454545454545454,12,1.0,1.0,1.0,1.0,11
12161,11,0.9166666666666666,1.0,0.9565217391304348,0.9090909090909091,12,0.9166666666666666,1.0,0.9565217391304348,0.9090909090909091,12,1.0,1.0,1.0,1.0,11
5520,6,1.0,1.0,1.0,0.5,6,1.0,1.0,1.0,0.5,6,1.0,1.0,1.0,1.0,6
1026,18,0.9473684210526315,1.0,0.972972972972973,0.7222222222222222,19,0.9473684210526315,1.0,0.972972972972973,0.7222222222222222,19,1.0,1.0,1.0,1.0,18
15158,10,1.0,1.0,1.0,0.7,10,1.0,1.0,1.0,0.7,10,1.0,1.0,1.0,1.0,10
570,17,0.9444444444444444,1.0,0.9714285714285714,0.6470588235294118,18,0.9444444444444444,1.0,0.9714285714285714,0.6470588235294118,18,1.0,1.0,1.0,1.0,17
8057,15,0.6,1.0,0.7499999999999999,0.6,25,0.6,1.0,0.7499999999999999,0.6,25,1.0,1.0,1.0,1.0,15
10441,11,0.9166666666666666,1.0,0.9565217391304348,0.7272727272727273,12,0.9166666666666666,1.0,0.9565217391304348,0.7272727272727273,12,1.0,1.0,1.0,1.0,11
13737,20,0.8,1.0,0.888888888888889,0.75,25,0.8,1.0,0.888888888888889,0.75,25,1.0,0.95,0.9743589743589743,0.9473684210526315,19
6868,13,0.7647058823529411,1.0,0.8666666666666666,0.7692307692307693,17,0.7647058823529411,1.0,0.8666666666666666,0.7692307692307693,17,1.0,1.0,1.0,1.0,13
11763,9,0.8181818181818182,1.0,0.9,0.7777777777777778,11,0.8181818181818182,1.0,0.9,0.7777777777777778,11,1.0,1.0,1.0,1.0,9
6830,15,0.9375,1.0,0.967741935483871,0.6666666666666666,16,0.9375,1.0,0.967741935483871,0.6666666666666666,16,1.0,1.0,1.0,1.0,15
145,14,0.7,1.0,0.8235294117647058,0.5714285714285714,20,0.7,1.0,0.8235294117647058,0.5714285714285714,20,1.0,1.0,1.0,1.0,14
13312,12,1.0,1.0,1.0,0.8333333333333334,12,1.0,1.0,1.0,0.8333333333333334,12,1.0,1.0,1.0,1.0,12
16932,13,0.8125,1.0,0.896551724137931,0.7692307692307693,16,0.8125,1.0,0.896551724137931,0.7692307692307693,16,1.0,1.0,1.0,1.0,13
7793,13,0.7647058823529411,1.0,0.8666666666666666,0.5384615384615384,17,0.7647058823529411,1.0,0.8666666666666666,0.5384615384615384,17,1.0,1.0,1.0,1.0,13
5867,5,0.8333333333333334,1.0,0.9090909090909091,1.0,6,0.8333333333333334,1.0,0.9090909090909091,1.0,6,1.0,1.0,1.0,1.0,5
4694,13,0.9285714285714286,1.0,0.962962962962963,0.6923076923076923,14,0.9285714285714286,1.0,0.962962962962963,0.6923076923076923,14,1.0,1.0,1.0,1.0,13
9665,10,0.9090909090909091,1.0,0.9523809523809523,0.7,11,0.9090909090909091,1.0,0.9523809523809523,0.7,11,1.0,1.0,1.0,1.0,10
9076,15,0.7142857142857143,1.0,0.8333333333333333,0.6666666666666666,21,0.7142857142857143,1.0,0.8333333333333333,0.6666666666666666,21,1.0,1.0,1.0,1.0,15
625,18,0.782608695652174,1.0,0.878048780487805,0.9444444444444444,23,0.782608695652174,1.0,0.878048780487805,0.8888888888888888,23,1.0,1.0,1.0,1.0,18
15643,13,1.0,1.0,1.0,0.7692307692307693,13,1.0,1.0,1.0,0.7692307692307693,13,1.0,1.0,1.0,1.0,13
12290,10,0.9090909090909091,1.0,0.9523809523809523,0.7,11,0.9090909090909091,1.0,0.9523809523809523,0.7,11,1.0,1.0,1.0,1.0,10
3764,20,0.8333333333333334,1.0,0.9090909090909091,0.75,24,0.8333333333333334,1.0,0.9090909090909091,0.75,24,1.0,1.0,1.0,1.0,20
15308,9,0.9,1.0,0.9473684210526316,0.7777777777777778,10,0.9,1.0,0.9473684210526316,0.7777777777777778,10,1.0,1.0,1.0,1.0,9
11478,8,1.0,1.0,1.0,0.625,8,1.0,1.0,1.0,0.625,8,1.0,1.0,1.0,1.0,8
11806,22,0.8148148148148148,1.0,0.8979591836734693,0.7727272727272727,27,0.8148148148148148,1.0,0.8979591836734693,0.7727272727272727,27,1.0,1.0,1.0,1.0,22
5282,9,1.0,1.0,1.0,0.6666666666666666,9,1.0,1.0,1.0,0.6666666666666666,9,1.0,1.0,1.0,1.0,9
3192,12,0.8571428571428571,1.0,0.923076923076923,0.8333333333333334,14,0.8571428571428571,1.0,0.923076923076923,0.8333333333333334,14,1.0,1.0,1.0,1.0,12
10466,6,0.8571428571428571,1.0,0.923076923076923,0.6666666666666666,7,0.8571428571428571,1.0,0.923076923076923,0.6666666666666666,7,1.0,1.0,1.0,1.0,6
11868,15,1.0,1.0,1.0,0.6666666666666666,15,1.0,1.0,1.0,0.6666666666666666,15,1.0,1.0,1.0,1.0,15
13897,10,0.9090909090909091,1.0,0.9523809523809523,0.6,11,0.9090909090909091,1.0,0.9523809523809523,0.6,11,1.0,1.0,1.0,1.0,10
14731,9,1.0,1.0,1.0,0.5555555555555556,9,1.0,1.0,1.0,0.5555555555555556,9,1.0,1.0,1.0,1.0,9
11113,10,1.0,1.0,1.0,0.7,10,1.0,1.0,1.0,0.7,10,1.0,1.0,1.0,1.0,10
5700,10,0.9090909090909091,1.0,0.9523809523809523,0.5,11,0.9090909090909091,1.0,0.9523809523809523,0.5,11,1.0,1.0,1.0,1.0,10
1999,12,0.75,1.0,0.8571428571428571,0.8333333333333334,16,0.75,1.0,0.8571428571428571,0.8333333333333334,16,1.0,1.0,1.0,1.0,12
11999,7,0.7777777777777778,1.0,0.8750000000000001,0.7142857142857143,9,0.7777777777777778,1.0,0.8750000000000001,0.7142857142857143,9,1.0,1.0,1.0,1.0,7
2098,11,1.0,1.0,1.0,0.8181818181818182,11,1.0,1.0,1.0,0.8181818181818182,11,1.0,1.0,1.0,1.0,11
1868,11,1.0,1.0,1.0,0.7272727272727273,11,1.0,1.0,1.0,0.7272727272727273,11,1.0,1.0,1.0,1.0,11
6338,16,0.9411764705882353,1.0,0.9696969696969697,0.6875,17,0.9411764705882353,1.0,0.9696969696969697,0.6875,17,1.0,1.0,1.0,1.0,16
14483,16,1.0,1.0,1.0,0.75,16,1.0,1.0,1.0,0.75,16,1.0,1.0,1.0,1.0,16
12599,15,0.8823529411764706,1.0,0.9375,0.8,17,0.8823529411764706,1.0,0.9375,0.8,17,1.0,0.9333333333333333,0.9655172413793104,0.9285714285714286,14
22,8,1.0,1.0,1.0,0.625,8,1.0,1.0,1.0,0.625,8,1.0,1.0,1.0,1.0,8
8522,10,0.9090909090909091,1.0,0.9523809523809523,0.6,11,0.9090909090909091,1.0,0.9523809523809523,0.6,11,1.0,1.0,1.0,1.0,10
10239,7,0.875,1.0,0.9333333333333333,0.5714285714285714,8,0.875,1.0,0.9333333333333333,0.5714285714285714,8,1.0,1.0,1.0,1.0,7
12811,21,0.84,1.0,0.9130434782608696,0.7142857142857143,25,0.84,1.0,0.9130434782608696,0.7142857142857143,25,1.0,1.0,1.0,1.0,21
1125,12,0.8571428571428571,1.0,0.923076923076923,0.5833333333333334,14,0.8571428571428571,1.0,0.923076923076923,0.5833333333333334,14,1.0,1.0,1.0,1.0,12
4998,10,0.8333333333333334,1.0,0.9090909090909091,0.9,12,0.8333333333333334,1.0,0.9090909090909091,0.9,12,1.0,1.0,1.0,1.0,10
4773,11,0.8461538461538461,1.0,0.9166666666666666,0.7272727272727273,13,0.8461538461538461,1.0,0.9166666666666666,0.7272727272727273,13,1.0,1.0,1.0,1.0,11
5842,9,0.9,1.0,0.9473684210526316,0.6666666666666666,10,0.9,1.0,0.9473684210526316,0.6666666666666666,10,1.0,1.0,1.0,1.0,9
5460,16,1.0,1.0,1.0,0.75,16,1.0,1.0,1.0,0.75,16,1.0,1.0,1.0,1.0,16
12924,14,0.9333333333333333,1.0,0.9655172413793104,0.8571428571428571,15,0.9333333333333333,1.0,0.9655172413793104,0.8571428571428571,15,1.0,1.0,1.0,1.0,14
5575,14,0.7368421052631579,1.0,0.8484848484848484,0.7142857142857143,19,0.7368421052631579,1.0,0.8484848484848484,0.7142857142857143,19,1.0,1.0,1.0,1.0,14
235,11,0.9166666666666666,1.0,0.9565217391304348,0.7272727272727273,12,0.9166666666666666,1.0,0.9565217391304348,0.7272727272727273,12,1.0,1.0,1.0,1.0,11
7704,12,1.0,1.0,1.0,0.5833333333333334,12,1.0,1.0,1.0,0.5833333333333334,12,1.0,1.0,1.0,1.0,12
15426,7,1.0,1.0,1.0,0.5714285714285714,7,1.0,1.0,1.0,0.5714285714285714,7,1.0,1.0,1.0,1.0,7
16715,10,1.0,1.0,1.0,0.7,10,1.0,1.0,1.0,0.7,10,1.0,1.0,1.0,1.0,10
7710,11,1.0,1.0,1.0,0.5454545454545454,11,1.0,1.0,1.0,0.5454545454545454,11,1.0,1.0,1.0,1.0,11
14002,10,1.0,1.0,1.0,0.7,10,1.0,1.0,1.0,0.7,10,1.0,1.0,1.0,1.0,10
7064,8,1.0,1.0,1.0,0.875,8,1.0,1.0,1.0,0.875,8,1.0,1.0,1.0,1.0,8
6003,10,1.0,1.0,1.0,0.8,10,1.0,1.0,1.0,0.8,10,1.0,1.0,1.0,1.0,10
9916,11,0.9166666666666666,1.0,0.9565217391304348,0.7272727272727273,12,0.9166666666666666,1.0,0.9565217391304348,0.7272727272727273,12,1.0,1.0,1.0,1.0,11
17017,14,1.0,1.0,1.0,0.7857142857142857,14,1.0,1.0,1.0,0.7857142857142857,14,1.0,1.0,1.0,1.0,14
3003,10,0.9090909090909091,1.0,0.9523809523809523,0.7,11,0.9090909090909091,1.0,0.9523809523809523,0.7,11,1.0,1.0,1.0,1.0,10
3678,14,0.9333333333333333,1.0,0.9655172413793104,0.6428571428571429,15,0.9333333333333333,1.0,0.9655172413793104,0.6428571428571429,15,1.0,1.0,1.0,1.0,14
14839,11,1.0,1.0,1.0,0.8181818181818182,11,1.0,1.0,1.0,0.8181818181818182,11,1.0,1.0,1.0,1.0,11
3949,9,0.8181818181818182,1.0,0.9,0.8888888888888888,11,0.8181818181818182,1.0,0.9,0.8888888888888888,11,1.0,1.0,1.0,1.0,9
198,8,1.0,1.0,1.0,0.625,8,1.0,1.0,1.0,0.625,8,1.0,1.0,1.0,1.0,8
11948,7,0.7777777777777778,1.0,0.8750000000000001,0.8571428571428571,9,0.7777777777777778,1.0,0.8750000000000001,0.8571428571428571,9,1.0,1.0,1.0,1.0,7
16378,11,1.0,1.0,1.0,0.5454545454545454,11,1.0,1.0,1.0,0.5454545454545454,11,1.0,1.0,1.0,1.0,11
10617,7,1.0,1.0,1.0,0.8571428571428571,7,1.0,1.0,1.0,0.8571428571428571,7,1.0,1.0,1.0,1.0,7
3961,10,0.8333333333333334,1.0,0.9090909090909091,0.7,12,0.8333333333333334,1.0,0.9090909090909091,0.7,12,1.0,1.0,1.0,1.0,10
3120,8,1.0,1.0,1.0,0.625,8,1.0,1.0,1.0,0.625,8,1.0,1.0,1.0,1.0,8
7567,18,0.8571428571428571,1.0,0.923076923076923,0.8888888888888888,21,0.8571428571428571,1.0,0.923076923076923,0.8888888888888888,21,1.0,1.0,1.0,1.0,18
6993,13,1.0,1.0,1.0,0.6923076923076923,13,1.0,1.0,1.0,0.6923076923076923,13,1.0,1.0,1.0,1.0,13
4540,8,0.8888888888888888,1.0,0.9411764705882353,0.75,9,0.8888888888888888,1.0,0.9411764705882353,0.75,9,1.0,1.0,1.0,1.0,8
698,11,1.0,1.0,1.0,0.5454545454545454,11,1.0,1.0,1.0,0.5454545454545454,11,1.0,1.0,1.0,1.0,11
9314,7,1.0,1.0,1.0,0.42857142857142855,7,1.0,1.0,1.0,0.42857142857142855,7,1.0,1.0,1.0,1.0,7
12096,10,0.9090909090909091,1.0,0.9523809523809523,0.9,11,0.9090909090909091,1.0,0.9523809523809523,0.9,11,1.0,1.0,1.0,1.0,10
4633,7,0.875,1.0,0.9333333333333333,0.7142857142857143,8,0.875,1.0,0.9333333333333333,0.7142857142857143,8,1.0,1.0,1.0,1.0,7
12293,11,0.8461538461538461,1.0,0.9166666666666666,0.8181818181818182,13,0.8461538461538461,1.0,0.9166666666666666,0.8181818181818182,13,1.0,1.0,1.0,1.0,11
13298,15,0.8823529411764706,1.0,0.9375,0.7333333333333333,17,0.8823529411764706,1.0,0.9375,0.7333333333333333,17,1.0,1.0,1.0,1.0,15
12487,12,0.8571428571428571,1.0,0.923076923076923,0.75,14,0.8571428571428571,1.0,0.923076923076923,0.75,14,1.0,1.0,1.0,1.0,12
16983,12,1.0,1.0,1.0,0.8333333333333334,12,1.0,1.0,1.0,0.8333333333333334,12,1.0,1.0,1.0,1.0,12
389,11,1.0,1.0,1.0,0.6363636363636364,11,1.0,1.0,1.0,0.6363636363636364,11,1.0,1.0,1.0,1.0,11
2814,7,0.875,1.0,0.9333333333333333,0.7142857142857143,8,0.875,1.0,0.9333333333333333,0.7142857142857143,8,1.0,1.0,1.0,1.0,7
16565,10,0.9090909090909091,1.0,0.9523809523809523,0.5,11,0.9090909090909091,1.0,0.9523809523809523,0.5,11,1.0,1.0,1.0,1.0,10
4595,10,1.0,1.0,1.0,0.9,10,1.0,1.0,1.0,0.9,10,1.0,1.0,1.0,1.0,10
768,8,1.0,1.0,1.0,0.625,8,1.0,1.0,1.0,0.625,8,1.0,1.0,1.0,1.0,8
12627,14,1.0,1.0,1.0,0.7142857142857143,14,1.0,1.0,1.0,0.7142857142857143,14,1.0,1.0,1.0,1.0,14
10934,14,1.0,1.0,1.0,0.8571428571428571,14,1.0,1.0,1.0,0.8571428571428571,14,1.0,1.0,1.0,1.0,14
15245,11,1.0,1.0,1.0,0.8181818181818182,11,1.0,1.0,1.0,0.8181818181818182,11,1.0,1.0,1.0,1.0,11
14908,5,0.8333333333333334,1.0,0.9090909090909091,0.8,6,0.8333333333333334,1.0,0.9090909090909091,0.8,6,1.0,1.0,1.0,1.0,5
13749,9,0.8181818181818182,1.0,0.9,0.4444444444444444,11,0.8181818181818182,1.0,0.9,0.4444444444444444,11,1.0,1.0,1.0,1.0,9
8698,13,0.8666666666666667,1.0,0.9285714285714286,0.9230769230769231,15,0.8666666666666667,1.0,0.9285714285714286,0.9230769230769231,15,1.0,1.0,1.0,1.0,13
11254,8,1.0,1.0,1.0,0.625,8,1.0,1.0,1.0,0.625,8,1.0,1.0,1.0,1.0,8
3197,13,1.0,1.0,1.0,0.6153846153846154,13,1.0,1.0,1.0,0.6153846153846154,13,1.0,1.0,1.0,1.0,13
10725,9,1.0,1.0,1.0,0.6666666666666666,9,1.0,1.0,1.0,0.6666666666666666,9,1.0,1.0,1.0,1.0,9
9168,10,1.0,1.0,1.0,0.5,10,1.0,1.0,1.0,0.5,10,1.0,1.0,1.0,1.0,10
2729,11,0.8461538461538461,1.0,0.9166666666666666,0.6363636363636364,13,0.8461538461538461,1.0,0.9166666666666666,0.6363636363636364,13,1.0,1.0,1.0,1.0,11
945,16,0.9411764705882353,1.0,0.9696969696969697,0.625,17,0.9411764705882353,1.0,0.9696969696969697,0.625,17,1.0,1.0,1.0,1.0,16
12181,13,1.0,1.0,1.0,0.6153846153846154,13,1.0,1.0,1.0,0.6153846153846154,13,1.0,1.0,1.0,1.0,13
4792,9,0.8181818181818182,1.0,0.9,0.6666666666666666,11,0.8181818181818182,1.0,0.9,0.6666666666666666,11,1.0,1.0,1.0,1.0,9
1104,23,0.8846153846153846,1.0,0.9387755102040816,0.7391304347826086,26,0.8846153846153846,1.0,0.9387755102040816,0.7391304347826086,26,1.0,1.0,1.0,1.0,23
6311,11,1.0,1.0,1.0,0.45454545454545453,11,1.0,1.0,1.0,0.45454545454545453,11,1.0,1.0,1.0,1.0,11
15203,11,0.7333333333333333,1.0,0.846153846153846,0.45454545454545453,15,0.7333333333333333,1.0,0.846153846153846,0.45454545454545453,15,1.0,1.0,1.0,1.0,11
2267,10,0.9090909090909091,1.0,0.9523809523809523,0.5,11,0.9090909090909091,1.0,0.9523809523809523,0.5,11,1.0,1.0,1.0,1.0,10
900,8,1.0,1.0,1.0,0.625,8,1.0,1.0,1.0,0.625,8,1.0,1.0,1.0,1.0,8
6982,13,1.0,1.0,1.0,0.6923076923076923,13,1.0,1.0,1.0,0.6923076923076923,13,1.0,1.0,1.0,1.0,13
511,11,0.7333333333333333,1.0,0.846153846153846,0.7272727272727273,15,0.7333333333333333,1.0,0.846153846153846,0.7272727272727273,15,1.0,1.0,1.0,1.0,11
13848,15,1.0,1.0,1.0,0.7333333333333333,15,1.0,1.0,1.0,0.7333333333333333,15,1.0,1.0,1.0,1.0,15
11210,12,1.0,1.0,1.0,0.6666666666666666,12,1.0,1.0,1.0,0.6666666666666666,12,1.0,1.0,1.0,1.0,12
15835,9,1.0,1.0,1.0,0.7777777777777778,9,1.0,1.0,1.0,0.7777777777777778,9,1.0,1.0,1.0,1.0,9
9611,9,1.0,1.0,1.0,0.6666666666666666,9,1.0,1.0,1.0,0.6666666666666666,9,1.0,1.0,1.0,1.0,9
2628,16,0.9411764705882353,1.0,0.9696969696969697,0.8125,17,0.9411764705882353,1.0,0.9696969696969697,0.8125,17,1.0,1.0,1.0,1.0,16
13916,6,1.0,1.0,1.0,0.8333333333333334,6,1.0,1.0,1.0,0.8333333333333334,6,1.0,1.0,1.0,1.0,6
15882,10,0.8333333333333334,1.0,0.9090909090909091,0.6,12,0.8333333333333334,1.0,0.9090909090909091,0.6,12,1.0,1.0,1.0,1.0,10
3344,7,0.7777777777777778,1.0,0.8750000000000001,0.7142857142857143,9,0.7777777777777778,1.0,0.8750000000000001,0.7142857142857143,9,1.0,1.0,1.0,1.0,7
4180,10,1.0,1.0,1.0,0.5,10,1.0,1.0,1.0,0.5,10,1.0,1.0,1.0,1.0,10
14240,10,0.9090909090909091,1.0,0.9523809523809523,0.7,11,0.9090909090909091,1.0,0.9523809523809523,0.7,11,1.0,1.0,1.0,1.0,10
1827,14,1.0,1.0,1.0,0.7857142857142857,14,1.0,1.0,1.0,0.7857142857142857,14,1.0,1.0,1.0,1.0,14
14652,12,1.0,1.0,1.0,0.75,12,1.0,1.0,1.0,0.75,12,1.0,1.0,1.0,1.0,12
16180,10,1.0,1.0,1.0,0.8,10,1.0,1.0,1.0,0.8,10,1.0,1.0,1.0,1.0,10
5402,15,0.75,1.0,0.8571428571428571,0.6666666666666666,20,0.75,1.0,0.8571428571428571,0.6666666666666666,20,1.0,1.0,1.0,1.0,15
7243,6,0.8571428571428571,1.0,0.923076923076923,0.6666666666666666,7,0.8571428571428571,1.0,0.923076923076923,0.6666666666666666,7,1.0,1.0,1.0,1.0,6
2220,6,0.75,1.0,0.8571428571428571,0.8333333333333334,8,0.75,1.0,0.8571428571428571,0.8333333333333334,8,1.0,1.0,1.0,1.0,6
5478,11,0.7857142857142857,1.0,0.88,0.7272727272727273,14,0.7857142857142857,1.0,0.88,0.7272727272727273,14,1.0,1.0,1.0,1.0,11
13218,15,0.8823529411764706,1.0,0.9375,0.7333333333333333,17,0.8823529411764706,1.0,0.9375,0.7333333333333333,17,1.0,1.0,1.0,1.0,15
16082,16,0.8421052631578947,1.0,0.9142857142857143,0.625,19,0.8421052631578947,1.0,0.9142857142857143,0.625,19,1.0,1.0,1.0,1.0,16
10056,9,0.75,1.0,0.8571428571428571,0.6666666666666666,12,0.75,1.0,0.8571428571428571,0.6666666666666666,12,1.0,1.0,1.0,1.0,9
16272,7,0.7777777777777778,1.0,0.8750000000000001,0.5714285714285714,9,0.7777777777777778,1.0,0.8750000000000001,0.5714285714285714,9,1.0,1.0,1.0,1.0,7
8549,10,0.9090909090909091,1.0,0.9523809523809523,0.6,11,0.9090909090909091,1.0,0.9523809523809523,0.6,11,1.0,1.0,1.0,1.0,10
12656,9,1.0,1.0,1.0,0.5555555555555556,9,1.0,1.0,1.0,0.5555555555555556,9,1.0,1.0,1.0,1.0,9
8708,13,0.6842105263157895,1.0,0.8125000000000001,0.7692307692307693,19,0.6842105263157895,1.0,0.8125000000000001,0.7692307692307693,19,1.0,1.0,1.0,1.0,13
3507,16,0.8888888888888888,1.0,0.9411764705882353,0.6875,18,0.8888888888888888,1.0,0.9411764705882353,0.6875,18,1.0,1.0,1.0,1.0,16
6720,15,0.9375,1.0,0.967741935483871,0.5333333333333333,16,0.9375,1.0,0.967741935483871,0.5333333333333333,16,1.0,1.0,1.0,1.0,15
8422,13,1.0,1.0,1.0,0.6153846153846154,13,1.0,1.0,1.0,0.6153846153846154,13,1.0,1.0,1.0,1.0,13
15320,21,0.84,1.0,0.9130434782608696,0.9047619047619048,25,0.84,1.0,0.9130434782608696,0.9047619047619048,25,1.0,1.0,1.0,1.0,21
4376,9,0.9,1.0,0.9473684210526316,0.6666666666666666,10,0.9,1.0,0.9473684210526316,0.6666666666666666,10,1.0,1.0,1.0,1.0,9
7329,11,1.0,1.0,1.0,0.6363636363636364,11,1.0,1.0,1.0,0.6363636363636364,11,1.0,1.0,1.0,1.0,11
16258,14,0.9333333333333333,1.0,0.9655172413793104,0.6428571428571429,15,0.9333333333333333,1.0,0.9655172413793104,0.6428571428571429,15,1.0,1.0,1.0,1.0,14
3382,8,0.7272727272727273,1.0,0.8421052631578948,0.625,11,0.7272727272727273,1.0,0.8421052631578948,0.625,11,1.0,1.0,1.0,1.0,8
9849,12,0.9230769230769231,1.0,0.9600000000000001,0.6666666666666666,13,0.9230769230769231,1.0,0.9600000000000001,0.6666666666666666,13,1.0,1.0,1.0,1.0,12
16556,9,0.9,1.0,0.9473684210526316,0.6666666666666666,10,0.9,1.0,0.9473684210526316,0.6666666666666666,10,1.0,1.0,1.0,1.0,9
5881,15,0.7894736842105263,1.0,0.8823529411764706,0.8,19,0.7894736842105263,1.0,0.8823529411764706,0.8,19,1.0,1.0,1.0,1.0,15
9673,14,0.8235294117647058,1.0,0.9032258064516129,0.6428571428571429,17,0.8235294117647058,1.0,0.9032258064516129,0.6428571428571429,17,1.0,1.0,1.0,1.0,14
6104,15,0.8333333333333334,1.0,0.9090909090909091,0.6666666666666666,18,0.8333333333333334,1.0,0.9090909090909091,0.6666666666666666,18,1.0,1.0,1.0,1.0,15
13273,11,0.8461538461538461,1.0,0.9166666666666666,0.7272727272727273,13,0.8461538461538461,1.0,0.9166666666666666,0.7272727272727273,13,1.0,1.0,1.0,1.0,11
8655,12,0.9230769230769231,1.0,0.9600000000000001,0.6666666666666666,13,0.9230769230769231,1.0,0.9600000000000001,0.6666666666666666,13,1.0,1.0,1.0,1.0,12
2914,14,0.9333333333333333,1.0,0.9655172413793104,0.5,15,0.9333333333333333,1.0,0.9655172413793104,0.5,15,1.0,1.0,1.0,1.0,14
834,7,1.0,1.0,1.0,0.5714285714285714,7,1.0,1.0,1.0,0.5714285714285714,7,1.0,1.0,1.0,1.0,7
10945,12,0.7692307692307693,0.8333333333333334,0.8,0.7,13,0.75,1.0,0.8571428571428571,0.5833333333333334,16,1.0,0.8333333333333334,0.9090909090909091,1.0,10
8508,6,0.8571428571428571,1.0,0.923076923076923,0.5,7,0.8571428571428571,1.0,0.923076923076923,0.5,7,1.0,1.0,1.0,1.0,6
695,15,0.8823529411764706,1.0,0.9375,0.6666666666666666,17,0.8823529411764706,1.0,0.9375,0.6666666666666666,17,1.0,1.0,1.0,1.0,15
11119,18,0.9,1.0,0.9473684210526316,0.7222222222222222,20,0.9,1.0,0.9473684210526316,0.6666666666666666,20,1.0,1.0,1.0,1.0,18
14649,11,0.9166666666666666,1.0,0.9565217391304348,0.7272727272727273,12,0.9166666666666666,1.0,0.9565217391304348,0.7272727272727273,12,1.0,1.0,1.0,1.0,11
3913,16,0.9411764705882353,1.0,0.9696969696969697,0.75,17,0.9411764705882353,1.0,0.9696969696969697,0.75,17,1.0,1.0,1.0,1.0,16
2879,14,1.0,1.0,1.0,0.6428571428571429,14,1.0,1.0,1.0,0.6428571428571429,14,1.0,1.0,1.0,1.0,14
16835,9,0.9,1.0,0.9473684210526316,0.6666666666666666,10,0.9,1.0,0.9473684210526316,0.6666666666666666,10,1.0,1.0,1.0,1.0,9
11348,9,0.6,1.0,0.7499999999999999,0.8888888888888888,15,0.6,1.0,0.7499999999999999,0.8888888888888888,15,1.0,1.0,1.0,1.0,9
4848,6,1.0,1.0,1.0,0.8333333333333334,6,1.0,1.0,1.0,0.8333333333333334,6,1.0,1.0,1.0,1.0,6
9510,11,0.8461538461538461,1.0,0.9166666666666666,0.7272727272727273,13,0.8461538461538461,1.0,0.9166666666666666,0.7272727272727273,13,1.0,1.0,1.0,1.0,11
10671,5,0.8333333333333334,1.0,0.9090909090909091,0.8,6,0.8333333333333334,1.0,0.9090909090909091,0.8,6,1.0,1.0,1.0,1.0,5
13410,8,0.7272727272727273,1.0,0.8421052631578948,0.625,11,0.7272727272727273,1.0,0.8421052631578948,0.625,11,1.0,1.0,1.0,1.0,8
15366,9,1.0,1.0,1.0,0.7777777777777778,9,1.0,1.0,1.0,0.7777777777777778,9,1.0,1.0,1.0,1.0,9
7176,17,0.8947368421052632,1.0,0.9444444444444444,0.8823529411764706,19,0.8947368421052632,1.0,0.9444444444444444,0.8823529411764706,19,1.0,1.0,1.0,1.0,17
787,13,0.9285714285714286,1.0,0.962962962962963,0.8461538461538461,14,0.9285714285714286,1.0,0.962962962962963,0.8461538461538461,14,1.0,1.0,1.0,1.0,13
11793,14,0.8235294117647058,1.0,0.9032258064516129,0.5714285714285714,17,0.8235294117647058,1.0,0.9032258064516129,0.5714285714285714,17,1.0,1.0,1.0,1.0,14
14209,15,0.8333333333333334,1.0,0.9090909090909091,0.6666666666666666,18,0.8333333333333334,1.0,0.9090909090909091,0.6666666666666666,18,1.0,1.0,1.0,1.0,15
4703,10,1.0,1.0,1.0,0.6,10,1.0,1.0,1.0,0.6,10,1.0,1.0,1.0,1.0,10
3841,8,1.0,1.0,1.0,0.625,8,1.0,1.0,1.0,0.625,8,1.0,1.0,1.0,1.0,8
15397,13,1.0,1.0,1.0,0.6923076923076923,13,1.0,1.0,1.0,0.6923076923076923,13,1.0,1.0,1.0,1.0,13
13488,11,0.8461538461538461,1.0,0.9166666666666666,0.8181818181818182,13,0.8461538461538461,1.0,0.9166666666666666,0.8181818181818182,13,1.0,1.0,1.0,1.0,11
12308,16,0.8421052631578947,1.0,0.9142857142857143,0.75,19,0.8421052631578947,1.0,0.9142857142857143,0.75,19,1.0,1.0,1.0,1.0,16
16910,10,0.9090909090909091,1.0,0.9523809523809523,0.6,11,0.9090909090909091,1.0,0.9523809523809523,0.6,11,1.0,1.0,1.0,1.0,10
8418,8,1.0,1.0,1.0,0.5,8,1.0,1.0,1.0,0.5,8,1.0,1.0,1.0,1.0,8
584,10,0.9090909090909091,1.0,0.9523809523809523,0.7,11,0.9090909090909091,1.0,0.9523809523809523,0.7,11,1.0,1.0,1.0,1.0,10
542,12,0.9230769230769231,1.0,0.9600000000000001,0.5833333333333334,13,0.9230769230769231,1.0,0.9600000000000001,0.5833333333333334,13,1.0,1.0,1.0,1.0,12
3088,11,1.0,1.0,1.0,0.5454545454545454,11,1.0,1.0,1.0,0.5454545454545454,11,1.0,1.0,1.0,1.0,11
6334,12,0.9230769230769231,1.0,0.9600000000000001,0.75,13,0.9230769230769231,1.0,0.9600000000000001,0.75,13,1.0,1.0,1.0,1.0,12
13938,10,0.8333333333333334,1.0,0.9090909090909091,0.7,12,0.8333333333333334,1.0,0.9090909090909091,0.7,12,1.0,1.0,1.0,1.0,10
12399,12,0.9230769230769231,1.0,0.9600000000000001,0.75,13,0.9230769230769231,1.0,0.9600000000000001,0.75,13,1.0,1.0,1.0,1.0,12
583,10,0.9090909090909091,1.0,0.9523809523809523,0.7,11,0.9090909090909091,1.0,0.9523809523809523,0.7,11,1.0,1.0,1.0,1.0,10
2883,16,1.0,1.0,1.0,0.8125,16,1.0,1.0,1.0,0.8125,16,1.0,1.0,1.0,1.0,16
6121,18,0.8181818181818182,1.0,0.9,0.7777777777777778,22,0.8181818181818182,1.0,0.9,0.7777777777777778,22,1.0,1.0,1.0,0.8888888888888888,18
7669,10,0.9090909090909091,1.0,0.9523809523809523,0.6,11,0.9090909090909091,1.0,0.9523809523809523,0.6,11,1.0,1.0,1.0,1.0,10
2221,14,0.9333333333333333,1.0,0.9655172413793104,0.7142857142857143,15,0.9333333333333333,1.0,0.9655172413793104,0.7142857142857143,15,1.0,1.0,1.0,1.0,14
11842,10,0.7692307692307693,1.0,0.8695652173913044,0.8,13,0.7692307692307693,1.0,0.8695652173913044,0.8,13,1.0,1.0,1.0,1.0,10
13199,13,0.9285714285714286,1.0,0.962962962962963,0.6923076923076923,14,0.9285714285714286,1.0,0.962962962962963,0.6923076923076923,14,1.0,1.0,1.0,1.0,13
14788,13,0.8666666666666667,1.0,0.9285714285714286,0.7692307692307693,15,0.8666666666666667,1.0,0.9285714285714286,0.7692307692307693,15,1.0,1.0,1.0,1.0,13
13578,16,0.8421052631578947,1.0,0.9142857142857143,0.6875,19,0.8421052631578947,1.0,0.9142857142857143,0.6875,19,1.0,1.0,1.0,1.0,16
4594,11,0.9166666666666666,1.0,0.9565217391304348,0.8181818181818182,12,0.9166666666666666,1.0,0.9565217391304348,0.8181818181818182,12,1.0,1.0,1.0,1.0,11
13284,17,0.8095238095238095,1.0,0.8947368421052632,0.5882352941176471,21,0.8095238095238095,1.0,0.8947368421052632,0.5882352941176471,21,1.0,1.0,1.0,1.0,17
16502,10,0.9090909090909091,1.0,0.9523809523809523,0.7,11,0.9090909090909091,1.0,0.9523809523809523,0.7,11,1.0,1.0,1.0,1.0,10
2107,8,0.8888888888888888,1.0,0.9411764705882353,0.5,9,0.8888888888888888,1.0,0.9411764705882353,0.5,9,1.0,1.0,1.0,1.0,8
16089,8,1.0,1.0,1.0,0.625,8,1.0,1.0,1.0,0.625,8,1.0,1.0,1.0,1.0,8
14743,8,0.7272727272727273,1.0,0.8421052631578948,0.625,11,0.7272727272727273,1.0,0.8421052631578948,0.625,11,1.0,1.0,1.0,1.0,8
3273,8,0.8888888888888888,1.0,0.9411764705882353,0.75,9,0.8888888888888888,1.0,0.9411764705882353,0.75,9,1.0,1.0,1.0,1.0,8
11473,8,1.0,1.0,1.0,0.625,8,1.0,1.0,1.0,0.625,8,1.0,1.0,1.0,1.0,8
7377,16,0.8888888888888888,1.0,0.9411764705882353,0.75,18,0.8888888888888888,1.0,0.9411764705882353,0.75,18,1.0,1.0,1.0,1.0,16
15999,10,0.9090909090909091,1.0,0.9523809523809523,0.6,11,0.9090909090909091,1.0,0.9523809523809523,0.6,11,1.0,1.0,1.0,1.0,10
4502,8,1.0,1.0,1.0,0.625,8,1.0,1.0,1.0,0.625,8,1.0,1.0,1.0,1.0,8
10309,15,1.0,1.0,1.0,0.6666666666666666,15,1.0,1.0,1.0,0.6666666666666666,15,1.0,1.0,1.0,1.0,15
12428,14,0.7777777777777778,1.0,0.8750000000000001,0.7142857142857143,18,0.7777777777777778,1.0,0.8750000000000001,0.7142857142857143,18,1.0,1.0,1.0,1.0,14
11550,8,1.0,1.0,1.0,0.625,8,1.0,1.0,1.0,0.625,8,1.0,1.0,1.0,1.0,8
5829,8,1.0,1.0,1.0,0.625,8,1.0,1.0,1.0,0.625,8,1.0,1.0,1.0,1.0,8
1109,18,0.75,1.0,0.8571428571428571,0.6666666666666666,24,0.75,1.0,0.8571428571428571,0.6666666666666666,24,1.0,1.0,1.0,1.0,18
14856,7,0.875,1.0,0.9333333333333333,0.7142857142857143,8,0.875,1.0,0.9333333333333333,0.7142857142857143,8,1.0,1.0,1.0,1.0,7
7200,10,0.9090909090909091,1.0,0.9523809523809523,0.6,11,0.9090909090909091,1.0,0.9523809523809523,0.6,11,1.0,1.0,1.0,1.0,10
4740,9,0.8181818181818182,1.0,0.9,0.6666666666666666,11,0.8181818181818182,1.0,0.9,0.6666666666666666,11,1.0,1.0,1.0,1.0,9
13745,10,1.0,1.0,1.0,0.6,10,1.0,1.0,1.0,0.6,10,1.0,1.0,1.0,1.0,10
10531,8,1.0,1.0,1.0,0.625,8,1.0,1.0,1.0,0.625,8,1.0,1.0,1.0,1.0,8
532,13,0.6842105263157895,1.0,0.8125000000000001,0.9230769230769231,19,0.6842105263157895,1.0,0.8125000000000001,1.0,19,1.0,1.0,1.0,1.0,13
2712,16,1.0,1.0,1.0,0.6875,16,1.0,1.0,1.0,0.6875,16,1.0,1.0,1.0,1.0,16
15117,11,1.0,1.0,1.0,0.8181818181818182,11,1.0,1.0,1.0,0.8181818181818182,11,1.0,1.0,1.0,1.0,11
2067,9,0.8181818181818182,1.0,0.9,0.5555555555555556,11,0.8181818181818182,1.0,0.9,0.5555555555555556,11,1.0,1.0,1.0,1.0,9
8558,15,0.8823529411764706,1.0,0.9375,0.7333333333333333,17,0.8823529411764706,1.0,0.9375,0.7333333333333333,17,1.0,1.0,1.0,1.0,15
11551,8,1.0,1.0,1.0,0.625,8,1.0,1.0,1.0,0.625,8,1.0,1.0,1.0,1.0,8
6728,9,1.0,1.0,1.0,0.5555555555555556,9,1.0,1.0,1.0,0.5555555555555556,9,1.0,1.0,1.0,1.0,9
14371,12,0.8571428571428571,1.0,0.923076923076923,0.75,14,0.8571428571428571,1.0,0.923076923076923,0.75,14,1.0,1.0,1.0,1.0,12
6774,9,1.0,1.0,1.0,0.6666666666666666,9,1.0,1.0,1.0,0.6666666666666666,9,1.0,1.0,1.0,1.0,9
15079,11,0.8461538461538461,1.0,0.9166666666666666,0.8181818181818182,13,0.8461538461538461,1.0,0.9166666666666666,0.8181818181818182,13,1.0,1.0,1.0,1.0,11
3563,11,1.0,1.0,1.0,0.6363636363636364,11,1.0,1.0,1.0,0.6363636363636364,11,1.0,1.0,1.0,1.0,11
4997,13,0.9285714285714286,1.0,0.962962962962963,0.7692307692307693,14,0.9285714285714286,1.0,0.962962962962963,0.7692307692307693,14,1.0,1.0,1.0,1.0,13
11141,9,0.9,1.0,0.9473684210526316,0.7777777777777778,10,0.9,1.0,0.9473684210526316,0.7777777777777778,10,1.0,1.0,1.0,1.0,9
16593,9,0.9,1.0,0.9473684210526316,0.6666666666666666,10,0.9,1.0,0.9473684210526316,0.6666666666666666,10,1.0,1.0,1.0,1.0,9
8675,16,1.0,1.0,1.0,0.5625,16,1.0,1.0,1.0,0.5625,16,1.0,1.0,1.0,1.0,16
10625,17,0.8947368421052632,1.0,0.9444444444444444,0.6470588235294118,19,0.8947368421052632,1.0,0.9444444444444444,0.6470588235294118,19,1.0,1.0,1.0,1.0,17
12323,8,0.8888888888888888,1.0,0.9411764705882353,0.625,9,0.8888888888888888,1.0,0.9411764705882353,0.625,9,1.0,1.0,1.0,1.0,8
8606,10,1.0,1.0,1.0,0.9,10,1.0,1.0,1.0,0.9,10,1.0,1.0,1.0,1.0,10
13735,12,0.9230769230769231,1.0,0.9600000000000001,0.8333333333333334,13,0.9230769230769231,1.0,0.9600000000000001,0.8333333333333334,13,1.0,1.0,1.0,1.0,12
7203,10,0.9090909090909091,1.0,0.9523809523809523,0.7,11,0.9090909090909091,1.0,0.9523809523809523,0.7,11,1.0,0.9,0.9473684210526316,1.0,9
11583,11,1.0,1.0,1.0,0.9090909090909091,11,1.0,1.0,1.0,0.9090909090909091,11,1.0,1.0,1.0,1.0,11
2863,11,1.0,1.0,1.0,0.7272727272727273,11,1.0,1.0,1.0,0.7272727272727273,11,1.0,1.0,1.0,1.0,11
2106,12,0.9230769230769231,1.0,0.9600000000000001,0.5833333333333334,13,0.9230769230769231,1.0,0.9600000000000001,0.5833333333333334,13,1.0,1.0,1.0,1.0,12
5151,13,0.8666666666666667,1.0,0.9285714285714286,0.5384615384615384,15,0.8666666666666667,1.0,0.9285714285714286,0.5384615384615384,15,1.0,1.0,1.0,1.0,13
12299,11,0.8461538461538461,1.0,0.9166666666666666,0.7272727272727273,13,0.8461538461538461,1.0,0.9166666666666666,0.7272727272727273,13,1.0,1.0,1.0,1.0,11
4214,14,0.9333333333333333,1.0,0.9655172413793104,0.7142857142857143,15,0.9333333333333333,1.0,0.9655172413793104,0.7142857142857143,15,1.0,1.0,1.0,1.0,14
2037,11,0.6470588235294118,1.0,0.7857142857142858,0.7272727272727273,17,0.6470588235294118,1.0,0.7857142857142858,0.7272727272727273,17,1.0,1.0,1.0,1.0,11
13651,13,1.0,1.0,1.0,0.8461538461538461,13,1.0,1.0,1.0,0.8461538461538461,13,1.0,1.0,1.0,1.0,13
14691,13,0.9285714285714286,1.0,0.962962962962963,0.6923076923076923,14,0.9285714285714286,1.0,0.962962962962963,0.6923076923076923,14,1.0,1.0,1.0,1.0,13
10529,9,0.8181818181818182,1.0,0.9,0.6666666666666666,11,0.8181818181818182,1.0,0.9,0.6666666666666666,11,1.0,1.0,1.0,1.0,9
8343,10,1.0,1.0,1.0,0.7,10,1.0,1.0,1.0,0.7,10,1.0,1.0,1.0,1.0,10
1153,15,0.8333333333333334,1.0,0.9090909090909091,0.6,18,0.8333333333333334,1.0,0.9090909090909091,0.6,18,1.0,1.0,1.0,1.0,15
14928,11,0.7857142857142857,1.0,0.88,0.7272727272727273,14,0.7857142857142857,1.0,0.88,0.7272727272727273,14,1.0,1.0,1.0,1.0,11
14761,4,0.8,1.0,0.888888888888889,1.0,5,0.8,1.0,0.888888888888889,1.0,5,1.0,1.0,1.0,1.0,4
1547,9,0.75,1.0,0.8571428571428571,0.7777777777777778,12,0.75,1.0,0.8571428571428571,0.7777777777777778,12,1.0,1.0,1.0,1.0,9
14226,14,1.0,1.0,1.0,0.6428571428571429,14,1.0,1.0,1.0,0.6428571428571429,14,1.0,1.0,1.0,1.0,14
7625,15,0.8823529411764706,1.0,0.9375,0.6666666666666666,17,0.8823529411764706,1.0,0.9375,0.6666666666666666,17,1.0,1.0,1.0,1.0,15
10012,12,0.8571428571428571,1.0,0.923076923076923,0.6666666666666666,14,0.8571428571428571,1.0,0.923076923076923,0.6666666666666666,14,1.0,1.0,1.0,1.0,12
4923,7,0.7777777777777778,1.0,0.8750000000000001,0.8571428571428571,9,0.7777777777777778,1.0,0.8750000000000001,0.8571428571428571,9,1.0,1.0,1.0,1.0,7
14354,16,0.8421052631578947,1.0,0.9142857142857143,0.875,19,0.8421052631578947,1.0,0.9142857142857143,0.875,19,1.0,1.0,1.0,1.0,16
3497,12,1.0,1.0,1.0,0.5833333333333334,12,1.0,1.0,1.0,0.5833333333333334,12,1.0,1.0,1.0,1.0,12
3378,14,0.9333333333333333,1.0,0.9655172413793104,0.6428571428571429,15,0.9333333333333333,1.0,0.9655172413793104,0.6428571428571429,15,1.0,1.0,1.0,1.0,14
2123,9,1.0,1.0,1.0,0.5555555555555556,9,1.0,1.0,1.0,0.5555555555555556,9,1.0,1.0,1.0,1.0,9
7922,10,0.9090909090909091,1.0,0.9523809523809523,0.6,11,0.9090909090909091,1.0,0.9523809523809523,0.6,11,1.0,1.0,1.0,1.0,10
16993,10,0.9090909090909091,1.0,0.9523809523809523,0.8,11,0.9090909090909091,1.0,0.9523809523809523,0.8,11,1.0,1.0,1.0,1.0,10
15323,8,1.0,1.0,1.0,0.625,8,1.0,1.0,1.0,0.625,8,1.0,1.0,1.0,1.0,8
9566,12,1.0,1.0,1.0,0.6666666666666666,12,1.0,1.0,1.0,0.6666666666666666,12,1.0,1.0,1.0,1.0,12
15903,13,1.0,1.0,1.0,0.5384615384615384,13,1.0,1.0,1.0,0.5384615384615384,13,1.0,1.0,1.0,1.0,13
11465,9,0.8181818181818182,1.0,0.9,0.6666666666666666,11,0.8181818181818182,1.0,0.9,0.6666666666666666,11,1.0,1.0,1.0,1.0,9
7768,8,1.0,1.0,1.0,0.75,8,1.0,1.0,1.0,0.75,8,1.0,1.0,1.0,1.0,8
10643,6,1.0,1.0,1.0,0.6666666666666666,6,1.0,1.0,1.0,0.6666666666666666,6,1.0,1.0,1.0,1.0,6
730,8,0.8888888888888888,1.0,0.9411764705882353,0.625,9,0.8888888888888888,1.0,0.9411764705882353,0.625,9,1.0,1.0,1.0,1.0,8
3136,8,1.0,1.0,1.0,0.875,8,1.0,1.0,1.0,0.875,8,1.0,1.0,1.0,1.0,8
7735,19,0.95,1.0,0.9743589743589743,0.7894736842105263,20,0.95,1.0,0.9743589743589743,0.7894736842105263,20,1.0,1.0,1.0,1.0,19
16939,11,1.0,1.0,1.0,0.5454545454545454,11,1.0,1.0,1.0,0.5454545454545454,11,1.0,1.0,1.0,1.0,11
6584,7,0.875,1.0,0.9333333333333333,0.5714285714285714,8,0.875,1.0,0.9333333333333333,0.5714285714285714,8,1.0,1.0,1.0,1.0,7
12821,13,1.0,1.0,1.0,0.8461538461538461,13,1.0,1.0,1.0,0.8461538461538461,13,1.0,1.0,1.0,1.0,13
2663,10,0.7692307692307693,1.0,0.8695652173913044,0.6,13,0.7692307692307693,1.0,0.8695652173913044,0.6,13,1.0,1.0,1.0,1.0,10
12453,9,1.0,1.0,1.0,0.4444444444444444,9,1.0,1.0,1.0,0.4444444444444444,9,1.0,1.0,1.0,1.0,9
15930,7,1.0,1.0,1.0,0.5714285714285714,7,1.0,1.0,1.0,0.5714285714285714,7,1.0,1.0,1.0,1.0,7
6934,6,0.8571428571428571,1.0,0.923076923076923,0.6666666666666666,7,0.8571428571428571,1.0,0.923076923076923,0.6666666666666666,7,1.0,1.0,1.0,1.0,6
14612,17,0.8095238095238095,1.0,0.8947368421052632,0.7058823529411765,21,0.8095238095238095,1.0,0.8947368421052632,0.7058823529411765,21,1.0,1.0,1.0,1.0,17
12237,12,0.8571428571428571,1.0,0.923076923076923,0.8333333333333334,14,0.8571428571428571,1.0,0.923076923076923,0.8333333333333334,14,1.0,1.0,1.0,1.0,12
15127,17,0.8095238095238095,1.0,0.8947368421052632,0.8235294117647058,21,0.8095238095238095,1.0,0.8947368421052632,0.8235294117647058,21,1.0,1.0,1.0,1.0,17
2378,10,0.8333333333333334,1.0,0.9090909090909091,0.8,12,0.8333333333333334,1.0,0.9090909090909091,0.8,12,1.0,1.0,1.0,1.0,10
2506,13,1.0,1.0,1.0,0.6923076923076923,13,1.0,1.0,1.0,0.6923076923076923,13,1.0,1.0,1.0,1.0,13
7190,15,1.0,1.0,1.0,0.6,15,1.0,1.0,1.0,0.6,15,1.0,1.0,1.0,1.0,15
2784,12,1.0,1.0,1.0,0.5833333333333334,12,1.0,1.0,1.0,0.5833333333333334,12,1.0,1.0,1.0,1.0,12
13959,10,0.9090909090909091,1.0,0.9523809523809523,0.7,11,0.9090909090909091,1.0,0.9523809523809523,0.7,11,1.0,1.0,1.0,1.0,10
9180,9,0.9,1.0,0.9473684210526316,0.6666666666666666,10,0.9,1.0,0.9473684210526316,0.6666666666666666,10,1.0,1.0,1.0,1.0,9
2446,10,1.0,1.0,1.0,0.7,10,1.0,1.0,1.0,0.7,10,1.0,1.0,1.0,1.0,10
2410,10,0.7142857142857143,1.0,0.8333333333333333,0.8,14,0.7142857142857143,1.0,0.8333333333333333,0.8,14,1.0,1.0,1.0,1.0,10
7117,12,0.8571428571428571,1.0,0.923076923076923,0.8333333333333334,14,0.8571428571428571,1.0,0.923076923076923,0.8333333333333334,14,1.0,1.0,1.0,1.0,12
16269,6,0.8571428571428571,1.0,0.923076923076923,0.6666666666666666,7,0.8571428571428571,1.0,0.923076923076923,0.6666666666666666,7,1.0,1.0,1.0,1.0,6
6082,11,0.9166666666666666,1.0,0.9565217391304348,0.7272727272727273,12,0.9166666666666666,1.0,0.9565217391304348,0.7272727272727273,12,1.0,1.0,1.0,1.0,11
2771,13,0.8125,1.0,0.896551724137931,0.7692307692307693,16,0.8125,1.0,0.896551724137931,0.7692307692307693,16,1.0,1.0,1.0,1.0,13
6445,13,0.9090909090909091,0.7692307692307693,0.8333333333333333,0.8,11,0.8666666666666667,1.0,0.9285714285714286,0.6153846153846154,15,1.0,0.7692307692307693,0.8695652173913044,1.0,10
2745,9,0.9,1.0,0.9473684210526316,0.7777777777777778,10,0.9,1.0,0.9473684210526316,0.7777777777777778,10,1.0,1.0,1.0,1.0,9
11523,10,0.8333333333333334,1.0,0.9090909090909091,0.7,12,0.8333333333333334,1.0,0.9090909090909091,0.7,12,1.0,1.0,1.0,1.0,10
3355,9,1.0,1.0,1.0,0.5555555555555556,9,1.0,1.0,1.0,0.5555555555555556,9,1.0,1.0,1.0,1.0,9
16524,16,1.0,1.0,1.0,0.75,16,1.0,1.0,1.0,0.75,16,1.0,1.0,1.0,1.0,16
1558,16,1.0,1.0,1.0,0.625,16,1.0,1.0,1.0,0.625,16,1.0,1.0,1.0,1.0,16
13764,10,0.9090909090909091,1.0,0.9523809523809523,0.7,11,0.9090909090909091,1.0,0.9523809523809523,0.7,11,1.0,1.0,1.0,1.0,10
16671,14,0.9333333333333333,1.0,0.9655172413793104,0.5714285714285714,15,0.9333333333333333,1.0,0.9655172413793104,0.5714285714285714,15,1.0,1.0,1.0,1.0,14
14455,16,0.9411764705882353,1.0,0.9696969696969697,0.8125,17,0.9411764705882353,1.0,0.9696969696969697,0.8125,17,1.0,1.0,1.0,1.0,16
11546,8,1.0,1.0,1.0,0.625,8,1.0,1.0,1.0,0.625,8,1.0,1.0,1.0,1.0,8
15148,10,0.8333333333333334,1.0,0.9090909090909091,0.8,12,0.8333333333333334,1.0,0.9090909090909091,0.8,12,1.0,1.0,1.0,1.0,10
9610,9,0.9,1.0,0.9473684210526316,0.6666666666666666,10,0.9,1.0,0.9473684210526316,0.6666666666666666,10,1.0,1.0,1.0,1.0,9
412,11,1.0,1.0,1.0,0.6363636363636364,11,1.0,1.0,1.0,0.6363636363636364,11,1.0,1.0,1.0,1.0,11
3538,9,1.0,1.0,1.0,0.5555555555555556,9,1.0,1.0,1.0,0.5555555555555556,9,1.0,1.0,1.0,1.0,9
1562,18,0.9,1.0,0.9473684210526316,0.6666666666666666,20,0.9,1.0,0.9473684210526316,0.6666666666666666,20,1.0,1.0,1.0,1.0,18
2411,13,0.7647058823529411,1.0,0.8666666666666666,0.7692307692307693,17,0.7647058823529411,1.0,0.8666666666666666,0.7692307692307693,17,1.0,1.0,1.0,1.0,13
2802,7,1.0,1.0,1.0,0.5714285714285714,7,1.0,1.0,1.0,0.5714285714285714,7,1.0,1.0,1.0,1.0,7
6998,5,0.8333333333333334,1.0,0.9090909090909091,1.0,6,0.8333333333333334,1.0,0.9090909090909091,1.0,6,1.0,1.0,1.0,1.0,5
11249,7,0.875,1.0,0.9333333333333333,0.5714285714285714,8,0.875,1.0,0.9333333333333333,0.5714285714285714,8,1.0,1.0,1.0,1.0,7
9103,16,1.0,1.0,1.0,0.6875,16,1.0,1.0,1.0,0.6875,16,1.0,1.0,1.0,1.0,16
16370,10,1.0,1.0,1.0,0.7,10,1.0,1.0,1.0,0.7,10,1.0,1.0,1.0,1.0,10
5303,10,1.0,1.0,1.0,0.6,10,1.0,1.0,1.0,0.6,10,1.0,1.0,1.0,1.0,10
10855,7,1.0,1.0,1.0,0.5714285714285714,7,1.0,1.0,1.0,0.7142857142857143,7,1.0,1.0,1.0,1.0,7
11445,9,1.0,1.0,1.0,0.5555555555555556,9,1.0,1.0,1.0,0.5555555555555556,9,1.0,1.0,1.0,1.0,9
6440,12,1.0,1.0,1.0,0.5833333333333334,12,1.0,1.0,1.0,0.5833333333333334,12,1.0,1.0,1.0,1.0,12
4838,8,1.0,1.0,1.0,0.75,8,1.0,1.0,1.0,0.75,8,1.0,1.0,1.0,1.0,8
15159,13,1.0,1.0,1.0,0.5384615384615384,13,1.0,1.0,1.0,0.5384615384615384,13,1.0,1.0,1.0,1.0,13
12964,10,0.7692307692307693,1.0,0.8695652173913044,0.9,13,0.7692307692307693,1.0,0.8695652173913044,0.9,13,1.0,1.0,1.0,1.0,10
1319,11,1.0,1.0,1.0,0.6363636363636364,11,1.0,1.0,1.0,0.6363636363636364,11,1.0,1.0,1.0,1.0,11
10271,10,1.0,1.0,1.0,0.6,10,1.0,1.0,1.0,0.6,10,1.0,1.0,1.0,1.0,10
8553,22,0.88,1.0,0.9361702127659575,0.7272727272727273,25,0.88,1.0,0.9361702127659575,0.7272727272727273,25,1.0,1.0,1.0,1.0,22
9601,17,0.8947368421052632,1.0,0.9444444444444444,0.6470588235294118,19,0.8947368421052632,1.0,0.9444444444444444,0.6470588235294118,19,1.0,1.0,1.0,1.0,17
4494,13,0.8666666666666667,1.0,0.9285714285714286,0.6153846153846154,15,0.8666666666666667,1.0,0.9285714285714286,0.6153846153846154,15,1.0,1.0,1.0,1.0,13
8685,6,1.0,1.0,1.0,0.6666666666666666,6,1.0,1.0,1.0,0.6666666666666666,6,1.0,1.0,1.0,1.0,6
8944,7,0.7777777777777778,1.0,0.8750000000000001,0.8571428571428571,9,0.7777777777777778,1.0,0.8750000000000001,0.8571428571428571,9,1.0,1.0,1.0,1.0,7
3034,5,0.7142857142857143,1.0,0.8333333333333333,0.6,7,0.7142857142857143,1.0,0.8333333333333333,0.6,7,1.0,1.0,1.0,1.0,5
5044,11,0.9166666666666666,1.0,0.9565217391304348,0.5454545454545454,12,0.9166666666666666,1.0,0.9565217391304348,0.5454545454545454,12,1.0,1.0,1.0,1.0,11
7685,7,0.875,1.0,0.9333333333333333,0.7142857142857143,8,0.875,1.0,0.9333333333333333,0.7142857142857143,8,1.0,1.0,1.0,1.0,7
6748,9,1.0,1.0,1.0,0.5555555555555556,9,1.0,1.0,1.0,0.5555555555555556,9,1.0,1.0,1.0,1.0,9
6700,10,0.8333333333333334,1.0,0.9090909090909091,0.7,12,0.8333333333333334,1.0,0.9090909090909091,0.7,12,1.0,1.0,1.0,1.0,10
770,14,0.8235294117647058,1.0,0.9032258064516129,0.7142857142857143,17,0.8235294117647058,1.0,0.9032258064516129,0.7142857142857143,17,1.0,1.0,1.0,1.0,14
13724,6,0.8571428571428571,1.0,0.923076923076923,0.5,7,0.8571428571428571,1.0,0.923076923076923,0.5,7,1.0,1.0,1.0,1.0,6
12106,15,0.9375,1.0,0.967741935483871,0.7333333333333333,16,0.9375,1.0,0.967741935483871,0.7333333333333333,16,1.0,1.0,1.0,1.0,15
3528,12,0.9230769230769231,1.0,0.9600000000000001,0.75,13,0.9230769230769231,1.0,0.9600000000000001,0.75,13,1.0,1.0,1.0,1.0,12
5538,6,0.8571428571428571,1.0,0.923076923076923,0.6666666666666666,7,0.8571428571428571,1.0,0.923076923076923,0.6666666666666666,7,1.0,1.0,1.0,1.0,6
7535,13,1.0,1.0,1.0,0.6153846153846154,13,1.0,1.0,1.0,0.6153846153846154,13,1.0,1.0,1.0,1.0,13
10622,12,0.8571428571428571,1.0,0.923076923076923,0.6666666666666666,14,0.8571428571428571,1.0,0.923076923076923,0.6666666666666666,14,1.0,1.0,1.0,1.0,12
4656,12,1.0,1.0,1.0,0.8333333333333334,12,1.0,1.0,1.0,0.8333333333333334,12,1.0,1.0,1.0,1.0,12
11310,13,1.0,1.0,1.0,0.7692307692307693,13,1.0,1.0,1.0,0.7692307692307693,13,1.0,1.0,1.0,1.0,13
11397,12,0.8,1.0,0.888888888888889,0.5,15,0.8,1.0,0.888888888888889,0.5,15,1.0,1.0,1.0,1.0,12
5109,9,0.9,1.0,0.9473684210526316,0.6666666666666666,10,0.9,1.0,0.9473684210526316,0.6666666666666666,10,1.0,1.0,1.0,1.0,9
74,14,1.0,1.0,1.0,0.5714285714285714,14,1.0,1.0,1.0,0.5714285714285714,14,1.0,1.0,1.0,1.0,14
14685,7,0.7777777777777778,1.0,0.8750000000000001,0.8571428571428571,9,0.7777777777777778,1.0,0.8750000000000001,0.8571428571428571,9,1.0,1.0,1.0,1.0,7
7001,10,1.0,1.0,1.0,0.8,10,1.0,1.0,1.0,0.8,10,1.0,1.0,1.0,1.0,10
7244,9,1.0,1.0,1.0,0.6666666666666666,9,1.0,1.0,1.0,0.6666666666666666,9,1.0,0.8888888888888888,0.9411764705882353,1.0,8
15018,9,0.9,1.0,0.9473684210526316,0.5555555555555556,10,0.9,1.0,0.9473684210526316,0.5555555555555556,10,1.0,1.0,1.0,1.0,9
9121,17,0.7727272727272727,1.0,0.8717948717948718,0.6470588235294118,22,0.7727272727272727,1.0,0.8717948717948718,0.6470588235294118,22,1.0,1.0,1.0,1.0,17
15081,14,0.875,1.0,0.9333333333333333,0.8571428571428571,16,0.875,1.0,0.9333333333333333,0.8571428571428571,16,1.0,1.0,1.0,1.0,14
14840,17,0.9444444444444444,1.0,0.9714285714285714,0.7647058823529411,18,0.9444444444444444,1.0,0.9714285714285714,0.7647058823529411,18,1.0,1.0,1.0,1.0,17
3782,8,1.0,1.0,1.0,0.625,8,1.0,1.0,1.0,0.625,8,1.0,1.0,1.0,1.0,8
11088,10,0.9090909090909091,1.0,0.9523809523809523,0.8,11,0.9090909090909091,1.0,0.9523809523809523,0.8,11,1.0,1.0,1.0,1.0,10
6002,11,0.9166666666666666,1.0,0.9565217391304348,0.6363636363636364,12,0.9166666666666666,1.0,0.9565217391304348,0.6363636363636364,12,1.0,1.0,1.0,1.0,11
8470,17,0.8095238095238095,1.0,0.8947368421052632,0.7058823529411765,21,0.8095238095238095,1.0,0.8947368421052632,0.7058823529411765,21,1.0,1.0,1.0,1.0,17
10758,12,0.9230769230769231,1.0,0.9600000000000001,0.5833333333333334,13,0.9230769230769231,1.0,0.9600000000000001,0.5833333333333334,13,1.0,1.0,1.0,1.0,12
16966,11,0.9166666666666666,1.0,0.9565217391304348,0.9090909090909091,12,0.9166666666666666,1.0,0.9565217391304348,0.9090909090909091,12,1.0,1.0,1.0,1.0,11
589,8,1.0,1.0,1.0,0.625,8,1.0,1.0,1.0,0.625,8,1.0,1.0,1.0,1.0,8
4965,13,0.8125,1.0,0.896551724137931,0.6923076923076923,16,0.8125,1.0,0.896551724137931,0.6923076923076923,16,1.0,1.0,1.0,1.0,13
9869,10,0.9090909090909091,1.0,0.9523809523809523,0.6,11,0.9090909090909091,1.0,0.9523809523809523,0.6,11,1.0,1.0,1.0,1.0,10
7286,10,0.9090909090909091,1.0,0.9523809523809523,0.6,11,0.9090909090909091,1.0,0.9523809523809523,0.6,11,1.0,1.0,1.0,1.0,10
16797,14,0.875,1.0,0.9333333333333333,0.7142857142857143,16,0.875,1.0,0.9333333333333333,0.7142857142857143,16,1.0,1.0,1.0,1.0,14
282,20,0.9090909090909091,1.0,0.9523809523809523,0.55,22,0.9090909090909091,1.0,0.9523809523809523,0.55,22,1.0,1.0,1.0,1.0,20
16126,18,0.9473684210526315,1.0,0.972972972972973,0.7222222222222222,19,0.9473684210526315,1.0,0.972972972972973,0.7222222222222222,19,1.0,1.0,1.0,1.0,18
9976,9,0.8181818181818182,1.0,0.9,0.7777777777777778,11,0.8181818181818182,1.0,0.9,0.7777777777777778,11,1.0,1.0,1.0,1.0,9
10213,8,1.0,1.0,1.0,0.625,8,1.0,1.0,1.0,0.625,8,1.0,1.0,1.0,1.0,8
7750,13,0.9285714285714286,1.0,0.962962962962963,0.6153846153846154,14,0.9285714285714286,1.0,0.962962962962963,0.6153846153846154,14,1.0,1.0,1.0,1.0,13
815,11,1.0,1.0,1.0,0.6363636363636364,11,1.0,1.0,1.0,0.6363636363636364,11,1.0,1.0,1.0,1.0,11
15478,11,1.0,1.0,1.0,0.9090909090909091,11,1.0,1.0,1.0,0.9090909090909091,11,1.0,1.0,1.0,1.0,11
13944,7,1.0,1.0,1.0,0.5714285714285714,7,1.0,1.0,1.0,0.5714285714285714,7,1.0,1.0,1.0,1.0,7
1837,15,0.9375,1.0,0.967741935483871,0.7333333333333333,16,0.9375,1.0,0.967741935483871,0.7333333333333333,16,1.0,1.0,1.0,1.0,15
6107,9,0.75,1.0,0.8571428571428571,0.7777777777777778,12,0.75,1.0,0.8571428571428571,0.7777777777777778,12,1.0,1.0,1.0,1.0,9
8996,11,1.0,1.0,1.0,0.7272727272727273,11,1.0,1.0,1.0,0.7272727272727273,11,1.0,1.0,1.0,1.0,11
3275,8,1.0,1.0,1.0,0.625,8,1.0,1.0,1.0,0.625,8,1.0,1.0,1.0,1.0,8
4407,11,0.7333333333333333,1.0,0.846153846153846,0.7272727272727273,15,0.7333333333333333,1.0,0.846153846153846,0.7272727272727273,15,1.0,1.0,1.0,1.0,11
1991,16,1.0,1.0,1.0,0.6875,16,1.0,1.0,1.0,0.6875,16,1.0,1.0,1.0,1.0,16
10095,16,0.8888888888888888,1.0,0.9411764705882353,0.8125,18,0.8888888888888888,1.0,0.9411764705882353,0.8125,18,1.0,1.0,1.0,1.0,16
5601,10,0.8333333333333334,1.0,0.9090909090909091,0.8,12,0.8333333333333334,1.0,0.9090909090909091,0.8,12,1.0,1.0,1.0,1.0,10
2005,16,0.8,1.0,0.888888888888889,0.5625,20,0.8,1.0,0.888888888888889,0.5625,20,1.0,1.0,1.0,1.0,16
5627,10,0.9090909090909091,1.0,0.9523809523809523,0.5,11,0.9090909090909091,1.0,0.9523809523809523,0.5,11,1.0,1.0,1.0,1.0,10
13071,8,1.0,1.0,1.0,0.75,8,1.0,1.0,1.0,0.75,8,1.0,1.0,1.0,1.0,8
9846,8,1.0,0.75,0.8571428571428571,0.6666666666666666,6,1.0,1.0,1.0,0.5,8,1.0,0.75,0.8571428571428571,1.0,6
9213,9,1.0,1.0,1.0,0.7777777777777778,9,1.0,1.0,1.0,0.7777777777777778,9,1.0,1.0,1.0,1.0,9
13976,10,0.8333333333333334,1.0,0.9090909090909091,0.5,12,0.8333333333333334,1.0,0.9090909090909091,0.5,12,1.0,1.0,1.0,1.0,10
14730,20,0.9090909090909091,1.0,0.9523809523809523,0.65,22,0.9090909090909091,1.0,0.9523809523809523,0.65,22,1.0,1.0,1.0,1.0,20
14258,8,0.8,1.0,0.888888888888889,0.75,10,0.8,1.0,0.888888888888889,0.75,10,1.0,1.0,1.0,1.0,8
6879,11,1.0,1.0,1.0,0.45454545454545453,11,1.0,1.0,1.0,0.45454545454545453,11,1.0,1.0,1.0,1.0,11
10852,11,0.7333333333333333,1.0,0.846153846153846,0.8181818181818182,15,0.7333333333333333,1.0,0.846153846153846,0.8181818181818182,15,1.0,1.0,1.0,1.0,11
16946,8,1.0,1.0,1.0,0.625,8,1.0,1.0,1.0,0.625,8,1.0,1.0,1.0,1.0,8
8297,18,0.72,1.0,0.8372093023255813,0.7777777777777778,25,0.72,1.0,0.8372093023255813,0.7777777777777778,25,1.0,1.0,1.0,1.0,18
8651,13,1.0,1.0,1.0,0.6923076923076923,13,1.0,1.0,1.0,0.6923076923076923,13,1.0,1.0,1.0,1.0,13
3599,9,1.0,1.0,1.0,0.6666666666666666,9,1.0,1.0,1.0,0.6666666666666666,9,1.0,1.0,1.0,1.0,9
8394,13,1.0,1.0,1.0,0.6923076923076923,13,1.0,1.0,1.0,0.6923076923076923,13,1.0,1.0,1.0,1.0,13
15468,19,0.9047619047619048,1.0,0.9500000000000001,0.8421052631578947,21,0.9047619047619048,1.0,0.9500000000000001,0.8421052631578947,21,1.0,1.0,1.0,1.0,19
16855,8,1.0,1.0,1.0,0.625,8,1.0,1.0,1.0,0.625,8,1.0,1.0,1.0,1.0,8
5999,14,0.7777777777777778,1.0,0.8750000000000001,0.7142857142857143,18,0.7777777777777778,1.0,0.8750000000000001,0.7142857142857143,18,1.0,1.0,1.0,1.0,14
11303,18,0.9,1.0,0.9473684210526316,0.7222222222222222,20,0.9,1.0,0.9473684210526316,0.7222222222222222,20,1.0,1.0,1.0,1.0,18
3666,15,1.0,1.0,1.0,0.7333333333333333,15,1.0,1.0,1.0,0.7333333333333333,15,1.0,1.0,1.0,1.0,15
11598,11,1.0,1.0,1.0,0.7272727272727273,11,1.0,1.0,1.0,0.7272727272727273,11,1.0,1.0,1.0,1.0,11
10987,10,0.9090909090909091,1.0,0.9523809523809523,0.6,11,0.9090909090909091,1.0,0.9523809523809523,0.6,11,1.0,1.0,1.0,1.0,10
2054,15,0.8823529411764706,1.0,0.9375,0.6,17,0.8823529411764706,1.0,0.9375,0.6,17,1.0,1.0,1.0,1.0,15
8600,11,0.8461538461538461,1.0,0.9166666666666666,0.6363636363636364,13,0.8461538461538461,1.0,0.9166666666666666,0.6363636363636364,13,1.0,1.0,1.0,1.0,11
11305,9,0.9,1.0,0.9473684210526316,0.6666666666666666,10,0.9,1.0,0.9473684210526316,0.6666666666666666,10,1.0,1.0,1.0,1.0,9
3458,15,1.0,1.0,1.0,0.6666666666666666,15,1.0,1.0,1.0,0.6666666666666666,15,1.0,1.0,1.0,1.0,15
1478,15,0.8823529411764706,1.0,0.9375,0.6666666666666666,17,0.8823529411764706,1.0,0.9375,0.6666666666666666,17,1.0,1.0,1.0,1.0,15
14789,17,0.9444444444444444,1.0,0.9714285714285714,0.5882352941176471,18,0.9444444444444444,1.0,0.9714285714285714,0.5882352941176471,18,1.0,1.0,1.0,1.0,17
4992,14,1.0,1.0,1.0,0.5,14,1.0,1.0,1.0,0.5,14,1.0,1.0,1.0,1.0,14
11850,11,1.0,1.0,1.0,0.5454545454545454,11,1.0,1.0,1.0,0.5454545454545454,11,1.0,1.0,1.0,1.0,11
10318,10,0.8333333333333334,1.0,0.9090909090909091,0.7,12,0.8333333333333334,1.0,0.9090909090909091,0.7,12,1.0,1.0,1.0,1.0,10
3758,17,0.7727272727272727,1.0,0.8717948717948718,0.8823529411764706,22,0.7727272727272727,1.0,0.8717948717948718,0.8823529411764706,22,1.0,1.0,1.0,1.0,17
8612,15,0.8823529411764706,1.0,0.9375,0.7333333333333333,17,0.8823529411764706,1.0,0.9375,0.7333333333333333,17,1.0,1.0,1.0,1.0,15
14416,17,0.8947368421052632,1.0,0.9444444444444444,0.5882352941176471,19,0.8947368421052632,1.0,0.9444444444444444,0.5882352941176471,19,1.0,1.0,1.0,1.0,17
11913,10,1.0,1.0,1.0,0.7,10,1.0,1.0,1.0,0.7,10,1.0,1.0,1.0,1.0,10
15570,11,0.8461538461538461,1.0,0.9166666666666666,0.5454545454545454,13,0.8461538461538461,1.0,0.9166666666666666,0.5454545454545454,13,1.0,1.0,1.0,1.0,11
1781,17,0.8947368421052632,1.0,0.9444444444444444,0.6470588235294118,19,0.8947368421052632,1.0,0.9444444444444444,0.6470588235294118,19,0.9411764705882353,0.9411764705882353,0.9411764705882353,0.9375,17
4063,13,0.9285714285714286,1.0,0.962962962962963,0.6153846153846154,14,0.9285714285714286,1.0,0.962962962962963,0.6153846153846154,14,1.0,1.0,1.0,1.0,13
5036,8,0.8888888888888888,1.0,0.9411764705882353,0.75,9,0.8888888888888888,1.0,0.9411764705882353,0.75,9,1.0,1.0,1.0,1.0,8
10779,15,0.9375,1.0,0.967741935483871,0.6,16,0.9375,1.0,0.967741935483871,0.6,16,1.0,1.0,1.0,1.0,15
2916,16,0.8,1.0,0.888888888888889,0.75,20,0.8,1.0,0.888888888888889,0.75,20,1.0,1.0,1.0,1.0,16
863,7,0.875,1.0,0.9333333333333333,0.8571428571428571,8,0.875,1.0,0.9333333333333333,0.8571428571428571,8,1.0,1.0,1.0,1.0,7
4406,11,0.7333333333333333,1.0,0.846153846153846,0.7272727272727273,15,0.7333333333333333,1.0,0.846153846153846,0.7272727272727273,15,1.0,1.0,1.0,1.0,11
3588,10,1.0,1.0,1.0,0.8,10,1.0,1.0,1.0,0.8,10,1.0,1.0,1.0,1.0,10
2216,9,0.9,1.0,0.9473684210526316,0.6666666666666666,10,0.9,1.0,0.9473684210526316,0.6666666666666666,10,1.0,1.0,1.0,1.0,9
10399,12,0.9230769230769231,1.0,0.9600000000000001,0.8333333333333334,13,0.9230769230769231,1.0,0.9600000000000001,0.8333333333333334,13,1.0,0.9166666666666666,0.9565217391304348,1.0,11
8432,13,1.0,1.0,1.0,0.6923076923076923,13,1.0,1.0,1.0,0.6923076923076923,13,1.0,1.0,1.0,1.0,13
11564,8,1.0,1.0,1.0,0.625,8,1.0,1.0,1.0,0.625,8,1.0,1.0,1.0,1.0,8
16033,13,1.0,1.0,1.0,0.6153846153846154,13,1.0,1.0,1.0,0.6153846153846154,13,1.0,1.0,1.0,1.0,13
2298,8,1.0,1.0,1.0,0.625,8,1.0,1.0,1.0,0.625,8,1.0,1.0,1.0,1.0,8
11928,7,0.7777777777777778,1.0,0.8750000000000001,0.7142857142857143,9,0.7777777777777778,1.0,0.8750000000000001,0.7142857142857143,9,1.0,1.0,1.0,1.0,7
10616,15,1.0,1.0,1.0,0.7333333333333333,15,1.0,1.0,1.0,0.7333333333333333,15,1.0,1.0,1.0,1.0,15
11837,6,1.0,1.0,1.0,0.6666666666666666,6,1.0,1.0,1.0,0.6666666666666666,6,1.0,1.0,1.0,1.0,6
685,8,1.0,1.0,1.0,0.75,8,1.0,1.0,1.0,0.75,8,1.0,1.0,1.0,1.0,8
7906,12,0.8,1.0,0.888888888888889,0.75,15,0.8,1.0,0.888888888888889,0.75,15,1.0,1.0,1.0,1.0,12
2086,17,0.6538461538461539,1.0,0.7906976744186047,0.7058823529411765,26,0.6538461538461539,1.0,0.7906976744186047,0.7058823529411765,26,1.0,1.0,1.0,1.0,17
11519,8,1.0,1.0,1.0,0.625,8,1.0,1.0,1.0,0.625,8,1.0,1.0,1.0,1.0,8
15409,12,0.8571428571428571,1.0,0.923076923076923,0.6666666666666666,14,0.8571428571428571,1.0,0.923076923076923,0.6666666666666666,14,1.0,1.0,1.0,1.0,12
15796,7,1.0,1.0,1.0,0.7142857142857143,7,1.0,1.0,1.0,0.7142857142857143,7,1.0,1.0,1.0,1.0,7
14734,10,0.9090909090909091,1.0,0.9523809523809523,0.7,11,0.9090909090909091,1.0,0.9523809523809523,0.7,11,1.0,1.0,1.0,1.0,10
1157,12,0.8571428571428571,1.0,0.923076923076923,0.75,14,0.8571428571428571,1.0,0.923076923076923,0.75,14,1.0,1.0,1.0,1.0,12
4291,13,0.8666666666666667,1.0,0.9285714285714286,0.6153846153846154,15,0.8666666666666667,1.0,0.9285714285714286,0.6153846153846154,15,1.0,1.0,1.0,1.0,13
2674,9,1.0,1.0,1.0,0.6666666666666666,9,1.0,1.0,1.0,0.6666666666666666,9,1.0,1.0,1.0,1.0,9
894,17,0.8095238095238095,1.0,0.8947368421052632,0.8823529411764706,21,0.8095238095238095,1.0,0.8947368421052632,0.8823529411764706,21,1.0,1.0,1.0,1.0,17
5373,8,0.7272727272727273,1.0,0.8421052631578948,0.75,11,0.7272727272727273,1.0,0.8421052631578948,0.75,11,1.0,1.0,1.0,1.0,8
12121,14,0.875,1.0,0.9333333333333333,0.9285714285714286,16,0.875,1.0,0.9333333333333333,0.9285714285714286,16,1.0,1.0,1.0,1.0,14
16825,10,0.7692307692307693,1.0,0.8695652173913044,0.5,13,0.7692307692307693,1.0,0.8695652173913044,0.5,13,1.0,1.0,1.0,0.9,10
14421,12,1.0,1.0,1.0,0.6666666666666666,12,1.0,1.0,1.0,0.6666666666666666,12,1.0,1.0,1.0,1.0,12
9094,15,0.8823529411764706,1.0,0.9375,0.7333333333333333,17,0.8823529411764706,1.0,0.9375,0.7333333333333333,17,1.0,1.0,1.0,1.0,15
9082,21,0.84,1.0,0.9130434782608696,0.8095238095238095,25,0.84,1.0,0.9130434782608696,0.8095238095238095,25,1.0,1.0,1.0,1.0,21
1293,17,0.85,1.0,0.9189189189189189,0.7058823529411765,20,0.85,1.0,0.9189189189189189,0.7058823529411765,20,1.0,1.0,1.0,1.0,17
3288,8,1.0,1.0,1.0,0.625,8,1.0,1.0,1.0,0.625,8,1.0,1.0,1.0,1.0,8
7317,9,1.0,1.0,1.0,0.6666666666666666,9,1.0,1.0,1.0,0.6666666666666666,9,1.0,1.0,1.0,1.0,9
14974,22,0.88,1.0,0.9361702127659575,0.7727272727272727,25,0.88,1.0,0.9361702127659575,0.7727272727272727,25,1.0,1.0,1.0,1.0,22
8283,20,0.9090909090909091,1.0,0.9523809523809523,0.75,22,0.9090909090909091,1.0,0.9523809523809523,0.75,22,1.0,1.0,1.0,1.0,20
2859,14,1.0,1.0,1.0,0.5714285714285714,14,1.0,1.0,1.0,0.5714285714285714,14,1.0,1.0,1.0,1.0,14
15459,15,0.8823529411764706,1.0,0.9375,0.8,17,0.8823529411764706,1.0,0.9375,0.8,17,1.0,1.0,1.0,1.0,15
6504,17,0.9444444444444444,1.0,0.9714285714285714,0.5882352941176471,18,0.9444444444444444,1.0,0.9714285714285714,0.5882352941176471,18,1.0,1.0,1.0,1.0,17
14589,12,0.9230769230769231,1.0,0.9600000000000001,0.75,13,0.9230769230769231,1.0,0.9600000000000001,0.75,13,1.0,1.0,1.0,1.0,12
15019,10,0.7692307692307693,1.0,0.8695652173913044,0.6,13,0.7692307692307693,1.0,0.8695652173913044,0.6,13,1.0,1.0,1.0,1.0,10
6174,11,0.8461538461538461,1.0,0.9166666666666666,0.6363636363636364,13,0.8461538461538461,1.0,0.9166666666666666,0.6363636363636364,13,1.0,1.0,1.0,1.0,11
2937,17,0.7727272727272727,1.0,0.8717948717948718,0.7058823529411765,22,0.7727272727272727,1.0,0.8717948717948718,0.7058823529411765,22,1.0,1.0,1.0,1.0,17
2560,17,0.85,1.0,0.9189189189189189,0.8823529411764706,20,0.85,1.0,0.9189189189189189,0.8823529411764706,20,1.0,0.9411764705882353,0.9696969696969697,1.0,16
2948,18,0.8571428571428571,1.0,0.923076923076923,0.7222222222222222,21,0.8571428571428571,1.0,0.923076923076923,0.7222222222222222,21,1.0,1.0,1.0,1.0,18
15940,13,1.0,1.0,1.0,0.6153846153846154,13,1.0,1.0,1.0,0.6153846153846154,13,1.0,1.0,1.0,1.0,13
8931,9,1.0,1.0,1.0,0.7777777777777778,9,1.0,1.0,1.0,0.7777777777777778,9,1.0,1.0,1.0,1.0,9
7897,12,1.0,1.0,1.0,0.6666666666666666,12,1.0,1.0,1.0,0.6666666666666666,12,1.0,1.0,1.0,1.0,12
16843,8,1.0,1.0,1.0,0.625,8,1.0,1.0,1.0,0.625,8,1.0,1.0,1.0,1.0,8
16668,12,1.0,1.0,1.0,0.75,12,1.0,1.0,1.0,0.75,12,1.0,1.0,1.0,1.0,12
8411,10,0.9090909090909091,1.0,0.9523809523809523,0.7,11,0.9090909090909091,1.0,0.9523809523809523,0.7,11,1.0,1.0,1.0,1.0,10
16192,9,0.75,1.0,0.8571428571428571,0.6666666666666666,12,0.75,1.0,0.8571428571428571,0.6666666666666666,12,1.0,1.0,1.0,1.0,9
12592,11,0.8461538461538461,1.0,0.9166666666666666,0.8181818181818182,13,0.8461538461538461,1.0,0.9166666666666666,0.8181818181818182,13,1.0,1.0,1.0,1.0,11
3403,14,0.875,1.0,0.9333333333333333,0.7857142857142857,16,0.875,1.0,0.9333333333333333,0.7857142857142857,16,1.0,1.0,1.0,1.0,14
3567,8,1.0,1.0,1.0,0.625,8,1.0,1.0,1.0,0.625,8,1.0,1.0,1.0,1.0,8
300,8,1.0,1.0,1.0,0.625,8,1.0,1.0,1.0,0.625,8,1.0,1.0,1.0,1.0,8
13642,10,0.9090909090909091,1.0,0.9523809523809523,0.7,11,0.9090909090909091,1.0,0.9523809523809523,0.7,11,1.0,1.0,1.0,1.0,10
1083,16,0.6666666666666666,1.0,0.8,0.75,24,0.6666666666666666,1.0,0.8,0.75,24,1.0,1.0,1.0,1.0,16
16012,12,0.9230769230769231,1.0,0.9600000000000001,0.5833333333333334,13,0.9230769230769231,1.0,0.9600000000000001,0.5833333333333334,13,1.0,1.0,1.0,1.0,12
6521,11,1.0,1.0,1.0,0.6363636363636364,11,1.0,1.0,1.0,0.6363636363636364,11,1.0,1.0,1.0,1.0,11
11536,8,1.0,1.0,1.0,0.625,8,1.0,1.0,1.0,0.625,8,1.0,1.0,1.0,1.0,8
12400,14,0.9333333333333333,1.0,0.9655172413793104,0.7857142857142857,15,0.9333333333333333,1.0,0.9655172413793104,0.7857142857142857,15,1.0,1.0,1.0,1.0,14
16883,8,0.8,1.0,0.888888888888889,0.625,10,0.8,1.0,0.888888888888889,0.625,10,1.0,1.0,1.0,1.0,8
2323,15,0.8333333333333334,1.0,0.9090909090909091,0.6666666666666666,18,0.8333333333333334,1.0,0.9090909090909091,0.6666666666666666,18,1.0,1.0,1.0,1.0,15
4313,9,1.0,1.0,1.0,0.8888888888888888,9,1.0,1.0,1.0,0.8888888888888888,9,1.0,1.0,1.0,1.0,9
857,12,0.9230769230769231,1.0,0.9600000000000001,0.5,13,0.9230769230769231,1.0,0.9600000000000001,0.5,13,1.0,1.0,1.0,1.0,12
14725,7,0.875,1.0,0.9333333333333333,0.5714285714285714,8,0.875,1.0,0.9333333333333333,0.5714285714285714,8,1.0,1.0,1.0,1.0,7
13207,11,1.0,1.0,1.0,0.5454545454545454,11,1.0,1.0,1.0,0.5454545454545454,11,1.0,1.0,1.0,1.0,11
15867,7,0.7777777777777778,1.0,0.8750000000000001,0.7142857142857143,9,0.7777777777777778,1.0,0.8750000000000001,0.7142857142857143,9,1.0,1.0,1.0,1.0,7
13243,10,0.9090909090909091,1.0,0.9523809523809523,0.8,11,0.9090909090909091,1.0,0.9523809523809523,0.8,11,1.0,1.0,1.0,1.0,10
11376,15,0.9375,1.0,0.967741935483871,0.7333333333333333,16,0.9375,1.0,0.967741935483871,0.7333333333333333,16,1.0,1.0,1.0,1.0,15
4684,9,1.0,1.0,1.0,0.4444444444444444,9,1.0,1.0,1.0,0.4444444444444444,9,1.0,1.0,1.0,1.0,9
660,8,1.0,1.0,1.0,0.625,8,1.0,1.0,1.0,0.625,8,1.0,1.0,1.0,1.0,8
10837,12,1.0,1.0,1.0,0.75,12,1.0,1.0,1.0,0.75,12,1.0,1.0,1.0,1.0,12
1765,18,0.9,1.0,0.9473684210526316,0.7777777777777778,20,0.9,1.0,0.9473684210526316,0.7777777777777778,20,1.0,1.0,1.0,1.0,18
6488,13,0.7222222222222222,1.0,0.8387096774193548,0.6923076923076923,18,0.7222222222222222,1.0,0.8387096774193548,0.6923076923076923,18,1.0,1.0,1.0,1.0,13
6814,10,0.625,1.0,0.7692307692307693,0.7,16,0.625,1.0,0.7692307692307693,0.7,16,1.0,1.0,1.0,1.0,10
14166,11,0.9166666666666666,1.0,0.9565217391304348,0.7272727272727273,12,0.9166666666666666,1.0,0.9565217391304348,0.7272727272727273,12,1.0,1.0,1.0,1.0,11
4106,16,1.0,1.0,1.0,0.6875,16,1.0,1.0,1.0,0.6875,16,1.0,1.0,1.0,1.0,16
7409,9,0.9,1.0,0.9473684210526316,0.5555555555555556,10,0.9,1.0,0.9473684210526316,0.5555555555555556,10,1.0,1.0,1.0,1.0,9
9323,8,1.0,1.0,1.0,0.625,8,1.0,1.0,1.0,0.625,8,1.0,1.0,1.0,1.0,8
1839,6,0.8571428571428571,1.0,0.923076923076923,0.5,7,0.8571428571428571,1.0,0.923076923076923,0.5,7,1.0,1.0,1.0,1.0,6
10401,15,0.9375,1.0,0.967741935483871,0.6666666666666666,16,0.9375,1.0,0.967741935483871,0.6666666666666666,16,1.0,1.0,1.0,1.0,15
621,13,0.9285714285714286,1.0,0.962962962962963,0.7692307692307693,14,0.9285714285714286,1.0,0.962962962962963,0.7692307692307693,14,1.0,1.0,1.0,1.0,13
11228,13,0.9285714285714286,1.0,0.962962962962963,0.6153846153846154,14,0.9285714285714286,1.0,0.962962962962963,0.6153846153846154,14,1.0,1.0,1.0,1.0,13
12485,7,0.7777777777777778,1.0,0.8750000000000001,0.7142857142857143,9,0.7777777777777778,1.0,0.8750000000000001,0.7142857142857143,9,1.0,1.0,1.0,1.0,7
7346,9,0.8181818181818182,1.0,0.9,0.6666666666666666,11,0.8181818181818182,1.0,0.9,0.7777777777777778,11,1.0,1.0,1.0,1.0,9
563,8,1.0,1.0,1.0,0.75,8,1.0,1.0,1.0,0.75,8,1.0,1.0,1.0,1.0,8
9150,14,0.7368421052631579,1.0,0.8484848484848484,0.7142857142857143,19,0.7368421052631579,1.0,0.8484848484848484,0.7142857142857143,19,1.0,1.0,1.0,1.0,14
15280,22,0.7857142857142857,1.0,0.88,0.7272727272727273,28,0.7857142857142857,1.0,0.88,0.7272727272727273,28,1.0,1.0,1.0,1.0,22
16245,11,1.0,1.0,1.0,0.7272727272727273,11,1.0,1.0,1.0,0.7272727272727273,11,1.0,1.0,1.0,1.0,11
9851,10,1.0,1.0,1.0,0.6,10,1.0,1.0,1.0,0.6,10,1.0,1.0,1.0,1.0,10
3149,12,0.8571428571428571,1.0,0.923076923076923,0.6666666666666666,14,0.8571428571428571,1.0,0.923076923076923,0.6666666666666666,14,1.0,1.0,1.0,1.0,12
1234,14,0.7368421052631579,1.0,0.8484848484848484,0.8571428571428571,19,0.7368421052631579,1.0,0.8484848484848484,0.8571428571428571,19,1.0,1.0,1.0,1.0,14
12436,11,0.8461538461538461,1.0,0.9166666666666666,0.5454545454545454,13,0.8461538461538461,1.0,0.9166666666666666,0.5454545454545454,13,1.0,1.0,1.0,1.0,11
6750,17,1.0,1.0,1.0,0.6470588235294118,17,1.0,1.0,1.0,0.6470588235294118,17,1.0,1.0,1.0,1.0,17
110,9,0.9,1.0,0.9473684210526316,0.5555555555555556,10,0.9,1.0,0.9473684210526316,0.5555555555555556,10,1.0,1.0,1.0,1.0,9
17056,16,0.7272727272727273,1.0,0.8421052631578948,0.6875,22,0.7272727272727273,1.0,0.8421052631578948,0.6875,22,1.0,1.0,1.0,1.0,16
8878,11,0.7857142857142857,1.0,0.88,0.6363636363636364,14,0.7857142857142857,1.0,0.88,0.6363636363636364,14,1.0,1.0,1.0,1.0,11
9081,17,0.8947368421052632,1.0,0.9444444444444444,0.7647058823529411,19,0.8947368421052632,1.0,0.9444444444444444,0.7647058823529411,19,1.0,1.0,1.0,1.0,17
7697,9,0.8181818181818182,1.0,0.9,0.6666666666666666,11,0.8181818181818182,1.0,0.9,0.6666666666666666,11,1.0,1.0,1.0,1.0,9
948,7,1.0,1.0,1.0,0.7142857142857143,7,1.0,1.0,1.0,0.7142857142857143,7,1.0,1.0,1.0,1.0,7
16314,7,0.875,1.0,0.9333333333333333,0.5714285714285714,8,0.875,1.0,0.9333333333333333,0.5714285714285714,8,1.0,1.0,1.0,1.0,7
12214,8,1.0,1.0,1.0,0.75,8,1.0,1.0,1.0,0.75,8,1.0,1.0,1.0,1.0,8
5350,8,1.0,1.0,1.0,0.625,8,1.0,1.0,1.0,0.625,8,1.0,1.0,1.0,1.0,8
9129,10,0.9090909090909091,1.0,0.9523809523809523,0.9,11,0.9090909090909091,1.0,0.9523809523809523,0.9,11,1.0,1.0,1.0,1.0,10
9238,14,0.6666666666666666,1.0,0.8,0.7857142857142857,21,0.6666666666666666,1.0,0.8,0.7857142857142857,21,1.0,1.0,1.0,1.0,14
5509,11,1.0,1.0,1.0,0.7272727272727273,11,1.0,1.0,1.0,0.7272727272727273,11,1.0,1.0,1.0,1.0,11
1643,18,0.8571428571428571,1.0,0.923076923076923,0.7222222222222222,21,0.8571428571428571,1.0,0.923076923076923,0.7222222222222222,21,1.0,1.0,1.0,1.0,18
7193,6,0.75,1.0,0.8571428571428571,0.6666666666666666,8,0.75,1.0,0.8571428571428571,0.6666666666666666,8,1.0,1.0,1.0,1.0,6
6473,8,1.0,1.0,1.0,0.75,8,1.0,1.0,1.0,0.75,8,1.0,1.0,1.0,1.0,8
1916,10,0.9090909090909091,1.0,0.9523809523809523,0.7,11,0.9090909090909091,1.0,0.9523809523809523,0.7,11,1.0,1.0,1.0,1.0,10
13362,10,0.9090909090909091,1.0,0.9523809523809523,0.7,11,0.9090909090909091,1.0,0.9523809523809523,0.7,11,1.0,1.0,1.0,1.0,10
13246,12,1.0,1.0,1.0,0.9166666666666666,12,1.0,1.0,1.0,0.9166666666666666,12,1.0,1.0,1.0,1.0,12
14646,18,0.8571428571428571,1.0,0.923076923076923,0.8333333333333334,21,0.8571428571428571,1.0,0.923076923076923,0.8333333333333334,21,1.0,1.0,1.0,1.0,18
14657,13,1.0,1.0,1.0,0.6923076923076923,13,1.0,1.0,1.0,0.6923076923076923,13,1.0,1.0,1.0,1.0,13
3357,13,1.0,1.0,1.0,0.8461538461538461,13,1.0,1.0,1.0,0.8461538461538461,13,1.0,1.0,1.0,1.0,13
1720,14,0.7777777777777778,1.0,0.8750000000000001,0.7142857142857143,18,0.7777777777777778,1.0,0.8750000000000001,0.7142857142857143,18,1.0,1.0,1.0,1.0,14
13016,11,0.8461538461538461,1.0,0.9166666666666666,0.9090909090909091,13,0.8461538461538461,1.0,0.9166666666666666,0.9090909090909091,13,1.0,1.0,1.0,1.0,11
8193,15,0.8823529411764706,1.0,0.9375,0.6,17,0.8823529411764706,1.0,0.9375,0.6,17,1.0,1.0,1.0,1.0,15
5991,9,1.0,1.0,1.0,0.6666666666666666,9,1.0,1.0,1.0,0.6666666666666666,9,1.0,1.0,1.0,1.0,9
1966,14,0.9333333333333333,1.0,0.9655172413793104,0.5714285714285714,15,0.9333333333333333,1.0,0.9655172413793104,0.5714285714285714,15,1.0,1.0,1.0,1.0,14
16017,11,0.9166666666666666,1.0,0.9565217391304348,0.6363636363636364,12,0.9166666666666666,1.0,0.9565217391304348,0.6363636363636364,12,1.0,1.0,1.0,1.0,11
10297,9,0.6666666666666666,0.6666666666666666,0.6666666666666666,0.6666666666666666,9,0.6923076923076923,1.0,0.8181818181818181,0.7777777777777778,13,1.0,0.7777777777777778,0.8750000000000001,1.0,7
343,10,1.0,1.0,1.0,0.8,10,1.0,1.0,1.0,0.8,10,1.0,1.0,1.0,1.0,10
6848,9,1.0,1.0,1.0,0.7777777777777778,9,1.0,1.0,1.0,0.7777777777777778,9,1.0,1.0,1.0,1.0,9
13582,15,0.8823529411764706,1.0,0.9375,0.6666666666666666,17,0.8823529411764706,1.0,0.9375,0.6666666666666666,17,1.0,0.9333333333333333,0.9655172413793104,1.0,14
11945,12,0.9230769230769231,1.0,0.9600000000000001,0.5,13,0.9230769230769231,1.0,0.9600000000000001,0.5,13,1.0,1.0,1.0,1.0,12
8645,13,0.8666666666666667,1.0,0.9285714285714286,0.6153846153846154,15,0.8666666666666667,1.0,0.9285714285714286,0.6153846153846154,15,1.0,1.0,1.0,1.0,13
163,13,0.9285714285714286,1.0,0.962962962962963,0.6923076923076923,14,0.9285714285714286,1.0,0.962962962962963,0.6923076923076923,14,1.0,1.0,1.0,1.0,13
12736,11,0.8461538461538461,1.0,0.9166666666666666,0.36363636363636365,13,0.8461538461538461,1.0,0.9166666666666666,0.36363636363636365,13,1.0,1.0,1.0,1.0,11
13831,8,1.0,1.0,1.0,0.625,8,1.0,1.0,1.0,0.625,8,1.0,1.0,1.0,1.0,8
3404,12,1.0,1.0,1.0,0.5833333333333334,12,1.0,1.0,1.0,0.6666666666666666,12,1.0,1.0,1.0,1.0,12
13986,11,1.0,1.0,1.0,0.5454545454545454,11,1.0,1.0,1.0,0.5454545454545454,11,1.0,1.0,1.0,1.0,11
12587,13,1.0,1.0,1.0,0.6923076923076923,13,1.0,1.0,1.0,0.6923076923076923,13,1.0,1.0,1.0,1.0,13
1317,25,0.8928571428571429,1.0,0.9433962264150945,0.88,28,0.8928571428571429,1.0,0.9433962264150945,0.92,28,1.0,1.0,1.0,1.0,25
8804,11,0.6111111111111112,1.0,0.7586206896551725,0.8181818181818182,18,0.6111111111111112,1.0,0.7586206896551725,0.8181818181818182,18,1.0,1.0,1.0,1.0,11
11835,18,1.0,1.0,1.0,0.6666666666666666,18,1.0,1.0,1.0,0.6666666666666666,18,1.0,1.0,1.0,1.0,18
3200,7,1.0,1.0,1.0,1.0,7,1.0,1.0,1.0,1.0,7,1.0,1.0,1.0,1.0,7
12789,15,0.8823529411764706,1.0,0.9375,0.8,17,0.8823529411764706,1.0,0.9375,0.8,17,1.0,1.0,1.0,1.0,15
3595,10,1.0,1.0,1.0,0.7,10,1.0,1.0,1.0,0.7,10,1.0,1.0,1.0,1.0,10
11884,11,1.0,1.0,1.0,0.5454545454545454,11,1.0,1.0,1.0,0.5454545454545454,11,1.0,1.0,1.0,1.0,11
1825,8,1.0,1.0,1.0,0.625,8,1.0,1.0,1.0,0.625,8,1.0,1.0,1.0,1.0,8
12341,8,1.0,1.0,1.0,0.625,8,1.0,1.0,1.0,0.625,8,1.0,1.0,1.0,1.0,8
2019,15,1.0,1.0,1.0,0.7333333333333333,15,1.0,1.0,1.0,0.7333333333333333,15,1.0,1.0,1.0,1.0,15
9988,11,1.0,1.0,1.0,0.8181818181818182,11,1.0,1.0,1.0,0.8181818181818182,11,1.0,1.0,1.0,1.0,11
131,13,0.9285714285714286,1.0,0.962962962962963,0.6923076923076923,14,0.9285714285714286,1.0,0.962962962962963,0.6923076923076923,14,1.0,1.0,1.0,1.0,13
6812,10,0.8181818181818182,0.9,0.8571428571428572,0.5555555555555556,11,0.8333333333333334,1.0,0.9090909090909091,0.5,12,1.0,0.9,0.9473684210526316,1.0,9
14118,6,0.8571428571428571,1.0,0.923076923076923,0.6666666666666666,7,0.8571428571428571,1.0,0.923076923076923,0.6666666666666666,7,1.0,1.0,1.0,1.0,6
2864,8,0.8888888888888888,1.0,0.9411764705882353,0.625,9,0.8888888888888888,1.0,0.9411764705882353,0.625,9,1.0,1.0,1.0,1.0,8
14716,14,1.0,1.0,1.0,0.9285714285714286,14,1.0,1.0,1.0,0.9285714285714286,14,1.0,1.0,1.0,1.0,14
410,26,0.896551724137931,1.0,0.9454545454545454,0.8076923076923077,29,0.896551724137931,1.0,0.9454545454545454,0.8076923076923077,29,1.0,1.0,1.0,1.0,26
9584,16,0.9411764705882353,1.0,0.9696969696969697,0.6875,17,0.9411764705882353,1.0,0.9696969696969697,0.6875,17,1.0,1.0,1.0,1.0,16
13307,9,0.9,1.0,0.9473684210526316,0.5555555555555556,10,0.9,1.0,0.9473684210526316,0.5555555555555556,10,1.0,1.0,1.0,1.0,9
2388,12,0.8571428571428571,1.0,0.923076923076923,0.6666666666666666,14,0.8571428571428571,1.0,0.923076923076923,0.6666666666666666,14,1.0,1.0,1.0,1.0,12
16914,11,0.8461538461538461,1.0,0.9166666666666666,0.7272727272727273,13,0.8461538461538461,1.0,0.9166666666666666,0.7272727272727273,13,1.0,1.0,1.0,1.0,11
1848,14,0.9333333333333333,1.0,0.9655172413793104,0.7857142857142857,15,0.9333333333333333,1.0,0.9655172413793104,0.7857142857142857,15,1.0,1.0,1.0,1.0,14
1542,14,0.875,1.0,0.9333333333333333,0.7142857142857143,16,0.875,1.0,0.9333333333333333,0.7142857142857143,16,1.0,1.0,1.0,1.0,14
4207,9,1.0,1.0,1.0,0.6666666666666666,9,1.0,1.0,1.0,0.6666666666666666,9,1.0,1.0,1.0,1.0,9
3287,8,1.0,1.0,1.0,0.625,8,1.0,1.0,1.0,0.625,8,1.0,1.0,1.0,1.0,8
1069,22,0.88,1.0,0.9361702127659575,0.6363636363636364,25,0.88,1.0,0.9361702127659575,0.6363636363636364,25,1.0,1.0,1.0,1.0,22
15853,10,0.9090909090909091,1.0,0.9523809523809523,0.6,11,0.9090909090909091,1.0,0.9523809523809523,0.6,11,1.0,1.0,1.0,1.0,10
3156,14,1.0,1.0,1.0,0.5714285714285714,14,1.0,1.0,1.0,0.5714285714285714,14,1.0,1.0,1.0,1.0,14
14367,12,0.75,1.0,0.8571428571428571,0.75,16,0.75,1.0,0.8571428571428571,0.75,16,1.0,1.0,1.0,1.0,12
12643,9,1.0,1.0,1.0,0.7777777777777778,9,1.0,1.0,1.0,0.7777777777777778,9,1.0,1.0,1.0,1.0,9
10591,7,0.7777777777777778,1.0,0.8750000000000001,0.7142857142857143,9,0.7777777777777778,1.0,0.8750000000000001,0.7142857142857143,9,1.0,1.0,1.0,1.0,7
16662,9,1.0,1.0,1.0,0.6666666666666666,9,1.0,1.0,1.0,0.6666666666666666,9,1.0,1.0,1.0,1.0,9
4829,7,0.875,1.0,0.9333333333333333,0.5714285714285714,8,0.875,1.0,0.9333333333333333,0.5714285714285714,8,1.0,1.0,1.0,1.0,7
8250,9,0.9,1.0,0.9473684210526316,0.5555555555555556,10,0.9,1.0,0.9473684210526316,0.5555555555555556,10,1.0,1.0,1.0,1.0,9
16852,8,1.0,1.0,1.0,0.625,8,1.0,1.0,1.0,0.625,8,1.0,1.0,1.0,1.0,8
10459,7,1.0,1.0,1.0,0.5714285714285714,7,1.0,1.0,1.0,0.5714285714285714,7,1.0,1.0,1.0,1.0,7
2503,11,1.0,1.0,1.0,0.5454545454545454,11,1.0,1.0,1.0,0.5454545454545454,11,1.0,1.0,1.0,1.0,11
7078,15,1.0,1.0,1.0,0.7333333333333333,15,1.0,1.0,1.0,0.7333333333333333,15,1.0,1.0,1.0,1.0,15
6333,9,0.75,1.0,0.8571428571428571,0.7777777777777778,12,0.75,1.0,0.8571428571428571,0.7777777777777778,12,1.0,1.0,1.0,1.0,9
13718,8,1.0,1.0,1.0,0.625,8,1.0,1.0,1.0,0.625,8,1.0,1.0,1.0,1.0,8
4979,13,0.8125,1.0,0.896551724137931,0.5384615384615384,16,0.8125,1.0,0.896551724137931,0.5384615384615384,16,1.0,1.0,1.0,1.0,13
10061,6,0.8571428571428571,1.0,0.923076923076923,0.5,7,0.8571428571428571,1.0,0.923076923076923,0.5,7,1.0,1.0,1.0,1.0,6
16466,13,1.0,1.0,1.0,0.6923076923076923,13,1.0,1.0,1.0,0.6923076923076923,13,1.0,1.0,1.0,1.0,13
14085,13,0.9285714285714286,1.0,0.962962962962963,0.6923076923076923,14,0.9285714285714286,1.0,0.962962962962963,0.6923076923076923,14,1.0,1.0,1.0,1.0,13
8161,6,0.8571428571428571,1.0,0.923076923076923,0.6666666666666666,7,0.8571428571428571,1.0,0.923076923076923,0.6666666666666666,7,1.0,1.0,1.0,1.0,6
10224,8,1.0,1.0,1.0,0.5,8,1.0,1.0,1.0,0.5,8,1.0,1.0,1.0,1.0,8
2458,8,1.0,1.0,1.0,0.75,8,1.0,1.0,1.0,0.75,8,1.0,1.0,1.0,1.0,8
13121,16,0.8,1.0,0.888888888888889,0.875,20,0.8,1.0,0.888888888888889,0.875,20,1.0,1.0,1.0,1.0,16
13177,11,0.8461538461538461,1.0,0.9166666666666666,0.6363636363636364,13,0.8461538461538461,1.0,0.9166666666666666,0.6363636363636364,13,1.0,1.0,1.0,1.0,11
16442,10,1.0,1.0,1.0,0.8,10,1.0,1.0,1.0,0.8,10,1.0,1.0,1.0,1.0,10
11317,10,0.8333333333333334,1.0,0.9090909090909091,0.6,12,0.8333333333333334,1.0,0.9090909090909091,0.6,12,1.0,1.0,1.0,1.0,10
9627,9,0.9,1.0,0.9473684210526316,0.6666666666666666,10,0.9,1.0,0.9473684210526316,0.6666666666666666,10,1.0,1.0,1.0,1.0,9
2902,14,1.0,1.0,1.0,0.7142857142857143,14,1.0,1.0,1.0,0.7142857142857143,14,1.0,1.0,1.0,1.0,14
10872,12,1.0,1.0,1.0,0.6666666666666666,12,1.0,1.0,1.0,0.6666666666666666,12,1.0,1.0,1.0,1.0,12
6464,10,0.9090909090909091,1.0,0.9523809523809523,0.6,11,0.9090909090909091,1.0,0.9523809523809523,0.6,11,1.0,1.0,1.0,1.0,10
10690,6,0.75,1.0,0.8571428571428571,0.8333333333333334,8,0.75,1.0,0.8571428571428571,0.8333333333333334,8,1.0,1.0,1.0,1.0,6
1516,11,0.7857142857142857,1.0,0.88,0.7272727272727273,14,0.7857142857142857,1.0,0.88,0.7272727272727273,14,1.0,1.0,1.0,1.0,11
15704,10,1.0,1.0,1.0,0.8,10,1.0,1.0,1.0,0.8,10,1.0,1.0,1.0,1.0,10
5614,10,0.9090909090909091,1.0,0.9523809523809523,0.6,11,0.9090909090909091,1.0,0.9523809523809523,0.6,11,1.0,1.0,1.0,1.0,10
7297,8,1.0,1.0,1.0,0.625,8,1.0,1.0,1.0,0.625,8,1.0,1.0,1.0,1.0,8
8463,12,0.8571428571428571,1.0,0.923076923076923,0.8333333333333334,14,0.8571428571428571,1.0,0.923076923076923,0.8333333333333334,14,1.0,1.0,1.0,1.0,12
15856,10,0.8333333333333334,1.0,0.9090909090909091,0.7,12,0.8333333333333334,1.0,0.9090909090909091,0.7,12,1.0,1.0,1.0,1.0,10
12950,12,0.75,1.0,0.8571428571428571,0.75,16,0.75,1.0,0.8571428571428571,0.75,16,1.0,1.0,1.0,1.0,12
6365,12,0.8571428571428571,1.0,0.923076923076923,0.5833333333333334,14,0.8571428571428571,1.0,0.923076923076923,0.5833333333333334,14,1.0,1.0,1.0,1.0,12
9564,6,0.8571428571428571,1.0,0.923076923076923,0.5,7,0.8571428571428571,1.0,0.923076923076923,0.5,7,1.0,1.0,1.0,1.0,6
7392,11,0.9166666666666666,1.0,0.9565217391304348,0.5454545454545454,12,0.9166666666666666,1.0,0.9565217391304348,0.5454545454545454,12,1.0,1.0,1.0,1.0,11
3254,16,0.9411764705882353,1.0,0.9696969696969697,0.5,17,0.9411764705882353,1.0,0.9696969696969697,0.5,17,1.0,1.0,1.0,1.0,16
8906,11,0.9166666666666666,1.0,0.9565217391304348,0.8181818181818182,12,0.9166666666666666,1.0,0.9565217391304348,0.8181818181818182,12,1.0,1.0,1.0,1.0,11
12009,11,1.0,1.0,1.0,0.5454545454545454,11,1.0,1.0,1.0,0.5454545454545454,11,1.0,1.0,1.0,1.0,11
2866,17,0.85,1.0,0.9189189189189189,0.8235294117647058,20,0.85,1.0,0.9189189189189189,0.8235294117647058,20,1.0,1.0,1.0,1.0,17
16548,10,0.9090909090909091,1.0,0.9523809523809523,0.8,11,0.9090909090909091,1.0,0.9523809523809523,0.8,11,1.0,1.0,1.0,1.0,10
3583,9,0.9,1.0,0.9473684210526316,0.6666666666666666,10,0.9,1.0,0.9473684210526316,0.6666666666666666,10,1.0,1.0,1.0,1.0,9
4846,5,0.8333333333333334,1.0,0.9090909090909091,1.0,6,0.8333333333333334,1.0,0.9090909090909091,1.0,6,1.0,1.0,1.0,1.0,5
15707,21,0.9545454545454546,1.0,0.9767441860465117,0.8095238095238095,22,0.9545454545454546,1.0,0.9767441860465117,0.8095238095238095,22,1.0,1.0,1.0,1.0,21
5352,16,0.8,1.0,0.888888888888889,0.75,20,0.8,1.0,0.888888888888889,0.75,20,1.0,1.0,1.0,1.0,16
5500,8,0.6666666666666666,1.0,0.8,0.625,12,0.6666666666666666,1.0,0.8,0.625,12,1.0,1.0,1.0,1.0,8
7087,12,1.0,1.0,1.0,0.8333333333333334,12,1.0,1.0,1.0,0.8333333333333334,12,1.0,1.0,1.0,1.0,12
176,8,1.0,1.0,1.0,0.625,8,1.0,1.0,1.0,0.625,8,1.0,1.0,1.0,1.0,8
6090,5,1.0,1.0,1.0,0.8,5,1.0,1.0,1.0,1.0,5,1.0,1.0,1.0,1.0,5
7118,13,0.8666666666666667,1.0,0.9285714285714286,0.7692307692307693,15,0.8666666666666667,1.0,0.9285714285714286,0.7692307692307693,15,1.0,1.0,1.0,1.0,13
263,16,0.9411764705882353,1.0,0.9696969696969697,0.625,17,0.9411764705882353,1.0,0.9696969696969697,0.625,17,1.0,1.0,1.0,1.0,16
7092,14,0.8235294117647058,1.0,0.9032258064516129,0.8571428571428571,17,0.8235294117647058,1.0,0.9032258064516129,0.8571428571428571,17,1.0,1.0,1.0,1.0,14
8146,12,1.0,1.0,1.0,0.6666666666666666,12,1.0,1.0,1.0,0.6666666666666666,12,1.0,1.0,1.0,1.0,12
7159,8,1.0,1.0,1.0,0.875,8,1.0,1.0,1.0,0.875,8,1.0,1.0,1.0,1.0,8
14749,15,0.8333333333333334,1.0,0.9090909090909091,0.7333333333333333,18,0.8333333333333334,1.0,0.9090909090909091,0.7333333333333333,18,1.0,1.0,1.0,1.0,15
4219,15,0.9375,1.0,0.967741935483871,0.6666666666666666,16,0.9375,1.0,0.967741935483871,0.6666666666666666,16,1.0,1.0,1.0,1.0,15
14525,17,0.6538461538461539,1.0,0.7906976744186047,0.7647058823529411,26,0.6538461538461539,1.0,0.7906976744186047,0.7647058823529411,26,1.0,1.0,1.0,1.0,17
11867,14,1.0,1.0,1.0,0.6428571428571429,14,1.0,1.0,1.0,0.6428571428571429,14,1.0,1.0,1.0,1.0,14
15864,8,1.0,1.0,1.0,0.625,8,1.0,1.0,1.0,0.625,8,1.0,1.0,1.0,1.0,8
2522,14,1.0,1.0,1.0,0.7857142857142857,14,1.0,1.0,1.0,0.7857142857142857,14,1.0,1.0,1.0,1.0,14
6822,12,0.9230769230769231,1.0,0.9600000000000001,0.8333333333333334,13,0.9230769230769231,1.0,0.9600000000000001,0.8333333333333334,13,1.0,1.0,1.0,1.0,12
12806,10,1.0,1.0,1.0,0.8,10,1.0,1.0,1.0,0.8,10,1.0,1.0,1.0,1.0,10
15249,12,0.9230769230769231,1.0,0.9600000000000001,0.9166666666666666,13,0.9230769230769231,1.0,0.9600000000000001,0.9166666666666666,13,1.0,1.0,1.0,1.0,12
3560,7,1.0,1.0,1.0,0.42857142857142855,7,1.0,1.0,1.0,0.42857142857142855,7,1.0,1.0,1.0,1.0,7
3071,9,0.9,1.0,0.9473684210526316,0.8888888888888888,10,0.9,1.0,0.9473684210526316,0.8888888888888888,10,1.0,1.0,1.0,1.0,9
13258,11,0.7857142857142857,1.0,0.88,0.8181818181818182,14,0.7857142857142857,1.0,0.88,0.8181818181818182,14,1.0,1.0,1.0,1.0,11
8136,11,0.6875,1.0,0.8148148148148148,0.8181818181818182,16,0.6875,1.0,0.8148148148148148,0.8181818181818182,16,1.0,1.0,1.0,1.0,11
3736,8,1.0,1.0,1.0,0.625,8,1.0,1.0,1.0,0.625,8,1.0,1.0,1.0,1.0,8
741,11,0.8461538461538461,1.0,0.9166666666666666,0.6363636363636364,13,0.8461538461538461,1.0,0.9166666666666666,0.6363636363636364,13,1.0,1.0,1.0,1.0,11
4001,11,0.6111111111111112,1.0,0.7586206896551725,0.7272727272727273,18,0.6111111111111112,1.0,0.7586206896551725,0.7272727272727273,18,1.0,1.0,1.0,1.0,11
14005,10,1.0,1.0,1.0,0.6,10,1.0,1.0,1.0,0.6,10,1.0,1.0,1.0,1.0,10
9633,12,0.9230769230769231,1.0,0.9600000000000001,0.8333333333333334,13,0.9230769230769231,1.0,0.9600000000000001,0.8333333333333334,13,1.0,1.0,1.0,1.0,12
13730,12,0.9230769230769231,1.0,0.9600000000000001,0.6666666666666666,13,0.9230769230769231,1.0,0.9600000000000001,0.6666666666666666,13,1.0,1.0,1.0,1.0,12
15541,8,1.0,1.0,1.0,0.625,8,1.0,1.0,1.0,0.625,8,1.0,1.0,1.0,1.0,8
12489,9,1.0,1.0,1.0,0.4444444444444444,9,1.0,1.0,1.0,0.4444444444444444,9,1.0,1.0,1.0,1.0,9
6806,5,0.8333333333333334,1.0,0.9090909090909091,0.6,6,0.8333333333333334,1.0,0.9090909090909091,0.6,6,1.0,1.0,1.0,1.0,5
4490,16,0.9411764705882353,1.0,0.9696969696969697,0.625,17,0.9411764705882353,1.0,0.9696969696969697,0.625,17,1.0,1.0,1.0,1.0,16
3460,17,0.9444444444444444,1.0,0.9714285714285714,0.7058823529411765,18,0.9444444444444444,1.0,0.9714285714285714,0.7058823529411765,18,1.0,1.0,1.0,1.0,17
11909,11,0.6875,1.0,0.8148148148148148,0.7272727272727273,16,0.6875,1.0,0.8148148148148148,0.7272727272727273,16,1.0,1.0,1.0,1.0,11
8099,11,0.9166666666666666,1.0,0.9565217391304348,0.6363636363636364,12,0.9166666666666666,1.0,0.9565217391304348,0.6363636363636364,12,1.0,1.0,1.0,1.0,11
16358,9,1.0,1.0,1.0,0.7777777777777778,9,1.0,1.0,1.0,0.7777777777777778,9,1.0,1.0,1.0,1.0,9
2521,20,1.0,1.0,1.0,0.75,20,1.0,1.0,1.0,0.75,20,1.0,1.0,1.0,1.0,20
15039,15,0.8823529411764706,1.0,0.9375,0.8,17,0.8823529411764706,1.0,0.9375,0.8,17,1.0,0.9333333333333333,0.9655172413793104,1.0,14
9709,14,0.8235294117647058,1.0,0.9032258064516129,0.7142857142857143,17,0.7,1.0,0.8235294117647058,0.7142857142857143,20,1.0,1.0,1.0,1.0,14
14662,7,0.7777777777777778,1.0,0.8750000000000001,1.0,9,0.7777777777777778,1.0,0.8750000000000001,1.0,9,1.0,1.0,1.0,1.0,7
6666,8,1.0,1.0,1.0,0.625,8,1.0,1.0,1.0,0.625,8,1.0,1.0,1.0,1.0,8
205,10,1.0,1.0,1.0,0.6,10,1.0,1.0,1.0,0.6,10,1.0,1.0,1.0,1.0,10
15620,13,1.0,1.0,1.0,0.7692307692307693,13,1.0,1.0,1.0,0.7692307692307693,13,1.0,1.0,1.0,1.0,13
14469,13,0.9285714285714286,1.0,0.962962962962963,0.6153846153846154,14,0.9285714285714286,1.0,0.962962962962963,0.6153846153846154,14,1.0,1.0,1.0,1.0,13
4957,19,1.0,1.0,1.0,0.6842105263157895,19,1.0,1.0,1.0,0.6842105263157895,19,1.0,1.0,1.0,1.0,19
4154,14,1.0,1.0,1.0,0.7857142857142857,14,1.0,1.0,1.0,0.7857142857142857,14,1.0,1.0,1.0,1.0,14
16545,9,1.0,1.0,1.0,0.5555555555555556,9,1.0,1.0,1.0,0.5555555555555556,9,1.0,1.0,1.0,1.0,9
13680,6,0.8571428571428571,1.0,0.923076923076923,0.6666666666666666,7,0.8571428571428571,1.0,0.923076923076923,0.6666666666666666,7,1.0,1.0,1.0,1.0,6
7205,12,0.9230769230769231,1.0,0.9600000000000001,0.6666666666666666,13,0.9230769230769231,1.0,0.9600000000000001,0.6666666666666666,13,1.0,1.0,1.0,1.0,12
5652,9,0.9,1.0,0.9473684210526316,0.8888888888888888,10,0.9,1.0,0.9473684210526316,0.8888888888888888,10,1.0,1.0,1.0,1.0,9
10931,9,0.8181818181818182,1.0,0.9,0.6666666666666666,11,0.8181818181818182,1.0,0.9,0.6666666666666666,11,1.0,1.0,1.0,1.0,9
8068,12,1.0,1.0,1.0,0.6666666666666666,12,1.0,1.0,1.0,0.6666666666666666,12,1.0,1.0,1.0,1.0,12
8081,10,0.9090909090909091,1.0,0.9523809523809523,0.7,11,0.9090909090909091,1.0,0.9523809523809523,0.7,11,1.0,1.0,1.0,1.0,10
8306,9,0.9,1.0,0.9473684210526316,0.6666666666666666,10,0.9,1.0,0.9473684210526316,0.6666666666666666,10,1.0,1.0,1.0,1.0,9
10962,9,0.9,1.0,0.9473684210526316,0.6666666666666666,10,0.9,1.0,0.9473684210526316,0.6666666666666666,10,1.0,1.0,1.0,0.8888888888888888,9
6778,6,0.8571428571428571,1.0,0.923076923076923,0.5,7,0.8571428571428571,1.0,0.923076923076923,0.5,7,1.0,1.0,1.0,1.0,6
15208,14,0.9333333333333333,1.0,0.9655172413793104,0.7857142857142857,15,0.9333333333333333,1.0,0.9655172413793104,0.7857142857142857,15,1.0,1.0,1.0,1.0,14
344,12,1.0,1.0,1.0,0.5833333333333334,12,1.0,1.0,1.0,0.5833333333333334,12,1.0,1.0,1.0,1.0,12
13133,11,1.0,1.0,1.0,0.6363636363636364,11,1.0,1.0,1.0,0.6363636363636364,11,1.0,1.0,1.0,1.0,11
8739,10,0.9090909090909091,1.0,0.9523809523809523,0.7,11,0.9090909090909091,1.0,0.9523809523809523,0.7,11,1.0,1.0,1.0,1.0,10
6714,10,0.9090909090909091,1.0,0.9523809523809523,0.5,11,0.9090909090909091,1.0,0.9523809523809523,0.5,11,1.0,1.0,1.0,1.0,10
16773,10,1.0,1.0,1.0,0.5,10,1.0,1.0,1.0,0.5,10,1.0,1.0,1.0,1.0,10
5949,16,1.0,1.0,1.0,0.625,16,1.0,1.0,1.0,0.625,16,1.0,1.0,1.0,1.0,16
6625,8,1.0,1.0,1.0,0.625,8,1.0,1.0,1.0,0.625,8,1.0,1.0,1.0,1.0,8
3473,7,0.7777777777777778,1.0,0.8750000000000001,0.7142857142857143,9,0.7777777777777778,1.0,0.8750000000000001,0.7142857142857143,9,1.0,1.0,1.0,1.0,7
12403,16,0.8421052631578947,1.0,0.9142857142857143,0.6875,19,0.8421052631578947,1.0,0.9142857142857143,0.6875,19,1.0,1.0,1.0,1.0,16
8506,13,1.0,1.0,1.0,0.7692307692307693,13,1.0,1.0,1.0,0.7692307692307693,13,1.0,1.0,1.0,1.0,13
2474,10,0.7142857142857143,1.0,0.8333333333333333,0.8,14,0.7142857142857143,1.0,0.8333333333333333,0.8,14,1.0,1.0,1.0,1.0,10
12151,12,0.5714285714285714,1.0,0.7272727272727273,0.9166666666666666,21,0.5714285714285714,1.0,0.7272727272727273,0.9166666666666666,21,1.0,1.0,1.0,1.0,12
11752,11,1.0,1.0,1.0,0.7272727272727273,11,1.0,1.0,1.0,0.7272727272727273,11,1.0,0.9090909090909091,0.9523809523809523,1.0,10
8403,9,0.6428571428571429,1.0,0.782608695652174,0.6666666666666666,14,0.6428571428571429,1.0,0.782608695652174,0.6666666666666666,14,1.0,1.0,1.0,1.0,9
12343,12,1.0,1.0,1.0,0.6666666666666666,12,1.0,1.0,1.0,0.6666666666666666,12,1.0,1.0,1.0,1.0,12
14664,10,1.0,1.0,1.0,1.0,10,1.0,1.0,1.0,1.0,10,1.0,1.0,1.0,1.0,10
10994,10,0.9090909090909091,1.0,0.9523809523809523,0.8,11,0.9090909090909091,1.0,0.9523809523809523,0.8,11,1.0,1.0,1.0,1.0,10
5297,13,1.0,1.0,1.0,0.6153846153846154,13,1.0,1.0,1.0,0.6153846153846154,13,1.0,1.0,1.0,1.0,13
3490,8,1.0,1.0,1.0,0.625,8,1.0,1.0,1.0,0.625,8,1.0,1.0,1.0,1.0,8
3664,11,1.0,1.0,1.0,0.7272727272727273,11,1.0,1.0,1.0,0.7272727272727273,11,1.0,1.0,1.0,1.0,11
14214,15,0.8823529411764706,1.0,0.9375,0.7333333333333333,17,0.8823529411764706,1.0,0.9375,0.7333333333333333,17,1.0,1.0,1.0,1.0,15
3869,8,1.0,1.0,1.0,0.625,8,1.0,1.0,1.0,0.625,8,1.0,1.0,1.0,1.0,8
14574,15,1.0,1.0,1.0,0.7333333333333333,15,1.0,1.0,1.0,0.7333333333333333,15,1.0,1.0,1.0,1.0,15
11313,9,0.9,1.0,0.9473684210526316,0.5555555555555556,10,0.9,1.0,0.9473684210526316,0.5555555555555556,10,1.0,1.0,1.0,1.0,9
10720,8,0.8888888888888888,1.0,0.9411764705882353,0.625,9,0.8888888888888888,1.0,0.9411764705882353,0.625,9,1.0,1.0,1.0,1.0,8
14755,11,0.8461538461538461,1.0,0.9166666666666666,0.6363636363636364,13,0.8461538461538461,1.0,0.9166666666666666,0.6363636363636364,13,1.0,1.0,1.0,1.0,11
9230,13,1.0,1.0,1.0,0.6153846153846154,13,1.0,1.0,1.0,0.6153846153846154,13,1.0,1.0,1.0,1.0,13
6411,11,1.0,1.0,1.0,0.7272727272727273,11,1.0,1.0,1.0,0.7272727272727273,11,1.0,1.0,1.0,1.0,11
11993,10,0.8333333333333334,1.0,0.9090909090909091,0.6,12,0.8333333333333334,1.0,0.9090909090909091,0.6,12,1.0,1.0,1.0,1.0,10
13515,8,0.6666666666666666,1.0,0.8,0.875,12,0.6666666666666666,1.0,0.8,0.875,12,1.0,1.0,1.0,1.0,8
6127,8,0.8,1.0,0.888888888888889,0.75,10,0.8,1.0,0.888888888888889,0.75,10,1.0,1.0,1.0,1.0,8
8364,8,0.8,1.0,0.888888888888889,0.75,10,0.8,1.0,0.888888888888889,0.75,10,1.0,1.0,1.0,1.0,8
312,10,1.0,1.0,1.0,1.0,10,1.0,1.0,1.0,1.0,10,1.0,1.0,1.0,1.0,10
8192,13,1.0,1.0,1.0,0.6153846153846154,13,1.0,1.0,1.0,0.6153846153846154,13,1.0,1.0,1.0,1.0,13
5155,11,0.8461538461538461,1.0,0.9166666666666666,0.7272727272727273,13,0.8461538461538461,1.0,0.9166666666666666,0.7272727272727273,13,1.0,1.0,1.0,1.0,11
10668,10,1.0,1.0,1.0,0.5,10,1.0,1.0,1.0,0.5,10,1.0,1.0,1.0,1.0,10
9025,14,1.0,1.0,1.0,0.7857142857142857,14,1.0,1.0,1.0,0.7857142857142857,14,1.0,1.0,1.0,1.0,14
16707,11,0.7857142857142857,1.0,0.88,0.5454545454545454,14,0.7857142857142857,1.0,0.88,0.5454545454545454,14,1.0,1.0,1.0,1.0,11
4421,7,1.0,1.0,1.0,0.7142857142857143,7,1.0,1.0,1.0,0.7142857142857143,7,1.0,1.0,1.0,1.0,7
16290,12,1.0,1.0,1.0,0.75,12,1.0,1.0,1.0,0.75,12,1.0,1.0,1.0,1.0,12
15112,14,0.9333333333333333,1.0,0.9655172413793104,0.6428571428571429,15,0.9333333333333333,1.0,0.9655172413793104,0.6428571428571429,15,1.0,1.0,1.0,1.0,14
13960,10,0.9090909090909091,1.0,0.9523809523809523,0.7,11,0.9090909090909091,1.0,0.9523809523809523,0.7,11,1.0,1.0,1.0,1.0,10
13714,13,0.8125,1.0,0.896551724137931,0.6923076923076923,16,0.8125,1.0,0.896551724137931,0.6923076923076923,16,1.0,1.0,1.0,1.0,13
13350,10,0.625,1.0,0.7692307692307693,0.8,16,0.625,1.0,0.7692307692307693,0.8,16,1.0,1.0,1.0,1.0,10
15200,15,0.8823529411764706,1.0,0.9375,0.8,17,0.8823529411764706,1.0,0.9375,0.8,17,1.0,1.0,1.0,1.0,15
14729,16,0.9411764705882353,1.0,0.9696969696969697,0.625,17,0.9411764705882353,1.0,0.9696969696969697,0.625,17,1.0,1.0,1.0,1.0,16
16964,10,0.9090909090909091,1.0,0.9523809523809523,0.7,11,0.9090909090909091,1.0,0.9523809523809523,0.7,11,1.0,1.0,1.0,1.0,10
10636,15,0.75,1.0,0.8571428571428571,0.7333333333333333,20,0.75,1.0,0.8571428571428571,0.7333333333333333,20,1.0,1.0,1.0,1.0,15
8055,11,0.8461538461538461,1.0,0.9166666666666666,0.8181818181818182,13,0.8461538461538461,1.0,0.9166666666666666,0.8181818181818182,13,1.0,1.0,1.0,1.0,11
13783,9,0.8181818181818182,1.0,0.9,0.7777777777777778,11,0.8181818181818182,1.0,0.9,0.7777777777777778,11,1.0,1.0,1.0,1.0,9
822,20,0.7407407407407407,1.0,0.851063829787234,0.85,27,0.7407407407407407,1.0,0.851063829787234,0.85,27,1.0,1.0,1.0,1.0,20
10312,9,0.8181818181818182,1.0,0.9,0.6666666666666666,11,0.8181818181818182,1.0,0.9,0.6666666666666666,11,1.0,1.0,1.0,1.0,9
16153,9,0.8181818181818182,1.0,0.9,0.5555555555555556,11,0.8181818181818182,1.0,0.9,0.5555555555555556,11,1.0,0.7777777777777778,0.8750000000000001,1.0,7
11375,9,1.0,1.0,1.0,0.5555555555555556,9,1.0,1.0,1.0,0.5555555555555556,9,1.0,1.0,1.0,1.0,9
10386,8,1.0,1.0,1.0,1.0,8,1.0,1.0,1.0,1.0,8,1.0,1.0,1.0,1.0,8
1599,12,0.9230769230769231,1.0,0.9600000000000001,0.8333333333333334,13,0.9230769230769231,1.0,0.9600000000000001,0.8333333333333334,13,1.0,1.0,1.0,1.0,12
8238,12,0.9230769230769231,1.0,0.9600000000000001,0.6666666666666666,13,0.9230769230769231,1.0,0.9600000000000001,0.6666666666666666,13,1.0,1.0,1.0,1.0,12
7386,18,0.9473684210526315,1.0,0.972972972972973,0.6111111111111112,19,0.9473684210526315,1.0,0.972972972972973,0.6111111111111112,19,1.0,1.0,1.0,1.0,18
15263,10,0.9090909090909091,1.0,0.9523809523809523,0.6,11,0.9090909090909091,1.0,0.9523809523809523,0.6,11,1.0,1.0,1.0,1.0,10
2780,8,1.0,1.0,1.0,0.625,8,1.0,1.0,1.0,0.625,8,1.0,1.0,1.0,1.0,8
12682,8,1.0,1.0,1.0,0.625,8,1.0,1.0,1.0,0.625,8,1.0,1.0,1.0,1.0,8
8991,14,0.875,1.0,0.9333333333333333,0.7142857142857143,16,0.875,1.0,0.9333333333333333,0.7142857142857143,16,1.0,1.0,1.0,1.0,14
15448,10,1.0,1.0,1.0,0.7,10,1.0,1.0,1.0,0.7,10,1.0,1.0,1.0,1.0,10
17068,16,0.9411764705882353,1.0,0.9696969696969697,0.6875,17,0.9411764705882353,1.0,0.9696969696969697,0.6875,17,1.0,1.0,1.0,1.0,16
6619,12,0.7058823529411765,1.0,0.8275862068965517,0.8333333333333334,17,0.7058823529411765,1.0,0.8275862068965517,0.8333333333333334,17,1.0,1.0,1.0,1.0,12
2232,8,1.0,1.0,1.0,0.625,8,1.0,1.0,1.0,0.625,8,1.0,1.0,1.0,1.0,8
10871,9,0.8181818181818182,1.0,0.9,0.8888888888888888,11,0.8181818181818182,1.0,0.9,0.8888888888888888,11,1.0,1.0,1.0,1.0,9
14575,13,1.0,1.0,1.0,0.6923076923076923,13,1.0,1.0,1.0,0.6923076923076923,13,1.0,1.0,1.0,1.0,13
3710,15,1.0,1.0,1.0,0.6666666666666666,15,1.0,1.0,1.0,0.6666666666666666,15,1.0,1.0,1.0,1.0,15
2740,17,0.8947368421052632,1.0,0.9444444444444444,0.7647058823529411,19,0.8947368421052632,1.0,0.9444444444444444,0.7647058823529411,19,1.0,1.0,1.0,1.0,17
6408,8,0.8888888888888888,1.0,0.9411764705882353,0.625,9,0.8888888888888888,1.0,0.9411764705882353,0.625,9,1.0,1.0,1.0,1.0,8
3091,20,0.9523809523809523,1.0,0.975609756097561,0.65,21,0.9523809523809523,1.0,0.975609756097561,0.65,21,1.0,1.0,1.0,1.0,20
4273,10,1.0,1.0,1.0,0.6,10,1.0,1.0,1.0,0.6,10,1.0,1.0,1.0,1.0,10
527,14,1.0,1.0,1.0,0.9285714285714286,14,1.0,1.0,1.0,0.9285714285714286,14,1.0,1.0,1.0,1.0,14
7319,13,0.8666666666666667,1.0,0.9285714285714286,0.7692307692307693,15,0.8666666666666667,1.0,0.9285714285714286,0.7692307692307693,15,1.0,1.0,1.0,1.0,13
13398,7,1.0,1.0,1.0,0.7142857142857143,7,1.0,1.0,1.0,0.7142857142857143,7,1.0,1.0,1.0,1.0,7
6640,8,1.0,1.0,1.0,0.625,8,1.0,1.0,1.0,0.625,8,1.0,1.0,1.0,1.0,8
6063,9,0.8181818181818182,1.0,0.9,0.7777777777777778,11,0.8181818181818182,1.0,0.9,0.7777777777777778,11,1.0,1.0,1.0,1.0,9
4611,10,1.0,1.0,1.0,0.6,10,1.0,1.0,1.0,0.6,10,1.0,1.0,1.0,1.0,10
612,10,1.0,1.0,1.0,0.7,10,1.0,1.0,1.0,0.7,10,1.0,1.0,1.0,1.0,10
10581,10,1.0,1.0,1.0,0.7,10,1.0,1.0,1.0,0.7,10,1.0,1.0,1.0,1.0,10
11380,13,1.0,1.0,1.0,0.6153846153846154,13,1.0,1.0,1.0,0.6153846153846154,13,1.0,1.0,1.0,1.0,13
12718,13,0.8666666666666667,1.0,0.9285714285714286,0.6923076923076923,15,0.8666666666666667,1.0,0.9285714285714286,0.6923076923076923,15,1.0,1.0,1.0,1.0,13
7632,15,0.9375,1.0,0.967741935483871,0.8,16,0.9375,1.0,0.967741935483871,0.8,16,1.0,1.0,1.0,1.0,15
8006,10,0.7692307692307693,1.0,0.8695652173913044,0.8,13,0.7692307692307693,1.0,0.8695652173913044,0.8,13,1.0,1.0,1.0,1.0,10
3895,17,0.9444444444444444,1.0,0.9714285714285714,0.8235294117647058,18,0.9444444444444444,1.0,0.9714285714285714,0.8235294117647058,18,1.0,1.0,1.0,1.0,17
16720,9,1.0,1.0,1.0,0.6666666666666666,9,1.0,1.0,1.0,0.6666666666666666,9,1.0,1.0,1.0,1.0,9
16876,8,1.0,1.0,1.0,0.625,8,1.0,1.0,1.0,0.625,8,1.0,1.0,1.0,1.0,8
3750,10,0.9090909090909091,1.0,0.9523809523809523,0.9,11,0.9090909090909091,1.0,0.9523809523809523,0.9,11,1.0,1.0,1.0,1.0,10
13823,12,0.9230769230769231,1.0,0.9600000000000001,0.6666666666666666,13,0.9230769230769231,1.0,0.9600000000000001,0.6666666666666666,13,1.0,1.0,1.0,1.0,12
5504,11,0.7857142857142857,1.0,0.88,0.8181818181818182,14,0.7857142857142857,1.0,0.88,0.8181818181818182,14,1.0,1.0,1.0,1.0,11
14599,12,1.0,1.0,1.0,0.8333333333333334,12,1.0,1.0,1.0,0.8333333333333334,12,1.0,1.0,1.0,1.0,12
53,7,0.875,1.0,0.9333333333333333,0.8571428571428571,8,0.875,1.0,0.9333333333333333,0.8571428571428571,8,1.0,1.0,1.0,1.0,7
6342,13,1.0,1.0,1.0,0.6153846153846154,13,1.0,1.0,1.0,0.6153846153846154,13,1.0,1.0,1.0,1.0,13
14757,12,0.9230769230769231,1.0,0.9600000000000001,0.6666666666666666,13,0.9230769230769231,1.0,0.9600000000000001,0.6666666666666666,13,1.0,1.0,1.0,1.0,12
12296,9,0.6428571428571429,1.0,0.782608695652174,0.6666666666666666,14,0.6428571428571429,1.0,0.782608695652174,0.6666666666666666,14,1.0,1.0,1.0,1.0,9
12429,13,0.9285714285714286,1.0,0.962962962962963,0.6923076923076923,14,0.9285714285714286,1.0,0.962962962962963,0.6923076923076923,14,1.0,1.0,1.0,1.0,13
7774,18,0.782608695652174,1.0,0.878048780487805,0.7777777777777778,23,0.782608695652174,1.0,0.878048780487805,0.7777777777777778,23,1.0,1.0,1.0,1.0,18
8455,11,0.8461538461538461,1.0,0.9166666666666666,0.7272727272727273,13,0.8461538461538461,1.0,0.9166666666666666,0.7272727272727273,13,1.0,1.0,1.0,1.0,11
4993,7,0.875,1.0,0.9333333333333333,0.7142857142857143,8,0.875,1.0,0.9333333333333333,0.7142857142857143,8,1.0,1.0,1.0,1.0,7
10425,9,1.0,1.0,1.0,0.6666666666666666,9,1.0,1.0,1.0,0.6666666666666666,9,1.0,1.0,1.0,1.0,9
16606,13,1.0,1.0,1.0,0.7692307692307693,13,1.0,1.0,1.0,0.7692307692307693,13,1.0,0.9230769230769231,0.9600000000000001,1.0,12
15290,18,0.75,1.0,0.8571428571428571,0.7222222222222222,24,0.75,1.0,0.8571428571428571,0.7222222222222222,24,1.0,1.0,1.0,1.0,18
13870,8,0.8,1.0,0.888888888888889,0.75,10,0.8,1.0,0.888888888888889,0.75,10,1.0,1.0,1.0,1.0,8
1460,20,0.7692307692307693,1.0,0.8695652173913044,0.75,26,0.7692307692307693,1.0,0.8695652173913044,0.75,26,1.0,1.0,1.0,1.0,20
11044,12,1.0,1.0,1.0,0.6666666666666666,12,1.0,1.0,1.0,0.6666666666666666,12,1.0,1.0,1.0,1.0,12
10867,11,1.0,1.0,1.0,0.7272727272727273,11,1.0,1.0,1.0,0.7272727272727273,11,1.0,1.0,1.0,1.0,11
16142,14,1.0,1.0,1.0,0.5714285714285714,14,1.0,1.0,1.0,0.5714285714285714,14,1.0,1.0,1.0,1.0,14
983,10,0.9090909090909091,1.0,0.9523809523809523,0.8,11,0.9090909090909091,1.0,0.9523809523809523,0.8,11,1.0,1.0,1.0,1.0,10
780,14,0.875,1.0,0.9333333333333333,0.7142857142857143,16,0.875,1.0,0.9333333333333333,0.7142857142857143,16,1.0,1.0,1.0,1.0,14
3781,13,0.8125,1.0,0.896551724137931,0.6153846153846154,16,0.8125,1.0,0.896551724137931,0.6153846153846154,16,1.0,1.0,1.0,1.0,13
1052,11,0.9166666666666666,1.0,0.9565217391304348,0.8181818181818182,12,0.9166666666666666,1.0,0.9565217391304348,0.8181818181818182,12,1.0,1.0,1.0,1.0,11
1407,8,1.0,1.0,1.0,0.625,8,1.0,1.0,1.0,0.625,8,1.0,1.0,1.0,1.0,8
16676,6,1.0,1.0,1.0,0.5,6,1.0,1.0,1.0,0.5,6,1.0,1.0,1.0,1.0,6
222,11,0.9166666666666666,1.0,0.9565217391304348,0.7272727272727273,12,0.9166666666666666,1.0,0.9565217391304348,0.7272727272727273,12,1.0,1.0,1.0,1.0,11
6185,11,0.8461538461538461,1.0,0.9166666666666666,0.7272727272727273,13,0.8461538461538461,1.0,0.9166666666666666,0.7272727272727273,13,1.0,1.0,1.0,1.0,11
16926,6,1.0,1.0,1.0,0.5,6,1.0,1.0,1.0,0.5,6,1.0,1.0,1.0,1.0,6
15502,8,1.0,1.0,1.0,0.625,8,1.0,1.0,1.0,0.625,8,1.0,1.0,1.0,1.0,8
8595,8,0.7777777777777778,0.875,0.823529411764706,0.7142857142857143,9,0.8,1.0,0.888888888888889,0.625,10,1.0,0.875,0.9333333333333333,1.0,7
13698,10,0.9090909090909091,1.0,0.9523809523809523,0.6,11,0.9090909090909091,1.0,0.9523809523809523,0.6,11,1.0,1.0,1.0,1.0,10
13860,8,0.7272727272727273,1.0,0.8421052631578948,0.75,11,0.7272727272727273,1.0,0.8421052631578948,0.75,11,1.0,1.0,1.0,1.0,8
8914,11,0.9166666666666666,1.0,0.9565217391304348,0.45454545454545453,12,0.9166666666666666,1.0,0.9565217391304348,0.45454545454545453,12,1.0,1.0,1.0,1.0,11
12136,17,0.85,1.0,0.9189189189189189,0.6470588235294118,20,0.85,1.0,0.9189189189189189,0.6470588235294118,20,1.0,1.0,1.0,1.0,17
16244,8,1.0,1.0,1.0,0.875,8,1.0,1.0,1.0,0.875,8,1.0,1.0,1.0,1.0,8
7476,10,0.8333333333333334,1.0,0.9090909090909091,0.6,12,0.8333333333333334,1.0,0.9090909090909091,0.6,12,1.0,1.0,1.0,1.0,10
16223,10,1.0,1.0,1.0,0.6,10,1.0,1.0,1.0,0.6,10,1.0,1.0,1.0,1.0,10
15274,12,1.0,1.0,1.0,0.75,12,1.0,1.0,1.0,0.75,12,1.0,1.0,1.0,1.0,12
7008,15,0.8823529411764706,1.0,0.9375,0.6666666666666666,17,0.8823529411764706,1.0,0.9375,0.6666666666666666,17,1.0,1.0,1.0,1.0,15
3107,11,0.8461538461538461,1.0,0.9166666666666666,0.6363636363636364,13,0.8461538461538461,1.0,0.9166666666666666,0.6363636363636364,13,1.0,1.0,1.0,1.0,11
15295,10,1.0,1.0,1.0,0.8,10,1.0,1.0,1.0,0.8,10,1.0,1.0,1.0,1.0,10
5005,11,0.7857142857142857,1.0,0.88,0.7272727272727273,14,0.7857142857142857,1.0,0.88,0.7272727272727273,14,1.0,1.0,1.0,1.0,11
9603,17,0.8947368421052632,1.0,0.9444444444444444,0.5882352941176471,19,0.8947368421052632,1.0,0.9444444444444444,0.5882352941176471,19,1.0,1.0,1.0,1.0,17
2248,8,1.0,1.0,1.0,0.625,8,1.0,1.0,1.0,0.625,8,1.0,1.0,1.0,1.0,8
1184,17,0.6296296296296297,1.0,0.7727272727272727,0.9411764705882353,27,0.6538461538461539,1.0,0.7906976744186047,0.9411764705882353,26,1.0,1.0,1.0,1.0,17
16369,13,0.9285714285714286,1.0,0.962962962962963,0.5384615384615384,14,0.9285714285714286,1.0,0.962962962962963,0.5384615384615384,14,1.0,1.0,1.0,1.0,13
2047,14,1.0,1.0,1.0,0.6428571428571429,14,1.0,1.0,1.0,0.6428571428571429,14,1.0,1.0,1.0,1.0,14
6528,14,0.875,1.0,0.9333333333333333,0.7857142857142857,16,0.875,1.0,0.9333333333333333,0.7857142857142857,16,1.0,1.0,1.0,1.0,14
6512,12,0.8571428571428571,1.0,0.923076923076923,1.0,14,0.8571428571428571,1.0,0.923076923076923,1.0,14,1.0,1.0,1.0,1.0,12
91,17,0.8947368421052632,1.0,0.9444444444444444,0.8235294117647058,19,0.8947368421052632,1.0,0.9444444444444444,0.8235294117647058,19,1.0,1.0,1.0,1.0,17
11342,7,0.7777777777777778,1.0,0.8750000000000001,0.5714285714285714,9,0.7777777777777778,1.0,0.8750000000000001,0.5714285714285714,9,1.0,1.0,1.0,1.0,7
12062,10,1.0,1.0,1.0,0.8,10,1.0,1.0,1.0,0.8,10,1.0,1.0,1.0,1.0,10
2209,8,1.0,1.0,1.0,0.625,8,1.0,1.0,1.0,0.625,8,1.0,1.0,1.0,1.0,8
4681,10,0.9090909090909091,1.0,0.9523809523809523,0.8,11,0.9090909090909091,1.0,0.9523809523809523,0.8,11,1.0,1.0,1.0,1.0,10
6211,17,1.0,1.0,1.0,0.7058823529411765,17,1.0,1.0,1.0,0.7058823529411765,17,1.0,1.0,1.0,1.0,17
10316,9,1.0,1.0,1.0,0.7777777777777778,9,1.0,1.0,1.0,0.7777777777777778,9,1.0,1.0,1.0,1.0,9
553,6,1.0,1.0,1.0,0.8333333333333334,6,1.0,1.0,1.0,0.8333333333333334,6,1.0,1.0,1.0,1.0,6
11659,6,0.8571428571428571,1.0,0.923076923076923,0.6666666666666666,7,0.8571428571428571,1.0,0.923076923076923,0.6666666666666666,7,1.0,1.0,1.0,1.0,6
6320,16,0.8888888888888888,1.0,0.9411764705882353,0.75,18,0.8888888888888888,1.0,0.9411764705882353,0.75,18,1.0,1.0,1.0,1.0,16
10187,9,0.6666666666666666,0.4444444444444444,0.5333333333333333,0.25,6,0.75,1.0,0.8571428571428571,0.3333333333333333,12,1.0,0.4444444444444444,0.6153846153846153,1.0,4
5895,8,1.0,1.0,1.0,0.625,8,1.0,1.0,1.0,0.625,8,1.0,1.0,1.0,1.0,8
7958,10,1.0,1.0,1.0,0.9,10,1.0,1.0,1.0,0.9,10,1.0,1.0,1.0,1.0,10
2927,15,0.8823529411764706,1.0,0.9375,0.6666666666666666,17,0.8823529411764706,1.0,0.9375,0.6666666666666666,17,1.0,1.0,1.0,1.0,15
10111,18,0.6923076923076923,1.0,0.8181818181818181,0.8333333333333334,26,0.6923076923076923,1.0,0.8181818181818181,0.8333333333333334,26,1.0,1.0,1.0,1.0,18
15719,10,1.0,1.0,1.0,0.8,10,1.0,1.0,1.0,0.8,10,1.0,1.0,1.0,1.0,10
4023,10,0.8333333333333334,1.0,0.9090909090909091,0.7,12,0.8333333333333334,1.0,0.9090909090909091,0.7,12,1.0,1.0,1.0,1.0,10
12907,10,0.8333333333333334,1.0,0.9090909090909091,0.7,12,0.8333333333333334,1.0,0.9090909090909091,0.7,12,1.0,1.0,1.0,1.0,10
789,9,0.6428571428571429,1.0,0.782608695652174,0.6666666666666666,14,0.6428571428571429,1.0,0.782608695652174,0.6666666666666666,14,1.0,1.0,1.0,1.0,9
12908,8,1.0,1.0,1.0,0.75,8,1.0,1.0,1.0,0.75,8,1.0,1.0,1.0,1.0,8
12417,12,1.0,1.0,1.0,0.8333333333333334,12,1.0,1.0,1.0,0.8333333333333334,12,1.0,1.0,1.0,1.0,12
3942,12,0.75,1.0,0.8571428571428571,0.5,16,0.75,1.0,0.8571428571428571,0.5,16,1.0,1.0,1.0,1.0,12
16984,9,1.0,1.0,1.0,0.5555555555555556,9,1.0,1.0,1.0,0.5555555555555556,9,1.0,1.0,1.0,1.0,9
11671,10,0.8333333333333334,1.0,0.9090909090909091,0.7,12,0.8333333333333334,1.0,0.9090909090909091,0.7,12,1.0,1.0,1.0,1.0,10
10935,15,1.0,1.0,1.0,0.6666666666666666,15,1.0,1.0,1.0,0.6666666666666666,15,1.0,1.0,1.0,1.0,15
9947,15,0.8333333333333334,0.6666666666666666,0.7407407407407408,0.7,12,0.8823529411764706,1.0,0.9375,0.6,17,1.0,0.6666666666666666,0.8,1.0,10
9949,13,0.9285714285714286,1.0,0.962962962962963,0.7692307692307693,14,0.9285714285714286,1.0,0.962962962962963,0.7692307692307693,14,1.0,1.0,1.0,1.0,13
3102,10,0.9090909090909091,1.0,0.9523809523809523,0.7,11,0.9090909090909091,1.0,0.9523809523809523,0.7,11,1.0,1.0,1.0,1.0,10
7245,9,0.8181818181818182,1.0,0.9,0.6666666666666666,11,0.8181818181818182,1.0,0.9,0.6666666666666666,11,1.0,1.0,1.0,1.0,9
15821,11,0.9166666666666666,1.0,0.9565217391304348,0.9090909090909091,12,0.9166666666666666,1.0,0.9565217391304348,0.9090909090909091,12,1.0,1.0,1.0,1.0,11
7815,20,0.5128205128205128,1.0,0.6779661016949152,0.65,39,0.5263157894736842,1.0,0.6896551724137931,0.65,38,1.0,1.0,1.0,1.0,20
17083,11,0.9166666666666666,1.0,0.9565217391304348,0.5454545454545454,12,0.9166666666666666,1.0,0.9565217391304348,0.5454545454545454,12,1.0,1.0,1.0,1.0,11
10013,13,0.9285714285714286,1.0,0.962962962962963,0.6923076923076923,14,0.9285714285714286,1.0,0.962962962962963,0.6923076923076923,14,1.0,1.0,1.0,1.0,13
3559,7,1.0,1.0,1.0,0.7142857142857143,7,1.0,1.0,1.0,0.7142857142857143,7,1.0,1.0,1.0,1.0,7
7861,14,1.0,1.0,1.0,0.7857142857142857,14,1.0,1.0,1.0,0.7857142857142857,14,1.0,1.0,1.0,1.0,14
5105,11,0.7857142857142857,1.0,0.88,0.6363636363636364,14,0.7857142857142857,1.0,0.88,0.6363636363636364,14,1.0,1.0,1.0,1.0,11
6536,8,0.8888888888888888,1.0,0.9411764705882353,0.75,9,0.8888888888888888,1.0,0.9411764705882353,0.75,9,1.0,1.0,1.0,1.0,8
9582,16,0.8,1.0,0.888888888888889,0.6875,20,0.8,1.0,0.888888888888889,0.6875,20,1.0,1.0,1.0,1.0,16
3909,13,1.0,1.0,1.0,0.5384615384615384,13,1.0,1.0,1.0,0.5384615384615384,13,1.0,1.0,1.0,1.0,13
12021,13,0.9285714285714286,1.0,0.962962962962963,0.6153846153846154,14,0.9285714285714286,1.0,0.962962962962963,0.6153846153846154,14,1.0,1.0,1.0,1.0,13
15667,7,0.875,1.0,0.9333333333333333,0.7142857142857143,8,0.875,1.0,0.9333333333333333,0.7142857142857143,8,1.0,1.0,1.0,1.0,7
10896,17,1.0,1.0,1.0,0.8235294117647058,17,1.0,1.0,1.0,0.8235294117647058,17,1.0,1.0,1.0,1.0,17
8789,10,0.7692307692307693,1.0,0.8695652173913044,0.7,13,0.7692307692307693,1.0,0.8695652173913044,0.7,13,1.0,1.0,1.0,1.0,10
3515,14,1.0,1.0,1.0,0.7142857142857143,14,1.0,1.0,1.0,0.7142857142857143,14,1.0,1.0,1.0,1.0,14
11726,10,1.0,1.0,1.0,0.5,10,1.0,1.0,1.0,0.5,10,1.0,1.0,1.0,1.0,10
13057,9,0.9,1.0,0.9473684210526316,0.8888888888888888,10,0.9,1.0,0.9473684210526316,0.8888888888888888,10,1.0,1.0,1.0,1.0,9
14445,10,1.0,1.0,1.0,0.5,10,1.0,1.0,1.0,0.5,10,1.0,1.0,1.0,1.0,10
7673,9,0.9,1.0,0.9473684210526316,0.6666666666666666,10,0.9,1.0,0.9473684210526316,0.6666666666666666,10,1.0,1.0,1.0,1.0,9
144,15,0.7894736842105263,1.0,0.8823529411764706,0.4666666666666667,19,0.7894736842105263,1.0,0.8823529411764706,0.4666666666666667,19,1.0,1.0,1.0,1.0,15
228,10,1.0,1.0,1.0,0.6,10,1.0,1.0,1.0,0.6,10,1.0,1.0,1.0,1.0,10
12578,12,0.9230769230769231,1.0,0.9600000000000001,0.8333333333333334,13,0.9230769230769231,1.0,0.9600000000000001,0.8333333333333334,13,1.0,1.0,1.0,1.0,12
3386,12,1.0,1.0,1.0,0.8333333333333334,12,1.0,1.0,1.0,0.8333333333333334,12,1.0,1.0,1.0,1.0,12
14338,14,0.9333333333333333,1.0,0.9655172413793104,0.6428571428571429,15,0.9333333333333333,1.0,0.9655172413793104,0.6428571428571429,15,1.0,1.0,1.0,1.0,14
1136,17,1.0,1.0,1.0,0.7058823529411765,17,1.0,1.0,1.0,0.7058823529411765,17,1.0,1.0,1.0,1.0,17
16574,13,1.0,1.0,1.0,0.5384615384615384,13,1.0,1.0,1.0,0.5384615384615384,13,1.0,1.0,1.0,1.0,13
6052,10,0.9090909090909091,1.0,0.9523809523809523,0.7,11,0.9090909090909091,1.0,0.9523809523809523,0.7,11,1.0,1.0,1.0,1.0,10
8073,12,0.9230769230769231,1.0,0.9600000000000001,0.6666666666666666,13,0.9230769230769231,1.0,0.9600000000000001,0.6666666666666666,13,1.0,1.0,1.0,1.0,12
15826,15,0.8823529411764706,1.0,0.9375,0.6,17,0.8823529411764706,1.0,0.9375,0.6,17,1.0,1.0,1.0,1.0,15
10982,10,0.9090909090909091,1.0,0.9523809523809523,0.6,11,0.9090909090909091,1.0,0.9523809523809523,0.6,11,1.0,1.0,1.0,1.0,10
24,13,0.9285714285714286,1.0,0.962962962962963,0.6923076923076923,14,0.9285714285714286,1.0,0.962962962962963,0.6923076923076923,14,1.0,1.0,1.0,1.0,13
4911,10,1.0,1.0,1.0,0.6,10,1.0,1.0,1.0,0.6,10,1.0,0.9,0.9473684210526316,1.0,9
10793,14,0.875,1.0,0.9333333333333333,0.7142857142857143,16,0.875,1.0,0.9333333333333333,0.7142857142857143,16,1.0,0.9285714285714286,0.962962962962963,1.0,13
11911,10,0.7692307692307693,1.0,0.8695652173913044,0.7,13,0.7692307692307693,1.0,0.8695652173913044,0.7,13,1.0,1.0,1.0,1.0,10
5403,7,0.6363636363636364,1.0,0.7777777777777778,0.8571428571428571,11,0.6363636363636364,1.0,0.7777777777777778,0.8571428571428571,11,1.0,1.0,1.0,1.0,7
11667,15,0.8333333333333334,1.0,0.9090909090909091,0.6666666666666666,18,0.8333333333333334,1.0,0.9090909090909091,0.6666666666666666,18,1.0,0.9333333333333333,0.9655172413793104,1.0,14
8121,8,0.8888888888888888,1.0,0.9411764705882353,0.75,9,0.8888888888888888,1.0,0.9411764705882353,0.75,9,1.0,1.0,1.0,1.0,8
15489,19,0.7916666666666666,1.0,0.8837209302325582,0.7368421052631579,24,0.7916666666666666,1.0,0.8837209302325582,0.7368421052631579,24,1.0,1.0,1.0,1.0,19
14517,10,0.9090909090909091,1.0,0.9523809523809523,0.7,11,0.9090909090909091,1.0,0.9523809523809523,0.7,11,1.0,1.0,1.0,1.0,10
11920,10,0.9090909090909091,1.0,0.9523809523809523,0.5,11,0.9090909090909091,1.0,0.9523809523809523,0.5,11,1.0,1.0,1.0,1.0,10
11312,8,1.0,1.0,1.0,0.5,8,1.0,1.0,1.0,0.5,8,1.0,1.0,1.0,1.0,8
12028,7,1.0,1.0,1.0,0.7142857142857143,7,1.0,1.0,1.0,0.7142857142857143,7,1.0,1.0,1.0,1.0,7
7236,8,1.0,1.0,1.0,0.625,8,1.0,1.0,1.0,0.625,8,1.0,1.0,1.0,1.0,8
6617,14,0.875,1.0,0.9333333333333333,0.7142857142857143,16,0.875,1.0,0.9333333333333333,0.7142857142857143,16,1.0,1.0,1.0,1.0,14
12074,13,1.0,1.0,1.0,0.6923076923076923,13,1.0,1.0,1.0,0.6923076923076923,13,1.0,1.0,1.0,1.0,13
6044,20,0.9523809523809523,1.0,0.975609756097561,0.75,21,0.9523809523809523,1.0,0.975609756097561,0.75,21,1.0,1.0,1.0,1.0,20
9084,11,0.7333333333333333,1.0,0.846153846153846,0.7272727272727273,15,0.7333333333333333,1.0,0.846153846153846,0.7272727272727273,15,1.0,1.0,1.0,1.0,11
10510,14,1.0,1.0,1.0,0.7857142857142857,14,1.0,1.0,1.0,0.7857142857142857,14,1.0,1.0,1.0,1.0,14
13100,8,1.0,1.0,1.0,0.625,8,1.0,1.0,1.0,0.625,8,1.0,1.0,1.0,1.0,8
15354,7,1.0,1.0,1.0,0.8571428571428571,7,1.0,1.0,1.0,0.8571428571428571,7,1.0,1.0,1.0,1.0,7
14495,13,0.9285714285714286,1.0,0.962962962962963,0.6153846153846154,14,0.9285714285714286,1.0,0.962962962962963,0.6153846153846154,14,1.0,1.0,1.0,1.0,13
1742,15,0.8823529411764706,1.0,0.9375,0.8666666666666667,17,0.8823529411764706,1.0,0.9375,0.8666666666666667,17,1.0,1.0,1.0,1.0,15
9120,14,0.8235294117647058,1.0,0.9032258064516129,0.8571428571428571,17,0.8235294117647058,1.0,0.9032258064516129,0.8571428571428571,17,1.0,1.0,1.0,1.0,14
13647,7,1.0,1.0,1.0,1.0,7,1.0,1.0,1.0,1.0,7,1.0,1.0,1.0,1.0,7
15591,16,0.7619047619047619,1.0,0.8648648648648648,0.8125,21,0.7619047619047619,1.0,0.8648648648648648,0.8125,21,1.0,1.0,1.0,1.0,16
7009,26,0.896551724137931,1.0,0.9454545454545454,0.6923076923076923,29,0.896551724137931,1.0,0.9454545454545454,0.6923076923076923,29,1.0,0.9615384615384616,0.9803921568627451,1.0,25
6227,10,1.0,1.0,1.0,0.7,10,1.0,1.0,1.0,0.7,10,1.0,1.0,1.0,1.0,10
3144,13,1.0,1.0,1.0,0.6153846153846154,13,1.0,1.0,1.0,0.6153846153846154,13,1.0,1.0,1.0,1.0,13
11134,10,0.6666666666666666,1.0,0.8,0.9,15,0.6666666666666666,1.0,0.8,0.9,15,1.0,1.0,1.0,1.0,10
15380,10,1.0,1.0,1.0,0.7,10,1.0,1.0,1.0,0.7,10,1.0,1.0,1.0,1.0,10
7501,12,1.0,1.0,1.0,0.6666666666666666,12,1.0,1.0,1.0,0.6666666666666666,12,1.0,1.0,1.0,1.0,12
15550,9,1.0,1.0,1.0,0.5555555555555556,9,1.0,1.0,1.0,0.5555555555555556,9,1.0,1.0,1.0,1.0,9
13616,10,0.9090909090909091,1.0,0.9523809523809523,0.8,11,0.9090909090909091,1.0,0.9523809523809523,0.8,11,1.0,1.0,1.0,1.0,10
5232,13,1.0,1.0,1.0,0.8461538461538461,13,1.0,1.0,1.0,0.8461538461538461,13,1.0,1.0,1.0,1.0,13
442,10,1.0,1.0,1.0,0.6,10,1.0,1.0,1.0,0.6,10,1.0,1.0,1.0,1.0,10
12051,8,1.0,1.0,1.0,0.625,8,1.0,1.0,1.0,0.625,8,1.0,1.0,1.0,1.0,8
4246,12,0.631578947368421,1.0,0.7741935483870968,0.75,19,0.631578947368421,1.0,0.7741935483870968,0.75,19,1.0,1.0,1.0,1.0,12
4107,13,0.9285714285714286,1.0,0.962962962962963,0.7692307692307693,14,0.9285714285714286,1.0,0.962962962962963,0.7692307692307693,14,1.0,1.0,1.0,1.0,13
5760,11,0.7857142857142857,1.0,0.88,0.6363636363636364,14,0.7857142857142857,1.0,0.88,0.6363636363636364,14,1.0,1.0,1.0,1.0,11
3027,7,0.7777777777777778,1.0,0.8750000000000001,0.7142857142857143,9,0.875,1.0,0.9333333333333333,0.7142857142857143,8,1.0,1.0,1.0,1.0,7
9823,12,0.9230769230769231,1.0,0.9600000000000001,0.6666666666666666,13,0.9230769230769231,1.0,0.9600000000000001,0.6666666666666666,13,1.0,1.0,1.0,1.0,12
11215,18,0.6923076923076923,1.0,0.8181818181818181,0.5,26,0.6923076923076923,1.0,0.8181818181818181,0.5,26,0.9473684210526315,1.0,0.972972972972973,1.0,19
6980,9,1.0,1.0,1.0,0.6666666666666666,9,1.0,1.0,1.0,0.6666666666666666,9,1.0,1.0,1.0,1.0,9
2176,9,1.0,1.0,1.0,0.7777777777777778,9,1.0,1.0,1.0,0.7777777777777778,9,1.0,1.0,1.0,1.0,9
14200,9,0.6923076923076923,1.0,0.8181818181818181,0.8888888888888888,13,0.6923076923076923,1.0,0.8181818181818181,0.8888888888888888,13,1.0,1.0,1.0,1.0,9
8995,11,1.0,1.0,1.0,0.7272727272727273,11,1.0,1.0,1.0,0.7272727272727273,11,1.0,1.0,1.0,1.0,11
2060,7,0.875,1.0,0.9333333333333333,0.7142857142857143,8,0.875,1.0,0.9333333333333333,0.7142857142857143,8,1.0,1.0,1.0,1.0,7
7878,12,1.0,1.0,1.0,0.6666666666666666,12,1.0,1.0,1.0,0.6666666666666666,12,1.0,1.0,1.0,1.0,12
2735,15,1.0,1.0,1.0,0.7333333333333333,15,1.0,1.0,1.0,0.7333333333333333,15,1.0,1.0,1.0,1.0,15
15939,8,1.0,1.0,1.0,0.625,8,1.0,1.0,1.0,0.625,8,1.0,1.0,1.0,1.0,8
15235,7,1.0,1.0,1.0,0.5714285714285714,7,1.0,1.0,1.0,0.5714285714285714,7,1.0,1.0,1.0,1.0,7
785,16,0.8,1.0,0.888888888888889,0.6875,20,0.8,1.0,0.888888888888889,0.6875,20,1.0,0.9375,0.967741935483871,1.0,15
12263,18,0.75,1.0,0.8571428571428571,0.6666666666666666,24,0.75,1.0,0.8571428571428571,0.6666666666666666,24,1.0,1.0,1.0,1.0,18
7606,11,1.0,1.0,1.0,0.7272727272727273,11,1.0,1.0,1.0,0.7272727272727273,11,1.0,1.0,1.0,1.0,11
15386,8,0.8888888888888888,1.0,0.9411764705882353,0.5,9,0.8888888888888888,1.0,0.9411764705882353,0.5,9,1.0,1.0,1.0,1.0,8
4308,12,1.0,1.0,1.0,0.5,12,1.0,1.0,1.0,0.5,12,1.0,1.0,1.0,1.0,12
8860,9,0.8181818181818182,1.0,0.9,0.6666666666666666,11,0.8181818181818182,1.0,0.9,0.6666666666666666,11,1.0,1.0,1.0,1.0,9
13980,21,0.875,1.0,0.9333333333333333,0.8571428571428571,24,0.875,1.0,0.9333333333333333,0.8571428571428571,24,1.0,1.0,1.0,1.0,21
12471,11,0.8461538461538461,1.0,0.9166666666666666,0.8181818181818182,13,0.8461538461538461,1.0,0.9166666666666666,0.8181818181818182,13,1.0,1.0,1.0,1.0,11
12194,8,1.0,1.0,1.0,0.625,8,1.0,1.0,1.0,0.625,8,1.0,1.0,1.0,1.0,8
14253,8,1.0,1.0,1.0,0.625,8,1.0,1.0,1.0,0.625,8,1.0,1.0,1.0,1.0,8
1808,8,1.0,1.0,1.0,0.625,8,1.0,1.0,1.0,0.625,8,1.0,1.0,1.0,1.0,8
16704,11,0.9166666666666666,1.0,0.9565217391304348,0.7272727272727273,12,0.9166666666666666,1.0,0.9565217391304348,0.7272727272727273,12,1.0,0.9090909090909091,0.9523809523809523,1.0,10
14292,9,0.9,1.0,0.9473684210526316,0.6666666666666666,10,0.9,1.0,0.9473684210526316,0.6666666666666666,10,1.0,1.0,1.0,1.0,9
5683,6,0.8571428571428571,1.0,0.923076923076923,0.6666666666666666,7,0.8571428571428571,1.0,0.923076923076923,0.6666666666666666,7,1.0,1.0,1.0,1.0,6
8083,8,1.0,1.0,1.0,0.75,8,1.0,1.0,1.0,0.75,8,1.0,1.0,1.0,1.0,8
16562,10,0.8333333333333334,1.0,0.9090909090909091,0.7,12,0.8333333333333334,1.0,0.9090909090909091,0.7,12,1.0,1.0,1.0,1.0,10
11647,12,1.0,1.0,1.0,0.75,12,1.0,1.0,1.0,0.75,12,1.0,1.0,1.0,1.0,12
3452,14,0.9333333333333333,1.0,0.9655172413793104,0.6428571428571429,15,0.9333333333333333,1.0,0.9655172413793104,0.6428571428571429,15,1.0,1.0,1.0,1.0,14
3310,13,1.0,1.0,1.0,0.7692307692307693,13,1.0,1.0,1.0,0.7692307692307693,13,1.0,1.0,1.0,1.0,13
16512,17,0.8947368421052632,1.0,0.9444444444444444,0.7647058823529411,19,0.8947368421052632,1.0,0.9444444444444444,0.7647058823529411,19,1.0,1.0,1.0,1.0,17
13641,8,1.0,1.0,1.0,0.75,8,1.0,1.0,1.0,0.75,8,1.0,1.0,1.0,1.0,8
9451,10,1.0,1.0,1.0,0.5,10,1.0,1.0,1.0,0.5,10,1.0,1.0,1.0,1.0,10
12229,8,1.0,1.0,1.0,0.625,8,1.0,1.0,1.0,0.625,8,1.0,1.0,1.0,1.0,8
6160,11,1.0,1.0,1.0,0.6363636363636364,11,1.0,1.0,1.0,0.6363636363636364,11,1.0,1.0,1.0,1.0,11
6970,18,0.8571428571428571,1.0,0.923076923076923,0.7222222222222222,21,0.8571428571428571,1.0,0.923076923076923,0.7222222222222222,21,1.0,1.0,1.0,1.0,18
7012,8,0.8888888888888888,1.0,0.9411764705882353,0.625,9,0.8888888888888888,1.0,0.9411764705882353,0.625,9,1.0,1.0,1.0,1.0,8
10363,7,1.0,1.0,1.0,0.7142857142857143,7,1.0,1.0,1.0,0.7142857142857143,7,1.0,1.0,1.0,1.0,7
3255,9,0.6923076923076923,1.0,0.8181818181818181,0.8888888888888888,13,0.6923076923076923,1.0,0.8181818181818181,0.8888888888888888,13,1.0,1.0,1.0,1.0,9
4702,8,1.0,1.0,1.0,0.625,8,1.0,1.0,1.0,0.625,8,1.0,1.0,1.0,1.0,8
11711,9,1.0,1.0,1.0,0.5555555555555556,9,1.0,1.0,1.0,0.5555555555555556,9,1.0,1.0,1.0,1.0,9
15226,19,1.0,1.0,1.0,0.6842105263157895,19,1.0,1.0,1.0,0.6842105263157895,19,1.0,1.0,1.0,1.0,19
12395,6,0.8571428571428571,1.0,0.923076923076923,0.8333333333333334,7,0.8571428571428571,1.0,0.923076923076923,0.8333333333333334,7,1.0,1.0,1.0,1.0,6
16921,9,1.0,1.0,1.0,0.7777777777777778,9,1.0,1.0,1.0,0.7777777777777778,9,1.0,1.0,1.0,1.0,9
1767,13,1.0,1.0,1.0,0.8461538461538461,13,1.0,1.0,1.0,0.8461538461538461,13,1.0,1.0,1.0,1.0,13
7896,13,1.0,1.0,1.0,0.6153846153846154,13,1.0,1.0,1.0,0.6153846153846154,13,1.0,1.0,1.0,1.0,13
1134,15,0.75,1.0,0.8571428571428571,0.8,20,0.75,1.0,0.8571428571428571,0.8,20,1.0,1.0,1.0,1.0,15
15049,10,0.9090909090909091,1.0,0.9523809523809523,0.7,11,0.9090909090909091,1.0,0.9523809523809523,0.7,11,1.0,1.0,1.0,1.0,10
4700,8,1.0,1.0,1.0,0.75,8,1.0,1.0,1.0,0.75,8,1.0,1.0,1.0,1.0,8
7992,14,0.875,1.0,0.9333333333333333,0.7142857142857143,16,0.875,1.0,0.9333333333333333,0.7142857142857143,16,1.0,1.0,1.0,1.0,14
5110,9,1.0,1.0,1.0,0.7777777777777778,9,1.0,1.0,1.0,0.7777777777777778,9,1.0,1.0,1.0,1.0,9
13101,12,0.9230769230769231,1.0,0.9600000000000001,0.6666666666666666,13,0.9230769230769231,1.0,0.9600000000000001,0.6666666666666666,13,1.0,1.0,1.0,1.0,12
10807,8,1.0,1.0,1.0,0.5,8,1.0,1.0,1.0,0.5,8,1.0,1.0,1.0,1.0,8
13393,8,1.0,1.0,1.0,0.625,8,1.0,1.0,1.0,0.625,8,1.0,1.0,1.0,1.0,8
7239,13,0.9230769230769231,0.9230769230769231,0.9230769230769231,0.75,13,0.9285714285714286,1.0,0.962962962962963,0.6923076923076923,14,1.0,0.9230769230769231,0.9600000000000001,1.0,12
6538,8,0.8,1.0,0.888888888888889,0.625,10,0.8888888888888888,1.0,0.9411764705882353,0.625,9,1.0,1.0,1.0,1.0,8
3115,9,0.8181818181818182,1.0,0.9,0.6666666666666666,11,0.8181818181818182,1.0,0.9,0.6666666666666666,11,1.0,1.0,1.0,1.0,9
9806,13,0.8125,1.0,0.896551724137931,0.8461538461538461,16,0.8125,1.0,0.896551724137931,0.8461538461538461,16,1.0,0.8461538461538461,0.9166666666666666,1.0,11
4644,9,0.75,1.0,0.8571428571428571,0.7777777777777778,12,0.75,1.0,0.8571428571428571,0.7777777777777778,12,1.0,1.0,1.0,1.0,9
4248,10,0.8333333333333334,1.0,0.9090909090909091,0.7,12,0.8333333333333334,1.0,0.9090909090909091,0.7,12,1.0,1.0,1.0,1.0,10
2255,15,0.7894736842105263,1.0,0.8823529411764706,0.6666666666666666,19,0.7894736842105263,1.0,0.8823529411764706,0.6666666666666666,19,1.0,1.0,1.0,1.0,15
5056,10,1.0,1.0,1.0,0.6,10,1.0,1.0,1.0,0.6,10,1.0,1.0,1.0,1.0,10
7161,11,1.0,1.0,1.0,0.7272727272727273,11,1.0,1.0,1.0,0.7272727272727273,11,1.0,1.0,1.0,1.0,11
6597,9,0.9,1.0,0.9473684210526316,0.8888888888888888,10,0.9,1.0,0.9473684210526316,0.8888888888888888,10,1.0,1.0,1.0,1.0,9
9185,11,1.0,1.0,1.0,0.6363636363636364,11,1.0,1.0,1.0,0.6363636363636364,11,1.0,1.0,1.0,1.0,11
1082,18,0.782608695652174,1.0,0.878048780487805,0.8333333333333334,23,0.782608695652174,1.0,0.878048780487805,0.8333333333333334,23,1.0,1.0,1.0,1.0,18
10673,10,1.0,1.0,1.0,0.6,10,1.0,1.0,1.0,0.6,10,1.0,1.0,1.0,1.0,10
13125,11,1.0,1.0,1.0,0.5454545454545454,11,1.0,1.0,1.0,0.5454545454545454,11,1.0,1.0,1.0,1.0,11
10692,8,1.0,1.0,1.0,0.5,8,1.0,1.0,1.0,0.5,8,1.0,1.0,1.0,1.0,8
8105,12,0.6666666666666666,1.0,0.8,0.75,18,0.6666666666666666,1.0,0.8,0.75,18,1.0,1.0,1.0,1.0,12
1936,8,0.8888888888888888,1.0,0.9411764705882353,0.625,9,0.8888888888888888,1.0,0.9411764705882353,0.625,9,1.0,1.0,1.0,1.0,8
7503,15,0.8823529411764706,1.0,0.9375,0.8666666666666667,17,0.8823529411764706,1.0,0.9375,0.8666666666666667,17,1.0,1.0,1.0,1.0,15
869,11,0.9166666666666666,1.0,0.9565217391304348,0.6363636363636364,12,0.9166666666666666,1.0,0.9565217391304348,0.6363636363636364,12,1.0,1.0,1.0,1.0,11
6836,13,0.9285714285714286,1.0,0.962962962962963,0.6923076923076923,14,0.9285714285714286,1.0,0.962962962962963,0.6923076923076923,14,1.0,1.0,1.0,1.0,13
12131,13,0.8125,1.0,0.896551724137931,0.5384615384615384,16,0.8125,1.0,0.896551724137931,0.5384615384615384,16,1.0,1.0,1.0,1.0,13
16898,10,1.0,1.0,1.0,0.7,10,1.0,1.0,1.0,0.7,10,1.0,1.0,1.0,1.0,10
8552,16,0.8421052631578947,1.0,0.9142857142857143,0.75,19,0.8421052631578947,1.0,0.9142857142857143,0.75,19,1.0,1.0,1.0,1.0,16
9424,13,0.9285714285714286,1.0,0.962962962962963,0.7692307692307693,14,0.9285714285714286,1.0,0.962962962962963,0.7692307692307693,14,1.0,1.0,1.0,1.0,13
10472,6,0.8571428571428571,1.0,0.923076923076923,0.5,7,0.8571428571428571,1.0,0.923076923076923,0.5,7,1.0,1.0,1.0,1.0,6
6777,5,1.0,1.0,1.0,0.6,5,1.0,1.0,1.0,0.6,5,1.0,1.0,1.0,1.0,5
4478,11,1.0,1.0,1.0,0.8181818181818182,11,1.0,1.0,1.0,0.8181818181818182,11,1.0,1.0,1.0,1.0,11
16259,5,1.0,1.0,1.0,0.6,5,1.0,1.0,1.0,0.6,5,1.0,1.0,1.0,1.0,5
14124,7,1.0,1.0,1.0,0.5714285714285714,7,1.0,1.0,1.0,0.5714285714285714,7,1.0,1.0,1.0,1.0,7
9690,13,0.9285714285714286,1.0,0.962962962962963,0.5384615384615384,14,0.9285714285714286,1.0,0.962962962962963,0.5384615384615384,14,1.0,1.0,1.0,1.0,13
9007,12,0.8,1.0,0.888888888888889,0.75,15,0.8,1.0,0.888888888888889,0.75,15,1.0,1.0,1.0,1.0,12
12698,11,0.5789473684210527,1.0,0.7333333333333334,0.6363636363636364,19,0.5789473684210527,1.0,0.7333333333333334,0.6363636363636364,19,1.0,1.0,1.0,1.0,11
13771,13,0.9285714285714286,1.0,0.962962962962963,0.6153846153846154,14,0.9285714285714286,1.0,0.962962962962963,0.6153846153846154,14,1.0,1.0,1.0,1.0,13
1369,8,0.8,1.0,0.888888888888889,1.0,10,0.8,1.0,0.888888888888889,1.0,10,1.0,1.0,1.0,1.0,8
10919,13,0.9285714285714286,1.0,0.962962962962963,0.6153846153846154,14,0.9285714285714286,1.0,0.962962962962963,0.6153846153846154,14,1.0,1.0,1.0,1.0,13
15718,11,1.0,1.0,1.0,0.7272727272727273,11,1.0,1.0,1.0,0.7272727272727273,11,1.0,1.0,1.0,1.0,11
1396,16,0.9411764705882353,1.0,0.9696969696969697,0.5625,17,0.9411764705882353,1.0,0.9696969696969697,0.5625,17,1.0,1.0,1.0,1.0,16
5873,10,1.0,1.0,1.0,0.8,10,1.0,1.0,1.0,0.8,10,1.0,1.0,1.0,1.0,10
17062,11,0.9166666666666666,1.0,0.9565217391304348,0.7272727272727273,12,0.9166666666666666,1.0,0.9565217391304348,0.7272727272727273,12,1.0,1.0,1.0,1.0,11
11263,14,0.8235294117647058,1.0,0.9032258064516129,0.5714285714285714,17,0.8235294117647058,1.0,0.9032258064516129,0.5714285714285714,17,1.0,1.0,1.0,1.0,14
2839,15,1.0,1.0,1.0,0.7333333333333333,15,1.0,1.0,1.0,0.7333333333333333,15,1.0,1.0,1.0,1.0,15
7764,16,0.9411764705882353,1.0,0.9696969696969697,0.8125,17,0.9411764705882353,1.0,0.9696969696969697,0.8125,17,1.0,1.0,1.0,1.0,16
16785,10,0.8333333333333334,1.0,0.9090909090909091,0.7,12,0.8333333333333334,1.0,0.9090909090909091,0.7,12,1.0,1.0,1.0,1.0,10
1805,9,0.9,1.0,0.9473684210526316,0.5555555555555556,10,0.9,1.0,0.9473684210526316,0.5555555555555556,10,1.0,1.0,1.0,1.0,9
13337,8,1.0,1.0,1.0,0.625,8,1.0,1.0,1.0,0.625,8,1.0,1.0,1.0,1.0,8
2950,11,0.9166666666666666,1.0,0.9565217391304348,0.5454545454545454,12,0.9166666666666666,1.0,0.9565217391304348,0.5454545454545454,12,1.0,1.0,1.0,1.0,11
6920,12,0.7142857142857143,0.8333333333333334,0.7692307692307692,0.7,14,0.6666666666666666,1.0,0.8,0.5833333333333334,18,0.8333333333333334,0.8333333333333334,0.8333333333333334,1.0,12
8087,17,0.9444444444444444,1.0,0.9714285714285714,0.6470588235294118,18,0.9444444444444444,1.0,0.9714285714285714,0.6470588235294118,18,1.0,1.0,1.0,1.0,17
6372,7,0.875,1.0,0.9333333333333333,0.7142857142857143,8,0.875,1.0,0.9333333333333333,0.7142857142857143,8,1.0,1.0,1.0,1.0,7
184,9,0.8181818181818182,1.0,0.9,0.5555555555555556,11,0.8181818181818182,1.0,0.9,0.5555555555555556,11,1.0,1.0,1.0,1.0,9
882,17,0.9444444444444444,1.0,0.9714285714285714,0.5882352941176471,18,0.9444444444444444,1.0,0.9714285714285714,0.5882352941176471,18,1.0,1.0,1.0,1.0,17
11047,8,1.0,1.0,1.0,0.625,8,1.0,1.0,1.0,0.625,8,1.0,1.0,1.0,1.0,8
7142,10,1.0,1.0,1.0,0.7,10,1.0,1.0,1.0,0.7,10,1.0,1.0,1.0,1.0,10
2012,17,0.8947368421052632,1.0,0.9444444444444444,0.8235294117647058,19,0.8947368421052632,1.0,0.9444444444444444,0.8235294117647058,19,1.0,1.0,1.0,1.0,17
10844,11,0.9166666666666666,1.0,0.9565217391304348,0.6363636363636364,12,0.9166666666666666,1.0,0.9565217391304348,0.6363636363636364,12,1.0,1.0,1.0,1.0,11
8706,10,0.9090909090909091,1.0,0.9523809523809523,0.7,11,0.9090909090909091,1.0,0.9523809523809523,0.7,11,1.0,1.0,1.0,1.0,10
10148,15,0.8823529411764706,1.0,0.9375,0.7333333333333333,17,0.8823529411764706,1.0,0.9375,0.7333333333333333,17,1.0,1.0,1.0,1.0,15
15428,9,1.0,1.0,1.0,0.8888888888888888,9,1.0,1.0,1.0,0.8888888888888888,9,1.0,1.0,1.0,1.0,9
9883,14,0.8235294117647058,1.0,0.9032258064516129,0.7857142857142857,17,0.8235294117647058,1.0,0.9032258064516129,0.7857142857142857,17,1.0,1.0,1.0,1.0,14
2059,9,1.0,1.0,1.0,0.6666666666666666,9,1.0,1.0,1.0,0.6666666666666666,9,1.0,1.0,1.0,1.0,9
359,10,0.9090909090909091,1.0,0.9523809523809523,0.5,11,0.9090909090909091,1.0,0.9523809523809523,0.5,11,1.0,1.0,1.0,1.0,10
7731,17,1.0,1.0,1.0,0.8235294117647058,17,1.0,1.0,1.0,0.8235294117647058,17,1.0,1.0,1.0,1.0,17
11349,7,1.0,1.0,1.0,0.5714285714285714,7,1.0,1.0,1.0,0.5714285714285714,7,1.0,1.0,1.0,1.0,7
4636,11,0.7333333333333333,1.0,0.846153846153846,0.5454545454545454,15,0.7333333333333333,1.0,0.846153846153846,0.5454545454545454,15,1.0,1.0,1.0,1.0,11
5692,9,0.9,1.0,0.9473684210526316,0.6666666666666666,10,0.9,1.0,0.9473684210526316,0.6666666666666666,10,1.0,1.0,1.0,1.0,9
7500,12,1.0,1.0,1.0,0.6666666666666666,12,1.0,1.0,1.0,0.6666666666666666,12,1.0,1.0,1.0,1.0,12
7946,13,1.0,1.0,1.0,0.6923076923076923,13,1.0,1.0,1.0,0.6923076923076923,13,1.0,1.0,1.0,1.0,13
5346,6,0.8571428571428571,1.0,0.923076923076923,0.8333333333333334,7,0.8571428571428571,1.0,0.923076923076923,0.8333333333333334,7,1.0,1.0,1.0,1.0,6
11116,10,1.0,1.0,1.0,0.6,10,1.0,1.0,1.0,0.6,10,1.0,1.0,1.0,1.0,10
14181,14,1.0,1.0,1.0,0.7857142857142857,14,1.0,1.0,1.0,0.7857142857142857,14,1.0,1.0,1.0,1.0,14
14663,10,1.0,1.0,1.0,0.9,10,1.0,1.0,1.0,0.9,10,1.0,1.0,1.0,1.0,10
7128,9,0.9,1.0,0.9473684210526316,0.6666666666666666,10,0.9,1.0,0.9473684210526316,0.6666666666666666,10,1.0,1.0,1.0,1.0,9
16981,8,1.0,1.0,1.0,0.625,8,1.0,1.0,1.0,0.625,8,1.0,1.0,1.0,1.0,8
8082,9,0.9,1.0,0.9473684210526316,0.5555555555555556,10,0.9,1.0,0.9473684210526316,0.5555555555555556,10,1.0,1.0,1.0,1.0,9
5219,8,1.0,1.0,1.0,0.625,8,1.0,1.0,1.0,0.625,8,1.0,1.0,1.0,1.0,8
740,10,0.9090909090909091,1.0,0.9523809523809523,0.7,11,0.9090909090909091,1.0,0.9523809523809523,0.7,11,1.0,1.0,1.0,1.0,10
628,8,1.0,1.0,1.0,0.75,8,1.0,1.0,1.0,0.75,8,1.0,1.0,1.0,1.0,8
13782,9,0.8181818181818182,1.0,0.9,0.7777777777777778,11,0.8181818181818182,1.0,0.9,0.7777777777777778,11,1.0,1.0,1.0,1.0,9
16085,8,1.0,1.0,1.0,0.625,8,1.0,1.0,1.0,0.625,8,1.0,1.0,1.0,1.0,8
13520,14,0.8235294117647058,1.0,0.9032258064516129,0.6428571428571429,17,0.8235294117647058,1.0,0.9032258064516129,0.6428571428571429,17,1.0,1.0,1.0,1.0,14
2053,8,1.0,1.0,1.0,0.625,8,1.0,1.0,1.0,0.625,8,1.0,1.0,1.0,1.0,8
11972,13,1.0,1.0,1.0,0.7692307692307693,13,1.0,1.0,1.0,0.7692307692307693,13,1.0,1.0,1.0,1.0,13
1652,14,1.0,1.0,1.0,0.8571428571428571,14,1.0,1.0,1.0,0.8571428571428571,14,1.0,1.0,1.0,1.0,14
13541,6,0.8571428571428571,1.0,0.923076923076923,0.5,7,0.8571428571428571,1.0,0.923076923076923,0.5,7,1.0,1.0,1.0,1.0,6
1696,7,1.0,1.0,1.0,0.8571428571428571,7,1.0,1.0,1.0,0.8571428571428571,7,1.0,1.0,1.0,1.0,7
4269,11,0.8461538461538461,1.0,0.9166666666666666,0.7272727272727273,13,0.8461538461538461,1.0,0.9166666666666666,0.7272727272727273,13,1.0,1.0,1.0,1.0,11
15788,11,0.9166666666666666,1.0,0.9565217391304348,0.8181818181818182,12,0.9166666666666666,1.0,0.9565217391304348,0.8181818181818182,12,1.0,1.0,1.0,1.0,11
4676,9,1.0,1.0,1.0,0.4444444444444444,9,1.0,1.0,1.0,0.4444444444444444,9,1.0,1.0,1.0,1.0,9
2570,14,0.8235294117647058,1.0,0.9032258064516129,0.6428571428571429,17,0.8235294117647058,1.0,0.9032258064516129,0.6428571428571429,17,1.0,1.0,1.0,1.0,14
7058,6,0.8571428571428571,1.0,0.923076923076923,0.5,7,0.8571428571428571,1.0,0.923076923076923,0.5,7,1.0,1.0,1.0,1.0,6
11553,8,1.0,1.0,1.0,0.625,8,1.0,1.0,1.0,0.625,8,1.0,1.0,1.0,1.0,8
2906,14,1.0,1.0,1.0,0.6428571428571429,14,1.0,1.0,1.0,0.6428571428571429,14,1.0,1.0,1.0,1.0,14
8185,8,1.0,1.0,1.0,0.625,8,1.0,1.0,1.0,0.625,8,1.0,1.0,1.0,1.0,8
7502,15,0.8823529411764706,1.0,0.9375,0.9333333333333333,17,0.8823529411764706,1.0,0.9375,0.9333333333333333,17,1.0,1.0,1.0,1.0,15
2983,10,0.9090909090909091,1.0,0.9523809523809523,0.7,11,0.9090909090909091,1.0,0.9523809523809523,0.7,11,1.0,1.0,1.0,1.0,10
2317,16,0.9411764705882353,1.0,0.9696969696969697,0.8125,17,0.9411764705882353,1.0,0.9696969696969697,0.8125,17,1.0,1.0,1.0,1.0,16
8222,15,0.9375,1.0,0.967741935483871,0.4666666666666667,16,0.9375,1.0,0.967741935483871,0.4666666666666667,16,1.0,1.0,1.0,1.0,15
16356,7,0.875,1.0,0.9333333333333333,0.7142857142857143,8,0.875,1.0,0.9333333333333333,0.7142857142857143,8,1.0,1.0,1.0,1.0,7
10854,8,0.6153846153846154,1.0,0.761904761904762,0.625,13,0.6153846153846154,1.0,0.761904761904762,0.625,13,1.0,1.0,1.0,1.0,8
4632,9,1.0,1.0,1.0,0.6666666666666666,9,1.0,1.0,1.0,0.6666666666666666,9,1.0,1.0,1.0,1.0,9
11438,9,0.75,1.0,0.8571428571428571,0.6666666666666666,12,0.75,1.0,0.8571428571428571,0.6666666666666666,12,1.0,1.0,1.0,1.0,9
12008,10,0.9090909090909091,1.0,0.9523809523809523,0.7,11,0.9090909090909091,1.0,0.9523809523809523,0.7,11,1.0,1.0,1.0,1.0,10
944,11,1.0,1.0,1.0,0.6363636363636364,11,1.0,1.0,1.0,0.6363636363636364,11,1.0,1.0,1.0,1.0,11
2554,10,1.0,1.0,1.0,0.6,10,1.0,1.0,1.0,0.6,10,1.0,1.0,1.0,1.0,10
5808,6,0.8571428571428571,1.0,0.923076923076923,0.8333333333333334,7,0.8571428571428571,1.0,0.923076923076923,0.8333333333333334,7,1.0,1.0,1.0,1.0,6
9537,10,0.7142857142857143,1.0,0.8333333333333333,0.7,14,0.7142857142857143,1.0,0.8333333333333333,0.7,14,1.0,1.0,1.0,1.0,10
10263,11,0.6875,1.0,0.8148148148148148,0.7272727272727273,16,0.6875,1.0,0.8148148148148148,0.7272727272727273,16,1.0,1.0,1.0,1.0,11
10763,8,1.0,1.0,1.0,0.625,8,1.0,1.0,1.0,0.625,8,1.0,1.0,1.0,1.0,8
9325,8,1.0,1.0,1.0,0.625,8,1.0,1.0,1.0,0.625,8,1.0,1.0,1.0,1.0,8
14134,13,1.0,1.0,1.0,0.6153846153846154,13,1.0,1.0,1.0,0.6153846153846154,13,1.0,1.0,1.0,1.0,13
3272,7,1.0,1.0,1.0,0.7142857142857143,7,1.0,1.0,1.0,0.7142857142857143,7,1.0,1.0,1.0,1.0,7
11819,6,1.0,1.0,1.0,0.6666666666666666,6,1.0,1.0,1.0,0.6666666666666666,6,1.0,1.0,1.0,1.0,6
9758,13,0.8125,1.0,0.896551724137931,0.6923076923076923,16,0.8125,1.0,0.896551724137931,0.6923076923076923,16,1.0,1.0,1.0,1.0,13
13096,9,1.0,1.0,1.0,0.7777777777777778,9,1.0,1.0,1.0,0.7777777777777778,9,1.0,1.0,1.0,1.0,9
11720,6,0.8571428571428571,1.0,0.923076923076923,0.6666666666666666,7,0.8571428571428571,1.0,0.923076923076923,0.6666666666666666,7,1.0,0.8333333333333334,0.9090909090909091,1.0,5
10963,13,0.7222222222222222,1.0,0.8387096774193548,0.6153846153846154,18,0.7222222222222222,1.0,0.8387096774193548,0.6153846153846154,18,1.0,1.0,1.0,1.0,13
9878,10,0.7692307692307693,1.0,0.8695652173913044,0.6,13,0.7692307692307693,1.0,0.8695652173913044,0.6,13,1.0,1.0,1.0,1.0,10
16083,8,1.0,1.0,1.0,0.625,8,1.0,1.0,1.0,0.625,8,1.0,1.0,1.0,1.0,8
4026,10,0.9090909090909091,1.0,0.9523809523809523,0.8,11,0.9090909090909091,1.0,0.9523809523809523,0.8,11,1.0,1.0,1.0,1.0,10
9283,11,0.7857142857142857,1.0,0.88,0.8181818181818182,14,0.7857142857142857,1.0,0.88,0.8181818181818182,14,1.0,1.0,1.0,1.0,11
14989,13,0.65,1.0,0.787878787878788,0.8461538461538461,20,0.65,1.0,0.787878787878788,0.8461538461538461,20,1.0,1.0,1.0,1.0,13
3905,11,1.0,1.0,1.0,0.45454545454545453,11,1.0,1.0,1.0,0.45454545454545453,11,1.0,1.0,1.0,1.0,11
3203,11,1.0,1.0,1.0,0.7272727272727273,11,1.0,1.0,1.0,0.7272727272727273,11,1.0,1.0,1.0,1.0,11
15294,12,0.8571428571428571,1.0,0.923076923076923,0.6666666666666666,14,0.8571428571428571,1.0,0.923076923076923,0.6666666666666666,14,1.0,1.0,1.0,1.0,12
1838,15,0.9375,1.0,0.967741935483871,0.5333333333333333,16,0.9375,1.0,0.967741935483871,0.5333333333333333,16,1.0,1.0,1.0,1.0,15
10559,8,0.8,1.0,0.888888888888889,0.625,10,0.8,1.0,0.888888888888889,0.625,10,1.0,1.0,1.0,1.0,8
16590,14,0.8235294117647058,1.0,0.9032258064516129,0.7142857142857143,17,0.8235294117647058,1.0,0.9032258064516129,0.7142857142857143,17,1.0,1.0,1.0,1.0,14
10822,8,0.7272727272727273,1.0,0.8421052631578948,0.75,11,0.7272727272727273,1.0,0.8421052631578948,0.75,11,1.0,1.0,1.0,1.0,8
10116,14,0.9333333333333333,1.0,0.9655172413793104,0.8571428571428571,15,0.9333333333333333,1.0,0.9655172413793104,0.8571428571428571,15,1.0,1.0,1.0,1.0,14
5137,16,0.6956521739130435,1.0,0.8205128205128205,0.75,23,0.6956521739130435,1.0,0.8205128205128205,0.75,23,1.0,1.0,1.0,1.0,16
11895,10,0.9090909090909091,1.0,0.9523809523809523,0.7,11,0.9090909090909091,1.0,0.9523809523809523,0.7,11,1.0,1.0,1.0,1.0,10
8427,12,0.7058823529411765,1.0,0.8275862068965517,0.5833333333333334,17,0.7058823529411765,1.0,0.8275862068965517,0.5833333333333334,17,1.0,1.0,1.0,1.0,12
15552,11,0.8461538461538461,1.0,0.9166666666666666,0.45454545454545453,13,0.8461538461538461,1.0,0.9166666666666666,0.45454545454545453,13,1.0,1.0,1.0,1.0,11
12354,8,1.0,1.0,1.0,0.625,8,1.0,1.0,1.0,0.625,8,1.0,1.0,1.0,1.0,8
8893,8,1.0,1.0,1.0,0.75,8,1.0,1.0,1.0,0.75,8,1.0,1.0,1.0,1.0,8
11018,12,0.7058823529411765,1.0,0.8275862068965517,0.6666666666666666,17,0.6666666666666666,1.0,0.8,0.6666666666666666,18,1.0,1.0,1.0,1.0,12
370,9,1.0,1.0,1.0,0.6666666666666666,9,1.0,1.0,1.0,0.6666666666666666,9,1.0,1.0,1.0,1.0,9
13687,8,1.0,1.0,1.0,0.75,8,1.0,1.0,1.0,0.75,8,1.0,1.0,1.0,1.0,8
6899,10,0.9090909090909091,1.0,0.9523809523809523,0.9,11,0.9090909090909091,1.0,0.9523809523809523,0.9,11,1.0,1.0,1.0,1.0,10
2087,9,0.8181818181818182,1.0,0.9,0.5555555555555556,11,0.8181818181818182,1.0,0.9,0.6666666666666666,11,1.0,1.0,1.0,1.0,9
4697,10,0.9090909090909091,1.0,0.9523809523809523,0.6,11,0.9090909090909091,1.0,0.9523809523809523,0.6,11,1.0,1.0,1.0,1.0,10
8983,12,1.0,1.0,1.0,0.75,12,1.0,1.0,1.0,0.75,12,1.0,1.0,1.0,1.0,12
1450,8,1.0,1.0,1.0,0.625,8,1.0,1.0,1.0,0.625,8,1.0,1.0,1.0,1.0,8
12269,20,0.9523809523809523,1.0,0.975609756097561,0.7,21,0.9523809523809523,1.0,0.975609756097561,0.7,21,1.0,1.0,1.0,0.95,20
13489,12,0.9230769230769231,1.0,0.9600000000000001,0.75,13,0.9230769230769231,1.0,0.9600000000000001,0.75,13,1.0,1.0,1.0,1.0,12
8413,19,0.8636363636363636,1.0,0.9268292682926829,0.7368421052631579,22,0.8636363636363636,1.0,0.9268292682926829,0.7368421052631579,22,1.0,1.0,1.0,1.0,19
16636,11,0.6875,1.0,0.8148148148148148,0.7272727272727273,16,0.6875,1.0,0.8148148148148148,0.7272727272727273,16,1.0,0.9090909090909091,0.9523809523809523,1.0,10
3760,6,1.0,1.0,1.0,0.8333333333333334,6,1.0,1.0,1.0,0.8333333333333334,6,1.0,1.0,1.0,1.0,6
10333,6,1.0,1.0,1.0,1.0,6,1.0,1.0,1.0,1.0,6,1.0,1.0,1.0,1.0,6
7917,18,0.9473684210526315,1.0,0.972972972972973,0.7222222222222222,19,0.9473684210526315,1.0,0.972972972972973,0.7222222222222222,19,1.0,1.0,1.0,1.0,18
13566,11,1.0,1.0,1.0,0.5454545454545454,11,1.0,1.0,1.0,0.5454545454545454,11,1.0,1.0,1.0,1.0,11
1034,14,0.875,1.0,0.9333333333333333,0.7857142857142857,16,0.875,1.0,0.9333333333333333,0.7857142857142857,16,1.0,1.0,1.0,1.0,14
6669,9,1.0,1.0,1.0,0.6666666666666666,9,1.0,1.0,1.0,0.6666666666666666,9,1.0,1.0,1.0,1.0,9
14752,13,0.8666666666666667,1.0,0.9285714285714286,0.7692307692307693,15,0.8666666666666667,1.0,0.9285714285714286,0.7692307692307693,15,1.0,1.0,1.0,1.0,13
14095,9,1.0,1.0,1.0,0.5555555555555556,9,1.0,1.0,1.0,0.5555555555555556,9,1.0,1.0,1.0,1.0,9
4229,7,0.7777777777777778,1.0,0.8750000000000001,0.7142857142857143,9,0.7777777777777778,1.0,0.8750000000000001,0.7142857142857143,9,1.0,1.0,1.0,1.0,7
11128,15,1.0,1.0,1.0,0.8666666666666667,15,1.0,1.0,1.0,0.8,15,1.0,1.0,1.0,1.0,15
11800,9,0.9,1.0,0.9473684210526316,0.6666666666666666,10,0.9,1.0,0.9473684210526316,0.6666666666666666,10,1.0,1.0,1.0,1.0,9
12469,22,0.7857142857142857,1.0,0.88,0.6818181818181818,28,0.7857142857142857,1.0,0.88,0.6818181818181818,28,1.0,1.0,1.0,1.0,22
14123,6,0.8571428571428571,1.0,0.923076923076923,0.5,7,0.8571428571428571,1.0,0.923076923076923,0.5,7,1.0,1.0,1.0,1.0,6
158,8,1.0,1.0,1.0,0.75,8,1.0,1.0,1.0,0.75,8,1.0,1.0,1.0,1.0,8
1782,17,0.8947368421052632,1.0,0.9444444444444444,0.7058823529411765,19,0.8947368421052632,1.0,0.9444444444444444,0.7058823529411765,19,1.0,0.8823529411764706,0.9375,1.0,15
2432,14,0.875,1.0,0.9333333333333333,0.9285714285714286,16,0.875,1.0,0.9333333333333333,0.9285714285714286,16,1.0,1.0,1.0,1.0,14
2399,16,0.7619047619047619,1.0,0.8648648648648648,0.8125,21,0.7619047619047619,1.0,0.8648648648648648,0.8125,21,1.0,1.0,1.0,1.0,16
5935,13,0.9285714285714286,1.0,0.962962962962963,0.8461538461538461,14,0.9285714285714286,1.0,0.962962962962963,0.8461538461538461,14,1.0,1.0,1.0,1.0,13
8131,15,0.8823529411764706,1.0,0.9375,0.6666666666666666,17,0.8823529411764706,1.0,0.9375,0.6666666666666666,17,1.0,1.0,1.0,1.0,15
4499,10,1.0,1.0,1.0,0.8,10,1.0,1.0,1.0,0.8,10,1.0,1.0,1.0,1.0,10
16887,13,0.7647058823529411,1.0,0.8666666666666666,0.5384615384615384,17,0.7647058823529411,1.0,0.8666666666666666,0.5384615384615384,17,1.0,1.0,1.0,1.0,13
1554,9,1.0,1.0,1.0,0.5555555555555556,9,1.0,1.0,1.0,0.5555555555555556,9,1.0,1.0,1.0,1.0,9
12344,8,1.0,1.0,1.0,0.625,8,1.0,1.0,1.0,0.625,8,1.0,1.0,1.0,1.0,8
16627,10,0.9090909090909091,1.0,0.9523809523809523,0.7,11,0.9090909090909091,1.0,0.9523809523809523,0.7,11,1.0,1.0,1.0,1.0,10
574,24,0.8275862068965517,1.0,0.9056603773584906,0.75,29,0.8275862068965517,1.0,0.9056603773584906,0.75,29,1.0,1.0,1.0,1.0,24
13482,10,1.0,1.0,1.0,0.5,10,1.0,1.0,1.0,0.5,10,1.0,1.0,1.0,1.0,10
1919,10,1.0,1.0,1.0,0.6,10,1.0,1.0,1.0,0.6,10,1.0,1.0,1.0,1.0,10
10961,10,0.8333333333333334,1.0,0.9090909090909091,0.6,12,0.8333333333333334,1.0,0.9090909090909091,0.6,12,1.0,1.0,1.0,1.0,10
5803,10,1.0,1.0,1.0,0.6,10,1.0,1.0,1.0,0.6,10,1.0,1.0,1.0,1.0,10
9178,7,0.875,1.0,0.9333333333333333,0.5714285714285714,8,0.875,1.0,0.9333333333333333,0.5714285714285714,8,1.0,1.0,1.0,1.0,7
12796,10,0.7692307692307693,1.0,0.8695652173913044,0.8,13,0.7692307692307693,1.0,0.8695652173913044,0.8,13,1.0,1.0,1.0,1.0,10
13708,8,1.0,1.0,1.0,0.625,8,1.0,1.0,1.0,0.625,8,1.0,1.0,1.0,1.0,8
10883,12,0.9230769230769231,1.0,0.9600000000000001,0.8333333333333334,13,0.9230769230769231,1.0,0.9600000000000001,0.8333333333333334,13,1.0,1.0,1.0,1.0,12
8634,13,0.8666666666666667,1.0,0.9285714285714286,0.6153846153846154,15,0.8666666666666667,1.0,0.9285714285714286,0.6153846153846154,15,1.0,1.0,1.0,1.0,13
7306,9,1.0,1.0,1.0,0.8888888888888888,9,1.0,1.0,1.0,0.8888888888888888,9,1.0,1.0,1.0,1.0,9
15563,16,1.0,1.0,1.0,0.625,16,1.0,1.0,1.0,0.625,16,1.0,1.0,1.0,1.0,16
13692,11,0.8461538461538461,1.0,0.9166666666666666,0.7272727272727273,13,0.8461538461538461,1.0,0.9166666666666666,0.7272727272727273,13,1.0,1.0,1.0,1.0,11
13059,10,0.9090909090909091,1.0,0.9523809523809523,0.5,11,0.9090909090909091,1.0,0.9523809523809523,0.5,11,1.0,1.0,1.0,1.0,10
6771,15,0.9333333333333333,0.9333333333333333,0.9333333333333333,0.5714285714285714,15,0.8333333333333334,1.0,0.9090909090909091,0.6,18,1.0,1.0,1.0,1.0,15
14202,10,0.625,1.0,0.7692307692307693,1.0,16,0.625,1.0,0.7692307692307693,1.0,16,1.0,1.0,1.0,1.0,10
5375,9,0.8181818181818182,1.0,0.9,0.5555555555555556,11,0.9,1.0,0.9473684210526316,0.5555555555555556,10,1.0,1.0,1.0,1.0,9
79,11,1.0,1.0,1.0,0.5454545454545454,11,1.0,1.0,1.0,0.5454545454545454,11,1.0,1.0,1.0,1.0,11
15800,8,0.8,1.0,0.888888888888889,0.75,10,0.8,1.0,0.888888888888889,0.75,10,1.0,1.0,1.0,1.0,8
10299,13,0.65,1.0,0.787878787878788,0.6923076923076923,20,0.6842105263157895,1.0,0.8125000000000001,0.6923076923076923,19,1.0,1.0,1.0,1.0,13
15236,7,0.7777777777777778,1.0,0.8750000000000001,0.5714285714285714,9,0.7777777777777778,1.0,0.8750000000000001,0.5714285714285714,9,1.0,1.0,1.0,1.0,7
3059,16,0.8421052631578947,1.0,0.9142857142857143,0.75,19,0.8421052631578947,1.0,0.9142857142857143,0.75,19,1.0,1.0,1.0,1.0,16
4079,12,0.9230769230769231,1.0,0.9600000000000001,0.6666666666666666,13,0.9230769230769231,1.0,0.9600000000000001,0.6666666666666666,13,1.0,1.0,1.0,1.0,12
1655,5,0.8333333333333334,1.0,0.9090909090909091,0.6,6,0.8333333333333334,1.0,0.9090909090909091,0.6,6,1.0,1.0,1.0,1.0,5
5176,15,0.75,1.0,0.8571428571428571,0.6666666666666666,20,0.75,1.0,0.8571428571428571,0.6666666666666666,20,1.0,0.9333333333333333,0.9655172413793104,1.0,14
9713,10,0.9090909090909091,1.0,0.9523809523809523,0.6,11,0.9090909090909091,1.0,0.9523809523809523,0.6,11,1.0,1.0,1.0,1.0,10
12745,10,1.0,1.0,1.0,0.7,10,1.0,1.0,1.0,0.7,10,1.0,1.0,1.0,1.0,10
603,10,0.9090909090909091,1.0,0.9523809523809523,0.8,11,0.9090909090909091,1.0,0.9523809523809523,0.8,11,1.0,1.0,1.0,1.0,10
1392,16,1.0,1.0,1.0,0.75,16,1.0,1.0,1.0,0.75,16,1.0,1.0,1.0,1.0,16
9598,15,0.9375,1.0,0.967741935483871,0.7333333333333333,16,0.9375,1.0,0.967741935483871,0.7333333333333333,16,1.0,1.0,1.0,1.0,15
6950,10,0.8333333333333334,1.0,0.9090909090909091,0.8,12,0.8333333333333334,1.0,0.9090909090909091,0.8,12,1.0,1.0,1.0,1.0,10
361,12,1.0,1.0,1.0,0.6666666666666666,12,1.0,1.0,1.0,0.6666666666666666,12,1.0,1.0,1.0,1.0,12
10605,11,1.0,1.0,1.0,0.7272727272727273,11,1.0,1.0,1.0,0.7272727272727273,11,1.0,1.0,1.0,1.0,11
12156,8,1.0,1.0,1.0,0.625,8,1.0,1.0,1.0,0.625,8,1.0,1.0,1.0,1.0,8
2016,10,0.9090909090909091,1.0,0.9523809523809523,0.9,11,0.9090909090909091,1.0,0.9523809523809523,0.9,11,1.0,1.0,1.0,1.0,10
535,9,0.9,1.0,0.9473684210526316,0.6666666666666666,10,0.9,1.0,0.9473684210526316,0.6666666666666666,10,1.0,1.0,1.0,1.0,9
1238,10,1.0,1.0,1.0,0.6,10,1.0,1.0,1.0,0.6,10,1.0,1.0,1.0,1.0,10
12157,15,0.7894736842105263,1.0,0.8823529411764706,0.8,19,0.7894736842105263,1.0,0.8823529411764706,0.8,19,1.0,1.0,1.0,1.0,15
2821,8,1.0,1.0,1.0,0.5,8,1.0,1.0,1.0,0.5,8,1.0,1.0,1.0,1.0,8
1221,30,0.7894736842105263,1.0,0.8823529411764706,0.7333333333333333,38,0.8108108108108109,1.0,0.8955223880597014,0.7333333333333333,37,1.0,0.9666666666666667,0.983050847457627,1.0,29
2509,8,1.0,1.0,1.0,0.625,8,1.0,1.0,1.0,0.625,8,1.0,1.0,1.0,1.0,8
611,10,0.9090909090909091,1.0,0.9523809523809523,0.6,11,0.9090909090909091,1.0,0.9523809523809523,0.6,11,1.0,1.0,1.0,1.0,10
9226,15,1.0,0.9333333333333333,0.9655172413793104,0.5714285714285714,14,0.9375,1.0,0.967741935483871,0.6,16,1.0,0.9333333333333333,0.9655172413793104,1.0,14
6448,15,0.7894736842105263,1.0,0.8823529411764706,0.4666666666666667,19,0.7894736842105263,1.0,0.8823529411764706,0.4666666666666667,19,1.0,0.8666666666666667,0.9285714285714286,1.0,13
4665,8,0.8,1.0,0.888888888888889,0.5,10,0.8,1.0,0.888888888888889,0.5,10,1.0,1.0,1.0,1.0,8
6596,11,0.9166666666666666,1.0,0.9565217391304348,0.6363636363636364,12,0.9166666666666666,1.0,0.9565217391304348,0.6363636363636364,12,1.0,1.0,1.0,1.0,11
8577,22,0.9090909090909091,0.9090909090909091,0.9090909090909091,0.7,22,0.88,1.0,0.9361702127659575,0.6363636363636364,25,1.0,0.9090909090909091,0.9523809523809523,1.0,20
9302,15,0.9375,1.0,0.967741935483871,0.7333333333333333,16,0.9375,1.0,0.967741935483871,0.7333333333333333,16,1.0,1.0,1.0,1.0,15
7694,9,1.0,1.0,1.0,0.7777777777777778,9,1.0,1.0,1.0,0.7777777777777778,9,1.0,1.0,1.0,1.0,9
16485,17,1.0,1.0,1.0,0.7647058823529411,17,1.0,1.0,1.0,0.8235294117647058,17,1.0,1.0,1.0,1.0,17
15210,14,0.875,1.0,0.9333333333333333,0.8571428571428571,16,0.875,1.0,0.9333333333333333,0.8571428571428571,16,1.0,1.0,1.0,1.0,14
10,13,1.0,1.0,1.0,0.7692307692307693,13,1.0,1.0,1.0,0.7692307692307693,13,1.0,1.0,1.0,1.0,13
14842,9,0.75,1.0,0.8571428571428571,0.5555555555555556,12,0.75,1.0,0.8571428571428571,0.5555555555555556,12,1.0,1.0,1.0,1.0,9
12035,12,1.0,1.0,1.0,0.6666666666666666,12,1.0,1.0,1.0,0.6666666666666666,12,1.0,1.0,1.0,1.0,12
9653,13,0.9285714285714286,1.0,0.962962962962963,0.5384615384615384,14,0.9285714285714286,1.0,0.962962962962963,0.5384615384615384,14,1.0,1.0,1.0,1.0,13
5880,9,1.0,1.0,1.0,0.6666666666666666,9,1.0,1.0,1.0,0.6666666666666666,9,1.0,1.0,1.0,1.0,9
3438,9,0.6923076923076923,1.0,0.8181818181818181,1.0,13,0.6923076923076923,1.0,0.8181818181818181,1.0,13,1.0,1.0,1.0,1.0,9
16014,9,0.8181818181818182,1.0,0.9,0.5555555555555556,11,0.8181818181818182,1.0,0.9,0.5555555555555556,11,1.0,1.0,1.0,1.0,9
7641,8,1.0,1.0,1.0,0.75,8,1.0,1.0,1.0,0.75,8,1.0,1.0,1.0,1.0,8
5082,17,0.85,1.0,0.9189189189189189,0.8235294117647058,20,0.85,1.0,0.9189189189189189,0.8235294117647058,20,1.0,1.0,1.0,1.0,17
13717,8,1.0,1.0,1.0,0.625,8,1.0,1.0,1.0,0.625,8,1.0,1.0,1.0,1.0,8
12917,8,1.0,1.0,1.0,0.625,8,1.0,1.0,1.0,0.625,8,1.0,1.0,1.0,1.0,8
16004,12,1.0,1.0,1.0,0.5,12,1.0,1.0,1.0,0.5,12,1.0,1.0,1.0,1.0,12
26,12,1.0,1.0,1.0,0.6666666666666666,12,1.0,1.0,1.0,0.6666666666666666,12,1.0,1.0,1.0,1.0,12
7199,20,0.9090909090909091,1.0,0.9523809523809523,0.7,22,0.9090909090909091,1.0,0.9523809523809523,0.7,22,1.0,1.0,1.0,1.0,20
15283,10,1.0,1.0,1.0,0.8,10,1.0,1.0,1.0,0.8,10,1.0,1.0,1.0,1.0,10
16564,13,1.0,1.0,1.0,0.5384615384615384,13,1.0,1.0,1.0,0.5384615384615384,13,1.0,1.0,1.0,1.0,13
11099,8,1.0,1.0,1.0,0.625,8,1.0,1.0,1.0,0.625,8,1.0,1.0,1.0,1.0,8
12164,10,0.8333333333333334,1.0,0.9090909090909091,0.8,12,0.8333333333333334,1.0,0.9090909090909091,0.8,12,1.0,1.0,1.0,1.0,10
15845,10,1.0,1.0,1.0,0.7,10,1.0,1.0,1.0,0.7,10,1.0,1.0,1.0,1.0,10
9558,6,0.8571428571428571,1.0,0.923076923076923,0.5,7,0.8571428571428571,1.0,0.923076923076923,0.5,7,1.0,1.0,1.0,1.0,6
2447,13,1.0,1.0,1.0,0.7692307692307693,13,1.0,1.0,1.0,0.7692307692307693,13,1.0,1.0,1.0,1.0,13
5973,14,0.9333333333333333,1.0,0.9655172413793104,0.7857142857142857,15,0.9333333333333333,1.0,0.9655172413793104,0.7857142857142857,15,1.0,1.0,1.0,1.0,14
10339,11,1.0,1.0,1.0,0.8181818181818182,11,1.0,1.0,1.0,0.8181818181818182,11,1.0,1.0,1.0,1.0,11
6553,16,0.8421052631578947,1.0,0.9142857142857143,0.6875,19,0.8421052631578947,1.0,0.9142857142857143,0.6875,19,1.0,1.0,1.0,1.0,16
9038,16,0.9411764705882353,1.0,0.9696969696969697,0.6875,17,0.9411764705882353,1.0,0.9696969696969697,0.6875,17,1.0,1.0,1.0,1.0,16
921,14,1.0,1.0,1.0,0.7857142857142857,14,1.0,1.0,1.0,0.8571428571428571,14,1.0,1.0,1.0,1.0,14
4479,10,1.0,1.0,1.0,0.7,10,1.0,1.0,1.0,0.7,10,1.0,1.0,1.0,1.0,10
11683,14,0.9333333333333333,1.0,0.9655172413793104,0.5714285714285714,15,0.9333333333333333,1.0,0.9655172413793104,0.5714285714285714,15,1.0,1.0,1.0,1.0,14
16169,7,0.875,1.0,0.9333333333333333,0.42857142857142855,8,0.875,1.0,0.9333333333333333,0.42857142857142855,8,1.0,1.0,1.0,1.0,7
9685,8,1.0,1.0,1.0,0.625,8,1.0,1.0,1.0,0.625,8,1.0,1.0,1.0,1.0,8
8885,9,0.8181818181818182,1.0,0.9,0.5555555555555556,11,0.8181818181818182,1.0,0.9,0.5555555555555556,11,1.0,1.0,1.0,1.0,9
3793,11,0.9166666666666666,1.0,0.9565217391304348,0.8181818181818182,12,0.9166666666666666,1.0,0.9565217391304348,0.8181818181818182,12,1.0,1.0,1.0,1.0,11
6893,8,1.0,1.0,1.0,0.625,8,1.0,1.0,1.0,0.625,8,1.0,1.0,1.0,1.0,8
3751,15,0.9333333333333333,0.9333333333333333,0.9333333333333333,0.7857142857142857,15,0.8823529411764706,1.0,0.9375,0.7333333333333333,17,0.9333333333333333,0.9333333333333333,0.9333333333333333,1.0,15
7819,11,1.0,1.0,1.0,0.45454545454545453,11,1.0,1.0,1.0,0.45454545454545453,11,1.0,1.0,1.0,1.0,11
15705,12,1.0,1.0,1.0,0.8333333333333334,12,1.0,1.0,1.0,0.8333333333333334,12,1.0,1.0,1.0,1.0,12
6611,10,0.9090909090909091,1.0,0.9523809523809523,0.7,11,0.9090909090909091,1.0,0.9523809523809523,0.7,11,1.0,1.0,1.0,1.0,10
8880,12,0.75,1.0,0.8571428571428571,0.6666666666666666,16,0.75,1.0,0.8571428571428571,0.6666666666666666,16,1.0,1.0,1.0,1.0,12
2430,10,1.0,1.0,1.0,0.9,10,1.0,1.0,1.0,0.9,10,1.0,1.0,1.0,1.0,10
10342,18,0.8333333333333334,0.8333333333333334,0.8333333333333334,0.6666666666666666,18,0.75,1.0,0.8571428571428571,0.6666666666666666,24,1.0,0.8333333333333334,0.9090909090909091,1.0,15
8999,12,1.0,1.0,1.0,0.6666666666666666,12,1.0,1.0,1.0,0.6666666666666666,12,1.0,1.0,1.0,1.0,12
12430,14,0.8235294117647058,1.0,0.9032258064516129,0.7142857142857143,17,0.8235294117647058,1.0,0.9032258064516129,0.7142857142857143,17,1.0,1.0,1.0,1.0,14
10359,14,0.875,1.0,0.9333333333333333,0.5,16,0.875,1.0,0.9333333333333333,0.5,16,1.0,1.0,1.0,1.0,14
13108,11,1.0,1.0,1.0,0.5454545454545454,11,1.0,1.0,1.0,0.5454545454545454,11,1.0,1.0,1.0,1.0,11
4928,10,1.0,1.0,1.0,0.7,10,1.0,1.0,1.0,0.7,10,1.0,1.0,1.0,1.0,10
17,14,0.875,1.0,0.9333333333333333,0.5714285714285714,16,0.875,1.0,0.9333333333333333,0.5714285714285714,16,1.0,1.0,1.0,1.0,14
4280,14,0.9333333333333333,1.0,0.9655172413793104,0.6428571428571429,15,0.9333333333333333,1.0,0.9655172413793104,0.6428571428571429,15,1.0,1.0,1.0,1.0,14
6153,7,0.7777777777777778,1.0,0.8750000000000001,0.8571428571428571,9,0.7777777777777778,1.0,0.8750000000000001,0.8571428571428571,9,1.0,1.0,1.0,1.0,7
12384,14,0.875,1.0,0.9333333333333333,0.5714285714285714,16,0.875,1.0,0.9333333333333333,0.5714285714285714,16,1.0,1.0,1.0,1.0,14
13847,9,0.75,1.0,0.8571428571428571,0.6666666666666666,12,0.75,1.0,0.8571428571428571,0.6666666666666666,12,1.0,1.0,1.0,1.0,9
10194,7,0.7777777777777778,1.0,0.8750000000000001,0.42857142857142855,9,0.7777777777777778,1.0,0.8750000000000001,0.42857142857142855,9,1.0,1.0,1.0,1.0,7
13380,9,1.0,1.0,1.0,0.6666666666666666,9,1.0,1.0,1.0,0.6666666666666666,9,1.0,1.0,1.0,1.0,9
12241,10,0.8333333333333334,1.0,0.9090909090909091,0.8,12,0.8333333333333334,1.0,0.9090909090909091,0.8,12,1.0,1.0,1.0,1.0,10
16544,10,0.9090909090909091,1.0,0.9523809523809523,0.6,11,0.9090909090909091,1.0,0.9523809523809523,0.6,11,1.0,1.0,1.0,1.0,10
7332,6,1.0,1.0,1.0,0.5,6,1.0,1.0,1.0,0.5,6,1.0,1.0,1.0,1.0,6
15756,9,0.9,1.0,0.9473684210526316,0.6666666666666666,10,0.9,1.0,0.9473684210526316,0.6666666666666666,10,1.0,1.0,1.0,1.0,9
14639,11,0.9166666666666666,1.0,0.9565217391304348,0.6363636363636364,12,0.9166666666666666,1.0,0.9565217391304348,0.6363636363636364,12,1.0,1.0,1.0,1.0,11
1401,5,1.0,1.0,1.0,0.8,5,1.0,1.0,1.0,0.8,5,1.0,1.0,1.0,1.0,5
15416,21,0.84,1.0,0.9130434782608696,0.9523809523809523,25,0.84,1.0,0.9130434782608696,0.9523809523809523,25,1.0,1.0,1.0,1.0,21
2205,13,0.8666666666666667,1.0,0.9285714285714286,0.6153846153846154,15,0.8666666666666667,1.0,0.9285714285714286,0.6153846153846154,15,1.0,1.0,1.0,1.0,13
11849,11,1.0,1.0,1.0,0.5454545454545454,11,1.0,1.0,1.0,0.5454545454545454,11,1.0,1.0,1.0,1.0,11
9755,15,0.8333333333333334,1.0,0.9090909090909091,0.8,18,0.8333333333333334,1.0,0.9090909090909091,0.8,18,1.0,1.0,1.0,1.0,15
9940,9,1.0,1.0,1.0,0.6666666666666666,9,1.0,1.0,1.0,0.6666666666666666,9,1.0,1.0,1.0,1.0,9
7479,8,1.0,1.0,1.0,0.625,8,1.0,1.0,1.0,0.625,8,1.0,1.0,1.0,1.0,8
16157,13,0.7647058823529411,1.0,0.8666666666666666,0.6923076923076923,17,0.7647058823529411,1.0,0.8666666666666666,0.6923076923076923,17,1.0,1.0,1.0,1.0,13
7540,12,1.0,1.0,1.0,0.6666666666666666,12,1.0,1.0,1.0,0.6666666666666666,12,1.0,1.0,1.0,1.0,12
2491,15,1.0,1.0,1.0,0.5333333333333333,15,1.0,1.0,1.0,0.5333333333333333,15,1.0,1.0,1.0,1.0,15
1770,15,0.9375,1.0,0.967741935483871,0.7333333333333333,16,0.9375,1.0,0.967741935483871,0.7333333333333333,16,1.0,1.0,1.0,1.0,15
4622,9,1.0,1.0,1.0,0.5555555555555556,9,1.0,1.0,1.0,0.5555555555555556,9,1.0,1.0,1.0,1.0,9
94,15,0.8333333333333334,1.0,0.9090909090909091,0.6666666666666666,18,0.8333333333333334,1.0,0.9090909090909091,0.6666666666666666,18,1.0,1.0,1.0,1.0,15
1905,12,0.75,1.0,0.8571428571428571,0.8333333333333334,16,0.75,1.0,0.8571428571428571,0.8333333333333334,16,1.0,1.0,1.0,1.0,12
910,15,0.8823529411764706,1.0,0.9375,0.7333333333333333,17,0.8823529411764706,1.0,0.9375,0.7333333333333333,17,1.0,1.0,1.0,1.0,15
16127,11,1.0,1.0,1.0,0.5454545454545454,11,1.0,1.0,1.0,0.5454545454545454,11,1.0,1.0,1.0,1.0,11
3704,14,0.9333333333333333,1.0,0.9655172413793104,0.7857142857142857,15,0.9333333333333333,1.0,0.9655172413793104,0.7857142857142857,15,1.0,1.0,1.0,1.0,14
15254,13,0.8666666666666667,1.0,0.9285714285714286,0.6923076923076923,15,0.8666666666666667,1.0,0.9285714285714286,0.6153846153846154,15,1.0,1.0,1.0,1.0,13
13757,13,0.8666666666666667,1.0,0.9285714285714286,0.6153846153846154,15,0.8666666666666667,1.0,0.9285714285714286,0.6153846153846154,15,1.0,0.9230769230769231,0.9600000000000001,1.0,12
7218,6,0.8571428571428571,1.0,0.923076923076923,0.6666666666666666,7,0.8571428571428571,1.0,0.923076923076923,0.6666666666666666,7,1.0,1.0,1.0,1.0,6
16609,13,1.0,1.0,1.0,0.6923076923076923,13,1.0,1.0,1.0,0.6923076923076923,13,1.0,1.0,1.0,1.0,13
15700,15,0.9375,1.0,0.967741935483871,0.6666666666666666,16,0.9375,1.0,0.967741935483871,0.6666666666666666,16,1.0,1.0,1.0,1.0,15
1286,15,0.6818181818181818,1.0,0.8108108108108109,0.8,22,0.6818181818181818,1.0,0.8108108108108109,0.8,22,1.0,1.0,1.0,1.0,15
11452,21,0.7777777777777778,1.0,0.8750000000000001,0.7619047619047619,27,0.7777777777777778,1.0,0.8750000000000001,0.7619047619047619,27,1.0,1.0,1.0,1.0,21
16677,13,1.0,1.0,1.0,0.6923076923076923,13,1.0,1.0,1.0,0.6923076923076923,13,1.0,1.0,1.0,1.0,13
1054,12,0.8,1.0,0.888888888888889,0.9166666666666666,15,0.8,1.0,0.888888888888889,0.9166666666666666,15,1.0,1.0,1.0,1.0,12
16384,15,0.9375,1.0,0.967741935483871,0.6666666666666666,16,0.9375,1.0,0.967741935483871,0.6666666666666666,16,1.0,1.0,1.0,1.0,15
7737,9,1.0,1.0,1.0,0.7777777777777778,9,1.0,1.0,1.0,0.7777777777777778,9,1.0,1.0,1.0,1.0,9
14317,8,0.8,1.0,0.888888888888889,0.75,10,0.8,1.0,0.888888888888889,0.75,10,1.0,1.0,1.0,1.0,8
10979,16,1.0,1.0,1.0,0.75,16,1.0,1.0,1.0,0.75,16,1.0,1.0,1.0,1.0,16
9442,10,0.8333333333333334,1.0,0.9090909090909091,0.8,12,0.8333333333333334,1.0,0.9090909090909091,0.8,12,1.0,1.0,1.0,1.0,10
9474,12,0.9230769230769231,1.0,0.9600000000000001,0.75,13,0.9230769230769231,1.0,0.9600000000000001,0.75,13,1.0,1.0,1.0,1.0,12
9689,18,0.9,1.0,0.9473684210526316,0.5555555555555556,20,0.9,1.0,0.9473684210526316,0.5555555555555556,20,1.0,1.0,1.0,1.0,18
9406,11,0.7857142857142857,1.0,0.88,0.8181818181818182,14,0.7857142857142857,1.0,0.88,0.8181818181818182,14,1.0,1.0,1.0,1.0,11
15710,9,0.9,1.0,0.9473684210526316,0.5555555555555556,10,0.9,1.0,0.9473684210526316,0.5555555555555556,10,1.0,1.0,1.0,1.0,9
2015,9,0.9,1.0,0.9473684210526316,0.5555555555555556,10,0.9,1.0,0.9473684210526316,0.5555555555555556,10,1.0,1.0,1.0,1.0,9
4403,8,0.8888888888888888,1.0,0.9411764705882353,0.875,9,0.8888888888888888,1.0,0.9411764705882353,0.875,9,1.0,1.0,1.0,1.0,8
16740,14,0.7,1.0,0.8235294117647058,0.5714285714285714,20,0.7,1.0,0.8235294117647058,0.5714285714285714,20,1.0,0.9285714285714286,0.962962962962963,1.0,13
1918,12,1.0,1.0,1.0,0.5,12,1.0,1.0,1.0,0.5,12,1.0,1.0,1.0,1.0,12
12406,19,0.9047619047619048,1.0,0.9500000000000001,0.8421052631578947,21,0.9047619047619048,1.0,0.9500000000000001,0.8421052631578947,21,1.0,1.0,1.0,1.0,19
13277,9,1.0,1.0,1.0,0.4444444444444444,9,1.0,1.0,1.0,0.4444444444444444,9,1.0,1.0,1.0,1.0,9
2640,8,0.7777777777777778,0.875,0.823529411764706,0.8571428571428571,9,0.8,1.0,0.888888888888889,0.75,10,1.0,0.875,0.9333333333333333,1.0,7
3898,9,0.9,1.0,0.9473684210526316,0.6666666666666666,10,0.9,1.0,0.9473684210526316,0.6666666666666666,10,1.0,1.0,1.0,1.0,9
9414,12,0.9230769230769231,1.0,0.9600000000000001,0.8333333333333334,13,0.9230769230769231,1.0,0.9600000000000001,0.8333333333333334,13,1.0,1.0,1.0,1.0,12
15107,13,0.9285714285714286,1.0,0.962962962962963,0.8461538461538461,14,0.9285714285714286,1.0,0.962962962962963,0.8461538461538461,14,1.0,1.0,1.0,1.0,13
651,21,0.84,1.0,0.9130434782608696,0.47619047619047616,25,0.84,1.0,0.9130434782608696,0.47619047619047616,25,1.0,1.0,1.0,1.0,21
9675,17,0.7391304347826086,1.0,0.85,0.7058823529411765,23,0.7391304347826086,1.0,0.85,0.7058823529411765,23,1.0,1.0,1.0,1.0,17
3786,21,0.875,1.0,0.9333333333333333,0.5714285714285714,24,0.875,1.0,0.9333333333333333,0.5714285714285714,24,1.0,1.0,1.0,1.0,21
2408,11,1.0,1.0,1.0,0.6363636363636364,11,1.0,1.0,1.0,0.7272727272727273,11,1.0,1.0,1.0,1.0,11
7895,8,1.0,1.0,1.0,0.625,8,1.0,1.0,1.0,0.625,8,1.0,1.0,1.0,1.0,8
907,15,1.0,1.0,1.0,1.0,15,1.0,1.0,1.0,1.0,15,1.0,1.0,1.0,1.0,15
15779,9,0.9,1.0,0.9473684210526316,0.7777777777777778,10,0.9,1.0,0.9473684210526316,0.7777777777777778,10,1.0,1.0,1.0,1.0,9
657,10,0.9090909090909091,1.0,0.9523809523809523,0.6,11,0.9090909090909091,1.0,0.9523809523809523,0.6,11,1.0,1.0,1.0,1.0,10
12976,8,1.0,1.0,1.0,0.5,8,1.0,1.0,1.0,0.5,8,1.0,1.0,1.0,1.0,8
10211,13,0.6842105263157895,1.0,0.8125000000000001,0.6153846153846154,19,0.6842105263157895,1.0,0.8125000000000001,0.6153846153846154,19,1.0,1.0,1.0,1.0,13
2452,18,0.75,1.0,0.8571428571428571,0.7222222222222222,24,0.75,1.0,0.8571428571428571,0.7222222222222222,24,1.0,1.0,1.0,1.0,18
10515,11,0.7857142857142857,1.0,0.88,0.6363636363636364,14,0.7857142857142857,1.0,0.88,0.6363636363636364,14,1.0,1.0,1.0,1.0,11
6243,11,0.7857142857142857,1.0,0.88,0.7272727272727273,14,0.7857142857142857,1.0,0.88,0.7272727272727273,14,1.0,1.0,1.0,1.0,11
8392,17,0.7391304347826086,1.0,0.85,0.8823529411764706,23,0.7391304347826086,1.0,0.85,0.8823529411764706,23,1.0,1.0,1.0,1.0,17
15246,11,1.0,1.0,1.0,0.8181818181818182,11,1.0,1.0,1.0,0.8181818181818182,11,1.0,1.0,1.0,1.0,11
8734,13,0.8125,1.0,0.896551724137931,0.6923076923076923,16,0.8125,1.0,0.896551724137931,0.6923076923076923,16,1.0,1.0,1.0,1.0,13
11603,13,0.8666666666666667,1.0,0.9285714285714286,0.7692307692307693,15,0.8666666666666667,1.0,0.9285714285714286,0.7692307692307693,15,1.0,1.0,1.0,1.0,13
7101,12,1.0,1.0,1.0,0.6666666666666666,12,1.0,1.0,1.0,0.6666666666666666,12,1.0,1.0,1.0,1.0,12
3985,13,0.9285714285714286,1.0,0.962962962962963,0.6153846153846154,14,0.9285714285714286,1.0,0.962962962962963,0.6153846153846154,14,1.0,1.0,1.0,1.0,13
4576,13,0.9285714285714286,1.0,0.962962962962963,0.6923076923076923,14,0.9285714285714286,1.0,0.962962962962963,0.6923076923076923,14,1.0,1.0,1.0,1.0,13
9836,11,1.0,1.0,1.0,0.7272727272727273,11,1.0,1.0,1.0,0.7272727272727273,11,1.0,1.0,1.0,1.0,11
12882,14,1.0,1.0,1.0,0.7142857142857143,14,1.0,1.0,1.0,0.7142857142857143,14,1.0,1.0,1.0,1.0,14
8902,9,0.9,1.0,0.9473684210526316,0.7777777777777778,10,0.9,1.0,0.9473684210526316,0.7777777777777778,10,1.0,1.0,1.0,1.0,9
12509,10,0.8333333333333334,1.0,0.9090909090909091,0.7,12,0.8333333333333334,1.0,0.9090909090909091,0.7,12,1.0,1.0,1.0,1.0,10
9021,12,0.9230769230769231,1.0,0.9600000000000001,0.6666666666666666,13,0.9230769230769231,1.0,0.9600000000000001,0.6666666666666666,13,1.0,1.0,1.0,1.0,12
11864,10,0.8333333333333334,1.0,0.9090909090909091,0.7,12,0.8333333333333334,1.0,0.9090909090909091,0.7,12,1.0,1.0,1.0,1.0,10
10058,9,0.6923076923076923,1.0,0.8181818181818181,0.7777777777777778,13,0.6923076923076923,1.0,0.8181818181818181,0.7777777777777778,13,1.0,1.0,1.0,1.0,9
11415,25,0.8064516129032258,1.0,0.8928571428571428,0.64,31,0.8064516129032258,1.0,0.8928571428571428,0.64,31,1.0,1.0,1.0,1.0,25
8084,9,0.9,1.0,0.9473684210526316,0.7777777777777778,10,0.9,1.0,0.9473684210526316,0.7777777777777778,10,1.0,1.0,1.0,1.0,9
1331,16,0.8,1.0,0.888888888888889,0.6875,20,0.8,1.0,0.888888888888889,0.6875,20,1.0,1.0,1.0,1.0,16
14773,8,0.8,1.0,0.888888888888889,0.625,10,0.8,1.0,0.888888888888889,0.625,10,1.0,1.0,1.0,1.0,8
13214,9,0.9,1.0,0.9473684210526316,0.6666666666666666,10,0.9,1.0,0.9473684210526316,0.6666666666666666,10,1.0,1.0,1.0,1.0,9
15000,17,1.0,1.0,1.0,0.6470588235294118,17,1.0,1.0,1.0,0.6470588235294118,17,1.0,1.0,1.0,1.0,17
10154,8,1.0,1.0,1.0,0.75,8,1.0,1.0,1.0,0.75,8,1.0,1.0,1.0,1.0,8
14596,8,0.8888888888888888,1.0,0.9411764705882353,0.625,9,0.8888888888888888,1.0,0.9411764705882353,0.625,9,1.0,1.0,1.0,1.0,8
11236,13,0.9285714285714286,1.0,0.962962962962963,0.6153846153846154,14,0.9285714285714286,1.0,0.962962962962963,0.6153846153846154,14,1.0,1.0,1.0,1.0,13
13024,9,0.9,1.0,0.9473684210526316,0.8888888888888888,10,0.9,1.0,0.9473684210526316,0.8888888888888888,10,1.0,1.0,1.0,1.0,9
9000,8,0.8888888888888888,1.0,0.9411764705882353,0.75,9,0.8888888888888888,1.0,0.9411764705882353,0.75,9,1.0,1.0,1.0,1.0,8
9760,14,0.9333333333333333,1.0,0.9655172413793104,0.7857142857142857,15,0.9333333333333333,1.0,0.9655172413793104,0.7857142857142857,15,1.0,1.0,1.0,1.0,14
14109,18,0.6428571428571429,1.0,0.782608695652174,0.7222222222222222,28,0.6428571428571429,1.0,0.782608695652174,0.7222222222222222,28,1.0,1.0,1.0,1.0,18
10916,12,0.9230769230769231,1.0,0.9600000000000001,0.6666666666666666,13,0.9230769230769231,1.0,0.9600000000000001,0.6666666666666666,13,1.0,1.0,1.0,1.0,12
7433,10,1.0,1.0,1.0,0.8,10,1.0,1.0,1.0,0.8,10,1.0,1.0,1.0,1.0,10
416,14,1.0,1.0,1.0,0.7857142857142857,14,1.0,1.0,1.0,0.7857142857142857,14,1.0,1.0,1.0,1.0,14
4012,10,0.9090909090909091,1.0,0.9523809523809523,0.7,11,0.9090909090909091,1.0,0.9523809523809523,0.7,11,1.0,1.0,1.0,1.0,10
1227,13,0.9285714285714286,1.0,0.962962962962963,0.6153846153846154,14,0.9285714285714286,1.0,0.962962962962963,0.6153846153846154,14,1.0,1.0,1.0,1.0,13
4607,9,1.0,1.0,1.0,0.7777777777777778,9,1.0,1.0,1.0,0.7777777777777778,9,1.0,1.0,1.0,1.0,9
2725,11,1.0,1.0,1.0,0.6363636363636364,11,1.0,1.0,1.0,0.6363636363636364,11,1.0,1.0,1.0,1.0,11
12911,10,0.9090909090909091,1.0,0.9523809523809523,0.6,11,0.9090909090909091,1.0,0.9523809523809523,0.6,11,1.0,1.0,1.0,1.0,10
9296,16,0.9411764705882353,1.0,0.9696969696969697,0.75,17,0.9411764705882353,1.0,0.9696969696969697,0.75,17,1.0,1.0,1.0,1.0,16
13788,9,0.8181818181818182,1.0,0.9,0.6666666666666666,11,0.8181818181818182,1.0,0.9,0.6666666666666666,11,1.0,1.0,1.0,1.0,9
10473,7,0.875,1.0,0.9333333333333333,0.5714285714285714,8,0.875,1.0,0.9333333333333333,0.5714285714285714,8,1.0,1.0,1.0,1.0,7
16232,10,0.9090909090909091,1.0,0.9523809523809523,0.7,11,0.9090909090909091,1.0,0.9523809523809523,0.7,11,1.0,1.0,1.0,1.0,10
15331,9,1.0,1.0,1.0,0.7777777777777778,9,1.0,1.0,1.0,0.7777777777777778,9,1.0,1.0,1.0,1.0,9
890,13,0.9285714285714286,1.0,0.962962962962963,0.8461538461538461,14,0.9285714285714286,1.0,0.962962962962963,0.8461538461538461,14,1.0,1.0,1.0,1.0,13
1605,9,1.0,1.0,1.0,0.5555555555555556,9,1.0,1.0,1.0,0.5555555555555556,9,1.0,1.0,1.0,1.0,9
6952,11,0.7857142857142857,1.0,0.88,0.7272727272727273,14,0.7857142857142857,1.0,0.88,0.7272727272727273,14,1.0,1.0,1.0,1.0,11
12089,15,0.9375,1.0,0.967741935483871,0.6666666666666666,16,0.9375,1.0,0.967741935483871,0.6666666666666666,16,1.0,1.0,1.0,1.0,15
8940,12,0.7692307692307693,0.8333333333333334,0.8,0.7,13,0.7058823529411765,1.0,0.8275862068965517,0.5833333333333334,17,1.0,0.8333333333333334,0.9090909090909091,1.0,10
7042,6,0.8571428571428571,1.0,0.923076923076923,0.5,7,0.8571428571428571,1.0,0.923076923076923,0.5,7,1.0,1.0,1.0,1.0,6
10936,9,0.8181818181818182,1.0,0.9,0.7777777777777778,11,0.8181818181818182,1.0,0.9,0.7777777777777778,11,1.0,1.0,1.0,1.0,9
8882,8,1.0,1.0,1.0,0.625,8,1.0,1.0,1.0,0.625,8,1.0,1.0,1.0,1.0,8
10667,9,0.9,1.0,0.9473684210526316,0.5555555555555556,10,0.9,1.0,0.9473684210526316,0.5555555555555556,10,1.0,1.0,1.0,1.0,9
6880,14,0.9333333333333333,1.0,0.9655172413793104,0.5714285714285714,15,0.9333333333333333,1.0,0.9655172413793104,0.5714285714285714,15,1.0,1.0,1.0,1.0,14
15057,16,0.7272727272727273,1.0,0.8421052631578948,0.75,22,0.7272727272727273,1.0,0.8421052631578948,0.75,22,1.0,1.0,1.0,1.0,16
16573,9,0.9,1.0,0.9473684210526316,0.6666666666666666,10,0.9,1.0,0.9473684210526316,0.6666666666666666,10,1.0,1.0,1.0,1.0,9
12058,8,0.8888888888888888,1.0,0.9411764705882353,0.5,9,0.8888888888888888,1.0,0.9411764705882353,0.5,9,1.0,1.0,1.0,1.0,8
2643,16,0.7272727272727273,1.0,0.8421052631578948,0.8125,22,0.7272727272727273,1.0,0.8421052631578948,0.8125,22,1.0,1.0,1.0,1.0,16
11101,8,1.0,1.0,1.0,0.5,8,1.0,1.0,1.0,0.5,8,1.0,1.0,1.0,1.0,8
8025,9,1.0,1.0,1.0,0.6666666666666666,9,1.0,1.0,1.0,0.6666666666666666,9,1.0,1.0,1.0,1.0,9
5915,13,0.7647058823529411,1.0,0.8666666666666666,0.6923076923076923,17,0.7647058823529411,1.0,0.8666666666666666,0.6923076923076923,17,1.0,1.0,1.0,1.0,13
9625,12,1.0,1.0,1.0,0.5833333333333334,12,1.0,1.0,1.0,0.5833333333333334,12,1.0,1.0,1.0,1.0,12
15222,8,1.0,1.0,1.0,0.625,8,1.0,1.0,1.0,0.625,8,1.0,1.0,1.0,1.0,8
5554,14,0.9333333333333333,1.0,0.9655172413793104,0.7857142857142857,15,0.9333333333333333,1.0,0.9655172413793104,0.7857142857142857,15,1.0,1.0,1.0,1.0,14
7225,10,0.9090909090909091,1.0,0.9523809523809523,0.5,11,0.9090909090909091,1.0,0.9523809523809523,0.5,11,1.0,1.0,1.0,1.0,10
4863,10,0.9090909090909091,1.0,0.9523809523809523,0.7,11,0.9090909090909091,1.0,0.9523809523809523,0.7,11,1.0,1.0,1.0,1.0,10
8128,13,1.0,1.0,1.0,0.6153846153846154,13,1.0,1.0,1.0,0.6153846153846154,13,1.0,1.0,1.0,1.0,13
2338,13,0.8125,1.0,0.896551724137931,0.6923076923076923,16,0.8125,1.0,0.896551724137931,0.6923076923076923,16,1.0,1.0,1.0,1.0,13
8741,14,0.9333333333333333,1.0,0.9655172413793104,0.5,15,0.9333333333333333,1.0,0.9655172413793104,0.5,15,1.0,1.0,1.0,1.0,14
13400,8,0.8888888888888888,1.0,0.9411764705882353,0.5,9,0.8888888888888888,1.0,0.9411764705882353,0.5,9,1.0,1.0,1.0,1.0,8
7343,11,1.0,1.0,1.0,0.45454545454545453,11,1.0,1.0,1.0,0.45454545454545453,11,1.0,1.0,1.0,1.0,11
13144,9,0.9,1.0,0.9473684210526316,0.5555555555555556,10,0.9,1.0,0.9473684210526316,0.5555555555555556,10,1.0,1.0,1.0,0.8888888888888888,9
6233,10,0.8333333333333334,1.0,0.9090909090909091,0.6,12,0.8333333333333334,1.0,0.9090909090909091,0.6,12,1.0,1.0,1.0,1.0,10
10702,12,1.0,1.0,1.0,0.5833333333333334,12,1.0,1.0,1.0,0.5833333333333334,12,1.0,1.0,1.0,1.0,12
347,9,0.9,1.0,0.9473684210526316,0.5555555555555556,10,0.9,1.0,0.9473684210526316,0.5555555555555556,10,1.0,1.0,1.0,1.0,9
16796,17,0.6956521739130435,0.9411764705882353,0.7999999999999999,0.8125,23,0.68,1.0,0.8095238095238095,0.7647058823529411,25,1.0,0.9411764705882353,0.9696969696969697,1.0,16
15075,11,0.9166666666666666,1.0,0.9565217391304348,0.7272727272727273,12,0.9166666666666666,1.0,0.9565217391304348,0.7272727272727273,12,1.0,1.0,1.0,1.0,11
12333,11,1.0,1.0,1.0,0.6363636363636364,11,1.0,1.0,1.0,0.6363636363636364,11,1.0,1.0,1.0,1.0,11
13561,8,0.8,1.0,0.888888888888889,0.75,10,0.8,1.0,0.888888888888889,0.75,10,1.0,1.0,1.0,1.0,8
14387,11,1.0,1.0,1.0,0.6363636363636364,11,1.0,1.0,1.0,0.6363636363636364,11,1.0,1.0,1.0,1.0,11
11852,7,1.0,1.0,1.0,0.5714285714285714,7,1.0,1.0,1.0,0.5714285714285714,7,1.0,1.0,1.0,1.0,7
9184,10,0.7692307692307693,1.0,0.8695652173913044,0.7,13,0.7692307692307693,1.0,0.8695652173913044,0.7,13,1.0,1.0,1.0,1.0,10
14630,11,0.8461538461538461,1.0,0.9166666666666666,0.9090909090909091,13,0.8461538461538461,1.0,0.9166666666666666,0.9090909090909091,13,1.0,1.0,1.0,1.0,11
10394,10,0.9090909090909091,1.0,0.9523809523809523,0.7,11,0.9090909090909091,1.0,0.9523809523809523,0.7,11,1.0,1.0,1.0,1.0,10
6465,12,0.8571428571428571,1.0,0.923076923076923,0.5833333333333334,14,0.8571428571428571,1.0,0.923076923076923,0.5833333333333334,14,1.0,1.0,1.0,1.0,12
675,5,0.8333333333333334,1.0,0.9090909090909091,0.8,6,0.8333333333333334,1.0,0.9090909090909091,0.8,6,1.0,1.0,1.0,1.0,5
1845,12,1.0,1.0,1.0,0.75,12,1.0,1.0,1.0,0.75,12,1.0,1.0,1.0,1.0,12
10516,9,0.9,1.0,0.9473684210526316,0.6666666666666666,10,0.9,1.0,0.9473684210526316,0.6666666666666666,10,1.0,1.0,1.0,1.0,9
14806,9,1.0,1.0,1.0,0.4444444444444444,9,1.0,1.0,1.0,0.4444444444444444,9,1.0,1.0,1.0,1.0,9
13665,18,0.75,1.0,0.8571428571428571,0.6111111111111112,24,0.75,1.0,0.8571428571428571,0.6111111111111112,24,1.0,1.0,1.0,1.0,18
8040,8,0.8888888888888888,1.0,0.9411764705882353,0.75,9,0.8888888888888888,1.0,0.9411764705882353,0.75,9,1.0,1.0,1.0,1.0,8
8079,9,0.8181818181818182,1.0,0.9,0.7777777777777778,11,0.8181818181818182,1.0,0.9,0.7777777777777778,11,1.0,1.0,1.0,1.0,9
13256,9,0.8181818181818182,1.0,0.9,0.7777777777777778,11,0.8181818181818182,1.0,0.9,0.7777777777777778,11,1.0,1.0,1.0,1.0,9
16957,8,1.0,1.0,1.0,0.625,8,1.0,1.0,1.0,0.625,8,1.0,1.0,1.0,1.0,8
14145,12,0.75,1.0,0.8571428571428571,0.75,16,0.75,1.0,0.8571428571428571,0.75,16,1.0,1.0,1.0,1.0,12
1768,15,0.7894736842105263,1.0,0.8823529411764706,0.8,19,0.7894736842105263,1.0,0.8823529411764706,0.8666666666666667,19,1.0,1.0,1.0,1.0,15
14560,11,0.9166666666666666,1.0,0.9565217391304348,0.7272727272727273,12,0.9166666666666666,1.0,0.9565217391304348,0.7272727272727273,12,1.0,1.0,1.0,1.0,11
929,9,1.0,1.0,1.0,0.5555555555555556,9,1.0,1.0,1.0,0.5555555555555556,9,1.0,1.0,1.0,1.0,9
7255,11,0.7857142857142857,1.0,0.88,0.6363636363636364,14,0.7857142857142857,1.0,0.88,0.6363636363636364,14,1.0,1.0,1.0,1.0,11
1586,11,1.0,0.9090909090909091,0.9523809523809523,0.7,10,1.0,1.0,1.0,0.6363636363636364,11,1.0,0.9090909090909091,0.9523809523809523,1.0,10
13326,9,1.0,1.0,1.0,0.5555555555555556,9,1.0,1.0,1.0,0.5555555555555556,9,1.0,1.0,1.0,1.0,9
3471,10,1.0,1.0,1.0,0.9,10,1.0,1.0,1.0,0.9,10,1.0,1.0,1.0,1.0,10
328,8,1.0,1.0,1.0,0.5,8,1.0,1.0,1.0,0.5,8,1.0,1.0,1.0,1.0,8
11183,9,0.8181818181818182,1.0,0.9,0.8888888888888888,11,0.8181818181818182,1.0,0.9,0.8888888888888888,11,1.0,1.0,1.0,1.0,9
16308,7,1.0,1.0,1.0,0.7142857142857143,7,1.0,1.0,1.0,0.7142857142857143,7,1.0,1.0,1.0,1.0,7
2594,15,0.9375,1.0,0.967741935483871,0.7333333333333333,16,0.9375,1.0,0.967741935483871,0.7333333333333333,16,1.0,1.0,1.0,1.0,15
3902,11,0.8461538461538461,1.0,0.9166666666666666,0.8181818181818182,13,0.8461538461538461,1.0,0.9166666666666666,0.8181818181818182,13,1.0,1.0,1.0,1.0,11
14081,10,0.9090909090909091,1.0,0.9523809523809523,0.6,11,0.9090909090909091,1.0,0.9523809523809523,0.6,11,1.0,1.0,1.0,1.0,10
9063,17,0.85,1.0,0.9189189189189189,0.8235294117647058,20,0.85,1.0,0.9189189189189189,0.8235294117647058,20,1.0,1.0,1.0,1.0,17
3672,10,0.9090909090909091,1.0,0.9523809523809523,0.6,11,0.9090909090909091,1.0,0.9523809523809523,0.6,11,1.0,1.0,1.0,1.0,10
6376,8,0.8,1.0,0.888888888888889,0.625,10,0.8,1.0,0.888888888888889,0.625,10,1.0,1.0,1.0,1.0,8
10467,7,1.0,1.0,1.0,0.7142857142857143,7,1.0,1.0,1.0,0.7142857142857143,7,1.0,1.0,1.0,1.0,7
12340,14,0.875,1.0,0.9333333333333333,0.8571428571428571,16,0.875,1.0,0.9333333333333333,0.8571428571428571,16,1.0,1.0,1.0,1.0,14
15912,9,0.9,1.0,0.9473684210526316,0.5555555555555556,10,0.9,1.0,0.9473684210526316,0.5555555555555556,10,1.0,1.0,1.0,1.0,9
6811,13,0.9285714285714286,1.0,0.962962962962963,0.6153846153846154,14,0.9285714285714286,1.0,0.962962962962963,0.6153846153846154,14,1.0,1.0,1.0,1.0,13
5636,23,0.7931034482758621,1.0,0.8846153846153846,0.7391304347826086,29,0.7931034482758621,1.0,0.8846153846153846,0.7391304347826086,29,1.0,0.9565217391304348,0.9777777777777777,1.0,22
9106,8,0.8888888888888888,1.0,0.9411764705882353,0.75,9,0.8888888888888888,1.0,0.9411764705882353,0.75,9,1.0,1.0,1.0,1.0,8
4932,15,0.6818181818181818,1.0,0.8108108108108109,0.8,22,0.6818181818181818,1.0,0.8108108108108109,0.8,22,1.0,1.0,1.0,1.0,15
16302,10,1.0,1.0,1.0,0.6,10,1.0,1.0,1.0,0.6,10,1.0,1.0,1.0,1.0,10
5377,9,0.9,1.0,0.9473684210526316,0.7777777777777778,10,0.9,1.0,0.9473684210526316,0.7777777777777778,10,1.0,1.0,1.0,1.0,9
13748,7,0.7,1.0,0.8235294117647058,0.5714285714285714,10,0.7,1.0,0.8235294117647058,0.5714285714285714,10,1.0,1.0,1.0,1.0,7
5438,7,0.7777777777777778,1.0,0.8750000000000001,0.7142857142857143,9,0.7777777777777778,1.0,0.8750000000000001,0.7142857142857143,9,1.0,1.0,1.0,1.0,7
14916,12,0.8571428571428571,1.0,0.923076923076923,0.75,14,0.8571428571428571,1.0,0.923076923076923,0.75,14,1.0,1.0,1.0,1.0,12
16443,10,1.0,1.0,1.0,0.7,10,1.0,1.0,1.0,0.7,10,1.0,1.0,1.0,1.0,10
12336,11,0.9166666666666666,1.0,0.9565217391304348,0.9090909090909091,12,0.9166666666666666,1.0,0.9565217391304348,0.9090909090909091,12,1.0,1.0,1.0,1.0,11
16038,8,1.0,1.0,1.0,0.875,8,1.0,1.0,1.0,0.875,8,1.0,1.0,1.0,1.0,8
1630,12,1.0,1.0,1.0,0.6666666666666666,12,1.0,1.0,1.0,0.6666666666666666,12,1.0,1.0,1.0,1.0,12
4010,8,0.8888888888888888,1.0,0.9411764705882353,0.625,9,0.8888888888888888,1.0,0.9411764705882353,0.625,9,1.0,1.0,1.0,1.0,8
17008,7,1.0,1.0,1.0,0.5714285714285714,7,1.0,1.0,1.0,0.5714285714285714,7,1.0,1.0,1.0,1.0,7
10877,15,0.7142857142857143,1.0,0.8333333333333333,0.8666666666666667,21,0.7142857142857143,1.0,0.8333333333333333,0.8666666666666667,21,1.0,1.0,1.0,1.0,15
5146,11,1.0,1.0,1.0,0.7272727272727273,11,1.0,1.0,1.0,0.7272727272727273,11,1.0,1.0,1.0,1.0,11
9961,17,0.5,1.0,0.6666666666666666,0.8823529411764706,34,0.5,1.0,0.6666666666666666,0.8823529411764706,34,1.0,1.0,1.0,1.0,17
1538,11,0.9166666666666666,1.0,0.9565217391304348,0.5454545454545454,12,0.9166666666666666,1.0,0.9565217391304348,0.5454545454545454,12,0.9166666666666666,1.0,0.9565217391304348,1.0,12
12359,6,1.0,1.0,1.0,1.0,6,1.0,1.0,1.0,1.0,6,1.0,1.0,1.0,1.0,6
10378,12,1.0,1.0,1.0,0.8333333333333334,12,1.0,1.0,1.0,0.8333333333333334,12,1.0,1.0,1.0,1.0,12
1252,12,0.75,1.0,0.8571428571428571,0.6666666666666666,16,0.75,1.0,0.8571428571428571,0.6666666666666666,16,1.0,1.0,1.0,1.0,12
8375,15,0.8333333333333334,1.0,0.9090909090909091,0.8666666666666667,18,0.8333333333333334,1.0,0.9090909090909091,0.8666666666666667,18,1.0,1.0,1.0,1.0,15
9319,10,0.9090909090909091,1.0,0.9523809523809523,0.6,11,0.9090909090909091,1.0,0.9523809523809523,0.6,11,1.0,1.0,1.0,1.0,10
3099,16,0.9411764705882353,1.0,0.9696969696969697,0.6875,17,0.9411764705882353,1.0,0.9696969696969697,0.6875,17,1.0,1.0,1.0,1.0,16
3412,8,1.0,1.0,1.0,0.625,8,1.0,1.0,1.0,0.625,8,1.0,1.0,1.0,1.0,8
4256,9,0.9,1.0,0.9473684210526316,0.6666666666666666,10,0.9,1.0,0.9473684210526316,0.6666666666666666,10,1.0,1.0,1.0,1.0,9
6688,14,1.0,1.0,1.0,0.6428571428571429,14,1.0,1.0,1.0,0.6428571428571429,14,1.0,1.0,1.0,1.0,14
7990,13,0.9285714285714286,1.0,0.962962962962963,0.7692307692307693,14,0.9285714285714286,1.0,0.962962962962963,0.7692307692307693,14,1.0,1.0,1.0,1.0,13
6647,8,1.0,1.0,1.0,0.625,8,1.0,1.0,1.0,0.625,8,1.0,1.0,1.0,1.0,8
3756,6,0.8571428571428571,1.0,0.923076923076923,0.6666666666666666,7,0.8571428571428571,1.0,0.923076923076923,0.6666666666666666,7,1.0,1.0,1.0,1.0,6
9214,12,1.0,1.0,1.0,0.75,12,1.0,1.0,1.0,0.75,12,1.0,1.0,1.0,1.0,12
5359,17,1.0,1.0,1.0,0.8235294117647058,17,1.0,1.0,1.0,0.8235294117647058,17,1.0,1.0,1.0,1.0,17
14415,16,0.9411764705882353,1.0,0.9696969696969697,0.5625,17,0.9411764705882353,1.0,0.9696969696969697,0.5625,17,1.0,1.0,1.0,1.0,16
4329,11,1.0,1.0,1.0,0.7272727272727273,11,1.0,1.0,1.0,0.7272727272727273,11,1.0,1.0,1.0,1.0,11
5445,12,1.0,1.0,1.0,0.8333333333333334,12,1.0,1.0,1.0,0.8333333333333334,12,1.0,1.0,1.0,1.0,12
12355,8,1.0,1.0,1.0,0.625,8,1.0,1.0,1.0,0.625,8,1.0,1.0,1.0,1.0,8
10640,7,0.875,1.0,0.9333333333333333,0.7142857142857143,8,0.875,1.0,0.9333333333333333,0.7142857142857143,8,1.0,1.0,1.0,1.0,7
192,9,0.8181818181818182,1.0,0.9,0.8888888888888888,11,0.8181818181818182,1.0,0.9,0.8888888888888888,11,1.0,1.0,1.0,1.0,9
13557,11,0.8461538461538461,1.0,0.9166666666666666,0.7272727272727273,13,0.8461538461538461,1.0,0.9166666666666666,0.8181818181818182,13,0.9166666666666666,1.0,0.9565217391304348,1.0,12
3649,15,0.7894736842105263,1.0,0.8823529411764706,0.6,19,0.7894736842105263,1.0,0.8823529411764706,0.6,19,1.0,1.0,1.0,1.0,15
536,9,0.9,1.0,0.9473684210526316,0.5555555555555556,10,0.9,1.0,0.9473684210526316,0.5555555555555556,10,1.0,1.0,1.0,1.0,9
16630,15,0.8823529411764706,1.0,0.9375,0.8,17,0.8823529411764706,1.0,0.9375,0.8,17,1.0,1.0,1.0,1.0,15
5065,7,0.7777777777777778,1.0,0.8750000000000001,0.7142857142857143,9,0.7777777777777778,1.0,0.8750000000000001,0.7142857142857143,9,1.0,1.0,1.0,1.0,7
7767,16,0.8421052631578947,1.0,0.9142857142857143,0.8125,19,0.8421052631578947,1.0,0.9142857142857143,0.8125,19,1.0,1.0,1.0,1.0,16
8478,15,0.8333333333333334,1.0,0.9090909090909091,0.8,18,0.8333333333333334,1.0,0.9090909090909091,0.8,18,1.0,1.0,1.0,1.0,15
11172,12,1.0,1.0,1.0,0.5833333333333334,12,1.0,1.0,1.0,0.5833333333333334,12,1.0,1.0,1.0,1.0,12
1499,10,0.9090909090909091,1.0,0.9523809523809523,0.5,11,0.9090909090909091,1.0,0.9523809523809523,0.5,11,1.0,1.0,1.0,1.0,10
14854,9,0.9,1.0,0.9473684210526316,0.7777777777777778,10,0.9,1.0,0.9473684210526316,0.7777777777777778,10,1.0,1.0,1.0,1.0,9
13867,10,1.0,1.0,1.0,0.6,10,1.0,1.0,1.0,0.6,10,1.0,1.0,1.0,1.0,10
6001,14,1.0,1.0,1.0,0.6428571428571429,14,1.0,1.0,1.0,0.6428571428571429,14,1.0,1.0,1.0,1.0,14
9941,16,0.9411764705882353,1.0,0.9696969696969697,0.75,17,0.9411764705882353,1.0,0.9696969696969697,0.75,17,1.0,1.0,1.0,1.0,16
10373,22,0.9166666666666666,1.0,0.9565217391304348,0.7727272727272727,24,0.9166666666666666,1.0,0.9565217391304348,0.8181818181818182,24,1.0,1.0,1.0,1.0,22
13485,15,0.7894736842105263,1.0,0.8823529411764706,0.6666666666666666,19,0.7894736842105263,1.0,0.8823529411764706,0.6666666666666666,19,1.0,1.0,1.0,1.0,15
14210,14,0.9333333333333333,1.0,0.9655172413793104,0.6428571428571429,15,0.9333333333333333,1.0,0.9655172413793104,0.6428571428571429,15,1.0,1.0,1.0,1.0,14
13658,11,1.0,1.0,1.0,0.8181818181818182,11,1.0,1.0,1.0,0.8181818181818182,11,1.0,1.0,1.0,1.0,11
10848,12,1.0,1.0,1.0,0.75,12,1.0,1.0,1.0,0.75,12,1.0,1.0,1.0,1.0,12
55,10,0.9090909090909091,1.0,0.9523809523809523,0.9,11,0.9090909090909091,1.0,0.9523809523809523,0.9,11,1.0,1.0,1.0,1.0,10
8177,7,1.0,1.0,1.0,0.7142857142857143,7,1.0,1.0,1.0,0.7142857142857143,7,1.0,1.0,1.0,1.0,7
12490,13,1.0,1.0,1.0,0.7692307692307693,13,1.0,1.0,1.0,0.7692307692307693,13,1.0,1.0,1.0,1.0,13
6431,10,0.9090909090909091,1.0,0.9523809523809523,0.6,11,0.9090909090909091,1.0,0.9523809523809523,0.6,11,1.0,1.0,1.0,1.0,10
8956,11,0.6,0.8181818181818182,0.6923076923076923,0.6666666666666666,15,0.55,1.0,0.7096774193548387,0.45454545454545453,20,1.0,0.8181818181818182,0.9,1.0,9
5327,9,0.9,1.0,0.9473684210526316,0.7777777777777778,10,0.9,1.0,0.9473684210526316,0.7777777777777778,10,1.0,1.0,1.0,1.0,9
12138,9,0.6,1.0,0.7499999999999999,0.8888888888888888,15,0.6,1.0,0.7499999999999999,0.8888888888888888,15,1.0,1.0,1.0,1.0,9
14820,14,0.875,1.0,0.9333333333333333,0.7857142857142857,16,0.875,1.0,0.9333333333333333,0.7857142857142857,16,1.0,1.0,1.0,1.0,14
13773,15,0.9375,1.0,0.967741935483871,0.6,16,0.9375,1.0,0.967741935483871,0.6666666666666666,16,1.0,1.0,1.0,1.0,15
10294,10,1.0,1.0,1.0,0.7,10,1.0,1.0,1.0,0.7,10,1.0,1.0,1.0,1.0,10
1822,11,1.0,1.0,1.0,0.6363636363636364,11,1.0,1.0,1.0,0.6363636363636364,11,1.0,1.0,1.0,1.0,11
7422,13,0.8666666666666667,1.0,0.9285714285714286,0.6923076923076923,15,0.8666666666666667,1.0,0.9285714285714286,0.6923076923076923,15,1.0,1.0,1.0,1.0,13
6135,8,1.0,1.0,1.0,0.75,8,1.0,1.0,1.0,0.75,8,1.0,1.0,1.0,1.0,8
9552,9,1.0,1.0,1.0,0.6666666666666666,9,1.0,1.0,1.0,0.6666666666666666,9,1.0,1.0,1.0,1.0,9
3080,21,0.9545454545454546,1.0,0.9767441860465117,0.8095238095238095,22,0.9545454545454546,1.0,0.9767441860465117,0.8095238095238095,22,1.0,0.9523809523809523,0.975609756097561,1.0,20
2315,12,1.0,1.0,1.0,0.6666666666666666,12,1.0,1.0,1.0,0.6666666666666666,12,1.0,1.0,1.0,1.0,12
16294,12,1.0,1.0,1.0,0.75,12,1.0,1.0,1.0,0.75,12,1.0,1.0,1.0,1.0,12
8252,13,1.0,1.0,1.0,0.8461538461538461,13,1.0,1.0,1.0,0.8461538461538461,13,1.0,1.0,1.0,1.0,13
2451,15,0.9375,1.0,0.967741935483871,0.7333333333333333,16,0.9375,1.0,0.967741935483871,0.7333333333333333,16,1.0,1.0,1.0,1.0,15
15516,10,0.8333333333333334,1.0,0.9090909090909091,0.6,12,0.8333333333333334,1.0,0.9090909090909091,0.6,12,1.0,1.0,1.0,1.0,10
11169,10,1.0,1.0,1.0,0.6,10,1.0,1.0,1.0,0.6,10,1.0,1.0,1.0,1.0,10
6204,20,1.0,1.0,1.0,0.7,20,1.0,1.0,1.0,0.7,20,1.0,1.0,1.0,1.0,20
11463,9,1.0,1.0,1.0,0.6666666666666666,9,1.0,1.0,1.0,0.6666666666666666,9,1.0,1.0,1.0,1.0,9
11434,10,0.625,1.0,0.7692307692307693,0.7,16,0.625,1.0,0.7692307692307693,0.7,16,1.0,1.0,1.0,1.0,10
16899,10,0.9090909090909091,1.0,0.9523809523809523,0.6,11,0.9090909090909091,1.0,0.9523809523809523,0.6,11,1.0,1.0,1.0,1.0,10
13898,15,0.9375,1.0,0.967741935483871,0.6666666666666666,16,0.9375,1.0,0.967741935483871,0.6666666666666666,16,1.0,1.0,1.0,1.0,15
14295,8,1.0,1.0,1.0,0.625,8,1.0,1.0,1.0,0.625,8,1.0,1.0,1.0,1.0,8
6707,9,1.0,1.0,1.0,0.5555555555555556,9,1.0,1.0,1.0,0.5555555555555556,9,1.0,1.0,1.0,1.0,9
2885,7,0.875,1.0,0.9333333333333333,0.7142857142857143,8,0.875,1.0,0.9333333333333333,0.7142857142857143,8,1.0,1.0,1.0,1.0,7
10853,9,0.8181818181818182,1.0,0.9,0.5555555555555556,11,0.8181818181818182,1.0,0.9,0.5555555555555556,11,1.0,1.0,1.0,1.0,9
12191,10,1.0,1.0,1.0,0.8,10,1.0,1.0,1.0,0.8,10,1.0,1.0,1.0,1.0,10
392,11,0.8461538461538461,1.0,0.9166666666666666,0.6363636363636364,13,0.8461538461538461,1.0,0.9166666666666666,0.6363636363636364,13,1.0,1.0,1.0,1.0,11
